basin,date,lat,lon,gear,sci_name,species,n
Barataria,1992-01-22,29.52528,-90.08611,Gillnet,Sciaenops Ocellatus,Red Drum,4
Barataria,1992-04-08,29.52528,-90.08611,Gillnet,Pogonias Cromis,Black Drum,16
Barataria,1992-04-29,29.52528,-90.08611,Gillnet,Pogonias Cromis,Black Drum,1
Barataria,1992-05-20,29.52528,-90.08611,Gillnet,Pogonias Cromis,Black Drum,1
Barataria,1992-06-23,29.52528,-90.08611,Gillnet,Atractosteus Spatula,Alligator Gar,1
Barataria,1992-07-31,29.52528,-90.08611,Gillnet,Atractosteus Spatula,Alligator Gar,1
Barataria,1992-07-31,29.52528,-90.08611,Gillnet,Sciaenops Ocellatus,Red Drum,1
Barataria,1992-08-12,29.52528,-90.08611,Gillnet,Archosargus Probatocephalus,Sheepshead,9
Barataria,1992-08-12,29.52528,-90.08611,Gillnet,Pogonias Cromis,Black Drum,81
Barataria,1992-08-12,29.52528,-90.08611,Gillnet,Sciaenops Ocellatus,Red Drum,1
Barataria,1992-09-09,29.52528,-90.08611,Gillnet,Atractosteus Spatula,Alligator Gar,4
Barataria,1992-09-09,29.52528,-90.08611,Gillnet,Pogonias Cromis,Black Drum,9
Barataria,1992-09-09,29.52528,-90.08611,Gillnet,Sciaenops Ocellatus,Red Drum,1
Barataria,1992-10-14,29.52528,-90.08611,Gillnet,Sciaenops Ocellatus,Red Drum,1
Barataria,1992-11-17,29.52528,-90.08611,Gillnet,Pogonias Cromis,Black Drum,4
Barataria,1992-12-16,29.52528,-90.08611,Gillnet,Archosargus Probatocephalus,Sheepshead,1
Barataria,1992-12-16,29.52528,-90.08611,Gillnet,Pogonias Cromis,Black Drum,16
Barataria,1993-01-28,29.52528,-90.08611,Gillnet,Micropterus Salmoides,Largemouth Bass,1
Barataria,1993-02-09,29.52528,-90.08611,Gillnet,Sciaenops Ocellatus,Red Drum,64
Barataria,1993-03-24,29.52528,-90.08611,Gillnet,Micropterus Salmoides,Largemouth Bass,16
Barataria,1993-04-20,29.52528,-90.08611,Gillnet,Sciaenops Ocellatus,Red Drum,1
Barataria,1993-04-29,29.52528,-90.08611,Gillnet,Ictalurus Punctatus,Channel Catfish,1
Barataria,1993-05-25,29.52528,-90.08611,Gillnet,Atractosteus Spatula,Alligator Gar,1
Barataria,1993-06-22,29.52528,-90.08611,Gillnet,Sciaenops Ocellatus,Red Drum,1
Barataria,1993-07-15,29.52528,-90.08611,Gillnet,Dorosoma Petenense,Threadfin Shad,1
Barataria,1993-07-15,29.52528,-90.08611,Gillnet,Sciaenops Ocellatus,Red Drum,4
Barataria,1993-08-26,29.52528,-90.08611,Gillnet,Ictalurus Punctatus,Channel Catfish,1
Barataria,1993-09-16,29.52528,-90.08611,Gillnet,Dorosoma Petenense,Threadfin Shad,1
Barataria,1993-09-21,29.52528,-90.08611,Gillnet,Ictalurus Punctatus,Channel Catfish,16
Barataria,1993-10-06,29.52528,-90.08611,Gillnet,Dorosoma Petenense,Threadfin Shad,5
Barataria,1993-10-06,29.52528,-90.08611,Gillnet,Pogonias Cromis,Black Drum,4
Barataria,1993-11-16,29.52528,-90.08611,Gillnet,Dorosoma Petenense,Threadfin Shad,1
Barataria,1994-01-12,29.52528,-90.08611,Gillnet,Ictalurus Punctatus,Channel Catfish,1
Barataria,1994-01-12,29.52528,-90.08611,Gillnet,Micropterus Salmoides,Largemouth Bass,1
Barataria,1994-02-02,29.52528,-90.08611,Gillnet,Dorosoma Cepedianum,Gizzard Shad,3
Barataria,1994-02-02,29.52528,-90.08611,Gillnet,Micropterus Salmoides,Largemouth Bass,1
Barataria,1994-02-02,29.52528,-90.08611,Gillnet,Sciaenops Ocellatus,Red Drum,1
Barataria,1994-03-30,29.52528,-90.08611,Gillnet,Micropterus Salmoides,Largemouth Bass,1
Barataria,1994-03-30,29.52528,-90.08611,Gillnet,Mugil Cephalus,Striped Mullet,1
Barataria,1994-03-30,29.52528,-90.08611,Gillnet,Sciaenops Ocellatus,Red Drum,4
Barataria,1994-04-19,29.52528,-90.08611,Gillnet,Dorosoma Petenense,Threadfin Shad,1
Barataria,1994-04-19,29.52528,-90.08611,Gillnet,Pogonias Cromis,Black Drum,49
Barataria,1994-05-24,29.52528,-90.08611,Gillnet,Paralichthys Lethostigma,Southern Flounder,1
Barataria,1994-05-24,29.52528,-90.08611,Gillnet,Pogonias Cromis,Black Drum,1
Barataria,1994-09-20,29.52528,-90.08611,Gillnet,Pogonias Cromis,Black Drum,1
Barataria,1994-12-28,29.52528,-90.08611,Gillnet,Cynoscion Nebulosus,Spotted Seatrout,1
Barataria,1994-12-28,29.52528,-90.08611,Gillnet,Dorosoma Petenense,Threadfin Shad,8
Barataria,1994-12-28,29.52528,-90.08611,Gillnet,Pogonias Cromis,Black Drum,1
Barataria,1994-12-28,29.52528,-90.08611,Gillnet,Sciaenops Ocellatus,Red Drum,1
Barataria,1995-01-10,29.52528,-90.08611,Gillnet,Micropterus Salmoides,Largemouth Bass,9
Barataria,1995-01-10,29.52528,-90.08611,Gillnet,Pogonias Cromis,Black Drum,9
Barataria,1995-01-10,29.52528,-90.08611,Gillnet,Sciaenops Ocellatus,Red Drum,49
Barataria,1995-02-22,29.52528,-90.08611,Gillnet,Dorosoma Petenense,Threadfin Shad,1
Barataria,1995-02-22,29.52528,-90.08611,Gillnet,Pogonias Cromis,Black Drum,4
Barataria,1995-02-22,29.52528,-90.08611,Gillnet,Sciaenops Ocellatus,Red Drum,1
Barataria,1995-06-08,29.52528,-90.08611,Gillnet,Sciaenops Ocellatus,Red Drum,1
Barataria,1995-09-21,29.52528,-90.08611,Gillnet,Pogonias Cromis,Black Drum,1
Barataria,1995-11-16,29.52528,-90.08611,Gillnet,Sciaenops Ocellatus,Red Drum,1
Barataria,1996-04-25,29.52528,-90.08611,Gillnet,Callinectes Sapidus,Blue Crab,1
Barataria,1996-05-07,29.52528,-90.08611,Gillnet,Sciaenops Ocellatus,Red Drum,4
Barataria,1996-05-23,29.52528,-90.08611,Gillnet,Atractosteus Spatula,Alligator Gar,1
Barataria,1996-05-23,29.52528,-90.08611,Gillnet,Micropogonias Undulatus,Atlantic Croaker,1
Barataria,1996-07-24,29.52528,-90.08611,Gillnet,Pogonias Cromis,Black Drum,1
Barataria,1996-07-24,29.52528,-90.08611,Gillnet,Sciaenops Ocellatus,Red Drum,4
Barataria,1996-07-30,29.52528,-90.08611,Gillnet,Elops Saurus,Ladyfish,1
Barataria,1996-09-04,29.52528,-90.08611,Gillnet,Arius Felis,Sea Catfish,1
Barataria,1996-09-04,29.52528,-90.08611,Gillnet,Bairdiella Chrysoura,Silver Perch,1
Barataria,1996-09-04,29.52528,-90.08611,Gillnet,Caranx Hippos,Crevalle Jack,4
Barataria,1996-09-04,29.52528,-90.08611,Gillnet,Lagodon Rhomboides,Pinfish,1
Barataria,1996-09-11,29.52528,-90.08611,Gillnet,Callinectes Sapidus,Blue Crab,4
Barataria,1996-09-11,29.52528,-90.08611,Gillnet,Elops Saurus,Ladyfish,1
Barataria,1996-09-11,29.52528,-90.08611,Gillnet,Sciaenops Ocellatus,Red Drum,1
Barataria,1996-11-12,29.52528,-90.08611,Gillnet,Sciaenops Ocellatus,Red Drum,1
Barataria,1997-01-21,29.52528,-90.08611,Gillnet,Pogonias Cromis,Black Drum,4
Barataria,1997-04-02,29.52528,-90.08611,Gillnet,Archosargus Probatocephalus,Sheepshead,1
Barataria,1997-04-02,29.52528,-90.08611,Gillnet,Sciaenops Ocellatus,Red Drum,1
Barataria,1997-06-04,29.52528,-90.08611,Gillnet,Sciaenops Ocellatus,Red Drum,1
Barataria,1997-08-13,29.52528,-90.08611,Gillnet,Pogonias Cromis,Black Drum,49
Barataria,1997-11-11,29.52528,-90.08611,Gillnet,Archosargus Probatocephalus,Sheepshead,1
Barataria,1997-12-10,29.52528,-90.08611,Gillnet,Dorosoma Petenense,Threadfin Shad,4
Barataria,1997-12-10,29.52528,-90.08611,Gillnet,Ictalurus Punctatus,Channel Catfish,1
Barataria,1998-01-15,29.52528,-90.08611,Gillnet,Archosargus Probatocephalus,Sheepshead,1
Barataria,1998-02-12,29.52528,-90.08611,Gillnet,Pogonias Cromis,Black Drum,1600
Barataria,1998-04-22,29.52528,-90.08611,Gillnet,Arius Felis,Sea Catfish,1
Barataria,1998-05-20,29.52528,-90.08611,Gillnet,Cynoscion Nebulosus,Spotted Seatrout,1
Barataria,1998-06-09,29.52528,-90.08611,Gillnet,Callinectes Sapidus,Blue Crab,1
Barataria,1998-06-09,29.52528,-90.08611,Gillnet,Cynoscion Nebulosus,Spotted Seatrout,1
Barataria,1998-06-09,29.52528,-90.08611,Gillnet,Pogonias Cromis,Black Drum,81
Barataria,1998-09-16,29.52528,-90.08611,Gillnet,Arius Felis,Sea Catfish,1
Barataria,1998-10-14,29.52528,-90.08611,Gillnet,Callinectes Sapidus,Blue Crab,1
Barataria,1998-12-02,29.52528,-90.08611,Gillnet,Archosargus Probatocephalus,Sheepshead,1
Barataria,1998-12-02,29.52528,-90.08611,Gillnet,Dorosoma Petenense,Threadfin Shad,4
Barataria,1999-01-13,29.52528,-90.08611,Gillnet,Pogonias Cromis,Black Drum,16
Barataria,1999-03-23,29.52528,-90.08611,Gillnet,Cynoscion Nebulosus,Spotted Seatrout,1
Barataria,1999-04-07,29.52528,-90.08611,Gillnet,Cynoscion Nebulosus,Spotted Seatrout,81
Barataria,1999-04-20,29.52528,-90.08611,Gillnet,Cynoscion Nebulosus,Spotted Seatrout,1
Barataria,1999-05-12,29.52528,-90.08611,Gillnet,Arius Felis,Sea Catfish,4
Barataria,1999-05-12,29.52528,-90.08611,Gillnet,Cynoscion Nebulosus,Spotted Seatrout,1
Barataria,1999-05-25,29.52528,-90.08611,Gillnet,Callinectes Sapidus,Blue Crab,1
Barataria,1999-05-25,29.52528,-90.08611,Gillnet,Micropogonias Undulatus,Atlantic Croaker,1
Barataria,1999-06-09,29.52528,-90.08611,Gillnet,Sciaenops Ocellatus,Red Drum,1
Barataria,1999-08-11,29.52528,-90.08611,Gillnet,Archosargus Probatocephalus,Sheepshead,1
Barataria,1999-08-19,29.52528,-90.08611,Gillnet,Arius Felis,Sea Catfish,4
Barataria,2000-01-12,29.52528,-90.08611,Gillnet,Pogonias Cromis,Black Drum,16
Barataria,2000-04-18,29.52528,-90.08611,Gillnet,Arius Felis,Sea Catfish,4
Barataria,2000-04-18,29.52528,-90.08611,Gillnet,Cynoscion Nebulosus,Spotted Seatrout,9
Barataria,2000-04-18,29.52528,-90.08611,Gillnet,Pogonias Cromis,Black Drum,1
Barataria,2000-04-26,29.52528,-90.08611,Gillnet,Cynoscion Nebulosus,Spotted Seatrout,1
Barataria,2000-05-09,29.52528,-90.08611,Gillnet,Sciaenops Ocellatus,Red Drum,1
Barataria,2000-05-23,29.52528,-90.08611,Gillnet,Brevoortia Patronus,Gulf Menhaden,324
Barataria,2000-05-23,29.52528,-90.08611,Gillnet,Cynoscion Nebulosus,Spotted Seatrout,81
Barataria,2000-05-23,29.52528,-90.08611,Gillnet,Micropogonias Undulatus,Atlantic Croaker,25
Barataria,2000-06-21,29.52528,-90.08611,Gillnet,Cynoscion Nebulosus,Spotted Seatrout,1
Barataria,2000-08-09,29.52528,-90.08611,Gillnet,Arius Felis,Sea Catfish,9
Barataria,2000-08-09,29.52528,-90.08611,Gillnet,Callinectes Sapidus,Blue Crab,1
Barataria,2000-08-09,29.52528,-90.08611,Gillnet,Cynoscion Nebulosus,Spotted Seatrout,1
Barataria,2000-08-09,29.52528,-90.08611,Gillnet,Micropogonias Undulatus,Atlantic Croaker,1
Barataria,2000-08-24,29.52528,-90.08611,Gillnet,Arius Felis,Sea Catfish,4
Barataria,2000-09-13,29.52528,-90.08611,Gillnet,Cynoscion Nebulosus,Spotted Seatrout,1
Barataria,2000-09-27,29.52528,-90.08611,Gillnet,Cynoscion Arenarius,Sand Seatrout,1
Barataria,2000-09-27,29.52528,-90.08611,Gillnet,Cynoscion Nebulosus,Spotted Seatrout,1
Barataria,2000-09-27,29.52528,-90.08611,Gillnet,Dorosoma Petenense,Threadfin Shad,1
Barataria,2000-09-27,29.52528,-90.08611,Gillnet,Micropogonias Undulatus,Atlantic Croaker,4
Barataria,2000-12-06,29.52528,-90.08611,Gillnet,Archosargus Probatocephalus,Sheepshead,4
Barataria,2001-03-13,29.52528,-90.08611,Gillnet,Arius Felis,Sea Catfish,1
Barataria,2001-03-13,29.52528,-90.08611,Gillnet,Pogonias Cromis,Black Drum,9
Barataria,2001-04-19,29.52528,-90.08611,Gillnet,Arius Felis,Sea Catfish,16
Barataria,2001-04-24,29.52528,-90.08611,Gillnet,Cynoscion Nebulosus,Spotted Seatrout,16
Barataria,2001-05-17,29.52528,-90.08611,Gillnet,Arius Felis,Sea Catfish,1
Barataria,2001-05-17,29.52528,-90.08611,Gillnet,Cynoscion Nebulosus,Spotted Seatrout,1
Barataria,2001-07-17,29.52528,-90.08611,Gillnet,Arius Felis,Sea Catfish,225
Barataria,2001-07-24,29.52528,-90.08611,Gillnet,Carcharhinus Leucas,Bull Shark,1
Barataria,2002-05-29,29.52528,-90.08611,Gillnet,Callinectes Sapidus,Blue Crab,1
Barataria,2002-07-24,29.52528,-90.08611,Gillnet,Callinectes Sapidus,Blue Crab,1
Barataria,2002-08-27,29.52528,-90.08611,Gillnet,Bagre Marinus,Gafftopsail Catfish,1
Barataria,2002-08-27,29.52528,-90.08611,Gillnet,Callinectes Sapidus,Blue Crab,1
Barataria,2003-02-20,29.52528,-90.08611,Gillnet,Menippe Mercenaria,Florida Stone Crab,1
Barataria,2003-05-28,29.52528,-90.08611,Gillnet,Cynoscion Nebulosus,Spotted Seatrout,1
Barataria,2003-07-22,29.52528,-90.08611,Gillnet,Callinectes Sapidus,Blue Crab,1
Barataria,2003-08-04,29.52528,-90.08611,Gillnet,Arius Felis,Sea Catfish,1
Barataria,2003-08-04,29.52528,-90.08611,Gillnet,Callinectes Sapidus,Blue Crab,168
Barataria,2003-09-23,29.52528,-90.08611,Gillnet,Arius Felis,Sea Catfish,1
Barataria,2003-10-13,29.52528,-90.08611,Gillnet,Arius Felis,Sea Catfish,1
Barataria,2003-10-13,29.52528,-90.08611,Gillnet,Callinectes Sapidus,Blue Crab,16
Barataria,2003-10-13,29.52528,-90.08611,Gillnet,Cynoscion Nebulosus,Spotted Seatrout,1
Barataria,2003-11-10,29.52528,-90.08611,Gillnet,Cynoscion Nebulosus,Spotted Seatrout,1
Barataria,2004-03-02,29.52528,-90.08611,Gillnet,Archosargus Probatocephalus,Sheepshead,1
Barataria,2004-03-02,29.52528,-90.08611,Gillnet,Arius Felis,Sea Catfish,1
Barataria,2004-03-02,29.52528,-90.08611,Gillnet,Atractosteus Spatula,Alligator Gar,1
Barataria,2004-03-02,29.52528,-90.08611,Gillnet,Dorosoma Cepedianum,Gizzard Shad,1
Barataria,2004-04-01,29.52528,-90.08611,Gillnet,Arius Felis,Sea Catfish,1
Barataria,2004-04-01,29.52528,-90.08611,Gillnet,Pogonias Cromis,Black Drum,9
Barataria,2004-05-19,29.52528,-90.08611,Gillnet,Archosargus Probatocephalus,Sheepshead,1
Barataria,2004-05-19,29.52528,-90.08611,Gillnet,Pogonias Cromis,Black Drum,81
Barataria,2004-08-17,29.52528,-90.08611,Gillnet,Dorosoma Cepedianum,Gizzard Shad,1
Barataria,2004-08-17,29.52528,-90.08611,Gillnet,Pogonias Cromis,Black Drum,1
Barataria,2004-09-20,29.52528,-90.08611,Gillnet,Arius Felis,Sea Catfish,1
Barataria,2004-10-27,29.52528,-90.08611,Gillnet,Brevoortia Patronus,Gulf Menhaden,100
Barataria,2004-10-27,29.52528,-90.08611,Gillnet,Callinectes Sapidus,Blue Crab,1
Barataria,2004-10-27,29.52528,-90.08611,Gillnet,Cynoscion Nebulosus,Spotted Seatrout,25
Barataria,2004-10-27,29.52528,-90.08611,Gillnet,Mugil Cephalus,Striped Mullet,1
Barataria,2004-10-27,29.52528,-90.08611,Gillnet,Penaeus Setiferus,White Shrimp,1
Barataria,2004-11-16,29.52528,-90.08611,Gillnet,Cynoscion Nebulosus,Spotted Seatrout,1
Barataria,2004-12-21,29.52528,-90.08611,Gillnet,Archosargus Probatocephalus,Sheepshead,1
Barataria,2005-01-05,29.52528,-90.08611,Gillnet,Sciaenops Ocellatus,Red Drum,1
Barataria,2005-06-08,29.52528,-90.08611,Gillnet,Arius Felis,Sea Catfish,1
Barataria,2005-06-22,29.52528,-90.08611,Gillnet,Callinectes Sapidus,Blue Crab,16
Barataria,2005-07-20,29.52528,-90.08611,Gillnet,Callinectes Sapidus,Blue Crab,4
Barataria,2005-08-09,29.52528,-90.08611,Gillnet,Pogonias Cromis,Black Drum,36
Barataria,2005-10-04,29.52528,-90.08611,Gillnet,Atractosteus Spatula,Alligator Gar,1
Barataria,2005-10-04,29.52528,-90.08611,Gillnet,Callinectes Sapidus,Blue Crab,16
Barataria,2006-03-07,29.52528,-90.08611,Gillnet,Arius Felis,Sea Catfish,1
Barataria,2006-04-04,29.52528,-90.08611,Gillnet,Atractosteus Spatula,Alligator Gar,1
Barataria,2006-05-02,29.52528,-90.08611,Gillnet,Caranx Hippos,Crevalle Jack,1
Barataria,2006-06-08,29.52528,-90.08611,Gillnet,Archosargus Probatocephalus,Sheepshead,1
Barataria,2006-06-08,29.52528,-90.08611,Gillnet,Callinectes Sapidus,Blue Crab,25
Barataria,2006-06-08,29.52528,-90.08611,Gillnet,Cynoscion Nebulosus,Spotted Seatrout,1
Barataria,2006-06-13,29.52528,-90.08611,Gillnet,Archosargus Probatocephalus,Sheepshead,4
Barataria,2006-06-13,29.52528,-90.08611,Gillnet,Arius Felis,Sea Catfish,1
Barataria,2006-06-13,29.52528,-90.08611,Gillnet,Callinectes Sapidus,Blue Crab,25
Barataria,2006-06-13,29.52528,-90.08611,Gillnet,Cynoscion Nebulosus,Spotted Seatrout,1
Barataria,2006-07-18,29.52528,-90.08611,Gillnet,Elops Saurus,Ladyfish,1
Barataria,2006-07-25,29.52528,-90.08611,Gillnet,Callinectes Sapidus,Blue Crab,1
Barataria,2006-08-01,29.52528,-90.08611,Gillnet,Arius Felis,Sea Catfish,1
Barataria,2006-08-01,29.52528,-90.08611,Gillnet,Callinectes Sapidus,Blue Crab,1
Barataria,2006-08-22,29.52528,-90.08611,Gillnet,Arius Felis,Sea Catfish,1
Barataria,2006-08-22,29.52528,-90.08611,Gillnet,Callinectes Sapidus,Blue Crab,1
Barataria,2006-09-14,29.52528,-90.08611,Gillnet,Cynoscion Nebulosus,Spotted Seatrout,1
Barataria,2006-09-14,29.52528,-90.08611,Gillnet,Pogonias Cromis,Black Drum,1320
Barataria,2006-10-11,29.52528,-90.08611,Gillnet,Callinectes Sapidus,Blue Crab,1
Barataria,2006-10-11,29.52528,-90.08611,Gillnet,Pogonias Cromis,Black Drum,9
Barataria,2006-11-09,29.52528,-90.08611,Gillnet,Pogonias Cromis,Black Drum,49
Barataria,2006-12-06,29.52528,-90.08611,Gillnet,Archosargus Probatocephalus,Sheepshead,4
Barataria,2007-02-06,29.52528,-90.08611,Gillnet,Pogonias Cromis,Black Drum,1
Barataria,2007-04-18,29.52528,-90.08611,Gillnet,Arius Felis,Sea Catfish,1
Barataria,2007-04-18,29.52528,-90.08611,Gillnet,Paralichthys Lethostigma,Southern Flounder,1
Barataria,2007-05-01,29.52528,-90.08611,Gillnet,Archosargus Probatocephalus,Sheepshead,1
Barataria,2007-07-11,29.52528,-90.08611,Gillnet,Arius Felis,Sea Catfish,1
Barataria,2007-08-06,29.52528,-90.08611,Gillnet,Callinectes Sapidus,Blue Crab,1
Barataria,2007-08-15,29.52528,-90.08611,Gillnet,Bagre Marinus,Gafftopsail Catfish,1
Barataria,2007-08-15,29.52528,-90.08611,Gillnet,Brevoortia Patronus,Gulf Menhaden,1
Barataria,2007-08-15,29.52528,-90.08611,Gillnet,Pogonias Cromis,Black Drum,36
Barataria,2007-10-02,29.52528,-90.08611,Gillnet,Callinectes Sapidus,Blue Crab,1
Barataria,2008-04-08,29.52528,-90.08611,Gillnet,Arius Felis,Sea Catfish,1
Barataria,2008-04-14,29.52528,-90.08611,Gillnet,Pogonias Cromis,Black Drum,1
Barataria,2008-05-06,29.52528,-90.08611,Gillnet,Pogonias Cromis,Black Drum,1
Barataria,2008-05-19,29.52528,-90.08611,Gillnet,Callinectes Sapidus,Blue Crab,1
Barataria,2008-08-05,29.52528,-90.08611,Gillnet,Arius Felis,Sea Catfish,9
Barataria,2008-08-05,29.52528,-90.08611,Gillnet,Caranx Hippos,Crevalle Jack,1
Barataria,2008-08-05,29.52528,-90.08611,Gillnet,Elops Saurus,Ladyfish,9
Barataria,2008-08-05,29.52528,-90.08611,Gillnet,Leiostomus Xanthurus,Spot,9
Barataria,2008-08-05,29.52528,-90.08611,Gillnet,Micropogonias Undulatus,Atlantic Croaker,4
Barataria,2008-10-08,29.52528,-90.08611,Gillnet,Callinectes Sapidus,Blue Crab,1
Barataria,2009-03-03,29.52528,-90.08611,Gillnet,Atractosteus Spatula,Alligator Gar,1
Barataria,2009-05-13,29.52528,-90.08611,Gillnet,Pogonias Cromis,Black Drum,9
Barataria,2009-07-02,29.52528,-90.08611,Gillnet,Sciaenops Ocellatus,Red Drum,1
Barataria,2009-08-04,29.52528,-90.08611,Gillnet,Elops Saurus,Ladyfish,1
Barataria,2009-08-04,29.52528,-90.08611,Gillnet,Pogonias Cromis,Black Drum,1
Barataria,2009-08-11,29.52528,-90.08611,Gillnet,Arius Felis,Sea Catfish,1
Barataria,2009-09-16,29.52528,-90.08611,Gillnet,Arius Felis,Sea Catfish,2
Barataria,2009-10-13,29.52528,-90.08611,Gillnet,Penaeus Setiferus,White Shrimp,1
Barataria,2009-10-13,29.52528,-90.08611,Gillnet,Pogonias Cromis,Black Drum,169
Barataria,2010-04-07,29.52528,-90.08611,Gillnet,Atractosteus Spatula,Alligator Gar,1
Barataria,2010-05-18,29.52528,-90.08611,Gillnet,Carcharhinus Leucas,Bull Shark,1
Barataria,2010-05-18,29.52528,-90.08611,Gillnet,Pogonias Cromis,Black Drum,1
Barataria,2010-06-16,29.52528,-90.08611,Gillnet,Arius Felis,Sea Catfish,1
Barataria,2010-06-16,29.52528,-90.08611,Gillnet,Callinectes Sapidus,Blue Crab,1
Barataria,2010-07-03,29.52528,-90.08611,Gillnet,Callinectes Sapidus,Blue Crab,1
Barataria,2010-07-14,29.52528,-90.08611,Gillnet,Callinectes Sapidus,Blue Crab,1
Barataria,2010-07-14,29.52528,-90.08611,Gillnet,Elops Saurus,Ladyfish,1
Barataria,2010-08-04,29.52528,-90.08611,Gillnet,Callinectes Sapidus,Blue Crab,1
Barataria,2010-08-20,29.52528,-90.08611,Gillnet,Arius Felis,Sea Catfish,1
Barataria,2010-08-20,29.52528,-90.08611,Gillnet,Callinectes Sapidus,Blue Crab,1
Barataria,2010-08-20,29.52528,-90.08611,Gillnet,Elops Saurus,Ladyfish,1
Barataria,2010-09-15,29.52528,-90.08611,Gillnet,Callinectes Sapidus,Blue Crab,1
Barataria,2011-03-03,29.52528,-90.08611,Gillnet,Pogonias Cromis,Black Drum,1
Barataria,2011-04-20,29.52528,-90.08611,Gillnet,Bagre Marinus,Gafftopsail Catfish,9
Barataria,2011-04-28,29.52528,-90.08611,Gillnet,Callinectes Sapidus,Blue Crab,1
Barataria,2011-05-25,29.52528,-90.08611,Gillnet,Pogonias Cromis,Black Drum,1
Barataria,2011-06-02,29.52528,-90.08611,Gillnet,Arius Felis,Sea Catfish,1
Barataria,2011-06-15,29.52528,-90.08611,Gillnet,Arius Felis,Sea Catfish,1
Barataria,2011-06-15,29.52528,-90.08611,Gillnet,Dasyatis Sabina,Atlantic Stingray,1
Barataria,2011-07-22,29.52528,-90.08611,Gillnet,Bagre Marinus,Gafftopsail Catfish,4
Barataria,2011-08-16,29.52528,-90.08611,Gillnet,Callinectes Sapidus,Blue Crab,1
Barataria,2011-09-08,29.52528,-90.08611,Gillnet,Archosargus Probatocephalus,Sheepshead,1
Barataria,2011-09-20,29.52528,-90.08611,Gillnet,Arius Felis,Sea Catfish,2
Barataria,2011-09-20,29.52528,-90.08611,Gillnet,Cynoscion Arenarius,Sand Seatrout,1
Barataria,2011-10-05,29.52528,-90.08611,Gillnet,Cynoscion Arenarius,Sand Seatrout,1
Barataria,2012-03-08,29.52528,-90.08611,Gillnet,Arius Felis,Sea Catfish,1
Barataria,2012-05-01,29.52528,-90.08611,Gillnet,Pogonias Cromis,Black Drum,9
Barataria,2012-05-01,29.52528,-90.08611,Gillnet,Sciaenops Ocellatus,Red Drum,1
Barataria,2012-06-05,29.52528,-90.08611,Gillnet,Callinectes Sapidus,Blue Crab,1
Barataria,2012-07-20,29.52528,-90.08611,Gillnet,Bagre Marinus,Gafftopsail Catfish,1
Barataria,2012-07-20,29.52528,-90.08611,Gillnet,Callinectes Sapidus,Blue Crab,1
Barataria,2012-07-20,29.52528,-90.08611,Gillnet,Pogonias Cromis,Black Drum,1
Barataria,2012-08-24,29.52528,-90.08611,Gillnet,Arius Felis,Sea Catfish,1
Barataria,2012-08-24,29.52528,-90.08611,Gillnet,Elops Saurus,Ladyfish,1
Barataria,2012-09-13,29.52528,-90.08611,Gillnet,Sciaenops Ocellatus,Red Drum,1
Barataria,2012-10-09,29.52528,-90.08611,Gillnet,Crassostrea Virginica,Eastern Oyster,1
Barataria,2013-04-22,29.52528,-90.08611,Gillnet,Bagre Marinus,Gafftopsail Catfish,1
Barataria,2013-05-02,29.52528,-90.08611,Gillnet,Pogonias Cromis,Black Drum,9
Barataria,2013-05-17,29.52528,-90.08611,Gillnet,Arius Felis,Sea Catfish,4
Barataria,2013-09-09,29.52528,-90.08611,Gillnet,Bagre Marinus,Gafftopsail Catfish,1
Barataria,2013-10-03,29.52528,-90.08611,Gillnet,Arius Felis,Sea Catfish,1
Barataria,2014-07-14,29.52528,-90.08611,Gillnet,Archosargus Probatocephalus,Sheepshead,1
Barataria,2014-08-06,29.52528,-90.08611,Gillnet,Bagre Marinus,Gafftopsail Catfish,1
Barataria,2014-09-03,29.52528,-90.08611,Gillnet,Pogonias Cromis,Black Drum,1
Barataria,2015-06-01,29.52528,-90.08611,Gillnet,Pogonias Cromis,Black Drum,225
Barataria,2015-09-03,29.52528,-90.08611,Gillnet,Arius Felis,Sea Catfish,1
Barataria,2015-09-03,29.52528,-90.08611,Gillnet,Pogonias Cromis,Black Drum,1
Barataria,2016-05-06,29.52528,-90.08611,Gillnet,Arius Felis,Sea Catfish,1
Barataria,2016-05-06,29.52528,-90.08611,Gillnet,Pogonias Cromis,Black Drum,100
Barataria,2016-06-01,29.52528,-90.08611,Gillnet,Pogonias Cromis,Black Drum,25
Barataria,2016-08-03,29.52528,-90.08611,Gillnet,Pogonias Cromis,Black Drum,4
Barataria,2017-07-06,29.52528,-90.08611,Gillnet,Pogonias Cromis,Black Drum,4
Barataria,2017-11-07,29.52528,-90.08611,Gillnet,Pogonias Cromis,Black Drum,1
Barataria,2017-12-12,29.52528,-90.08611,Gillnet,Pogonias Cromis,Black Drum,1
Barataria,2018-06-21,29.52528,-90.08611,Gillnet,Elops Saurus,Ladyfish,1
Barataria,2018-08-06,29.52528,-90.08611,Gillnet,Pogonias Cromis,Black Drum,4
Barataria,2018-11-09,29.52528,-90.08611,Gillnet,Pogonias Cromis,Black Drum,16
Barataria,1992-04-09,29.24778,-89.95889,Gillnet,Scomberomorus Maculatus,Spanish Mackerel,1
Barataria,1992-05-27,29.24778,-89.95889,Gillnet,Scomberomorus Maculatus,Spanish Mackerel,1
Barataria,1992-05-27,29.24778,-89.95889,Gillnet,Trachinotus Carolinus,Florida Pompano,9
Barataria,1992-09-10,29.24778,-89.95889,Gillnet,Trachinotus Carolinus,Florida Pompano,4
Barataria,1992-10-08,29.24778,-89.95889,Gillnet,Brevoortia Patronus,Gulf Menhaden,1
Barataria,1992-10-08,29.24778,-89.95889,Gillnet,Scomberomorus Maculatus,Spanish Mackerel,1
Barataria,1993-01-27,29.24778,-89.95889,Gillnet,Arius Felis,Sea Catfish,1
Barataria,1993-07-12,29.24778,-89.95889,Gillnet,Arius Felis,Sea Catfish,1
Barataria,1993-07-12,29.24778,-89.95889,Gillnet,Elops Saurus,Ladyfish,1
Barataria,1993-10-04,29.24778,-89.95889,Gillnet,Archosargus Probatocephalus,Sheepshead,9
Barataria,1993-10-04,29.24778,-89.95889,Gillnet,Pogonias Cromis,Black Drum,1
Barataria,1993-10-04,29.24778,-89.95889,Gillnet,Trachinotus Carolinus,Florida Pompano,324
Barataria,1994-04-18,29.24778,-89.95889,Gillnet,Trachinotus Carolinus,Florida Pompano,4
Barataria,1994-05-04,29.24778,-89.95889,Gillnet,Brevoortia Patronus,Gulf Menhaden,1
Barataria,1994-05-11,29.24778,-89.95889,Gillnet,Peprilus Alepidotus,Harvestfish,1
Barataria,1994-05-11,29.24778,-89.95889,Gillnet,Trachinotus Carolinus,Florida Pompano,16
Barataria,1994-06-21,29.24778,-89.95889,Gillnet,Cynoscion Nebulosus,Spotted Seatrout,1
Barataria,1994-06-21,29.24778,-89.95889,Gillnet,Cynoscion Nothus,Silver Seatrout,16
Barataria,1994-06-21,29.24778,-89.95889,Gillnet,Micropogonias Undulatus,Atlantic Croaker,1
Barataria,1994-06-21,29.24778,-89.95889,Gillnet,Pomatomus Saltatrix,Bluefish,1
Barataria,1994-06-30,29.24778,-89.95889,Gillnet,Carcharhinus Leucas,Bull Shark,3
Barataria,1994-07-20,29.24778,-89.95889,Gillnet,Arius Felis,Sea Catfish,3
Barataria,1994-07-20,29.24778,-89.95889,Gillnet,Peprilus Alepidotus,Harvestfish,3
Barataria,1994-08-16,29.24778,-89.95889,Gillnet,Cynoscion Nebulosus,Spotted Seatrout,4
Barataria,1994-08-16,29.24778,-89.95889,Gillnet,Elops Saurus,Ladyfish,1
Barataria,1994-08-16,29.24778,-89.95889,Gillnet,Pomatomus Saltatrix,Bluefish,5
Barataria,1994-08-16,29.24778,-89.95889,Gillnet,Scomberomorus Maculatus,Spanish Mackerel,1
Barataria,1994-09-28,29.24778,-89.95889,Gillnet,Trachinotus Carolinus,Florida Pompano,4
Barataria,1995-05-31,29.24778,-89.95889,Gillnet,Cynoscion Nebulosus,Spotted Seatrout,1
Barataria,1995-07-17,29.24778,-89.95889,Gillnet,Elops Saurus,Ladyfish,1
Barataria,1995-08-16,29.24778,-89.95889,Gillnet,Pogonias Cromis,Black Drum,3
Barataria,1995-09-19,29.24778,-89.95889,Gillnet,Caranx Hippos,Crevalle Jack,1
Barataria,1995-09-19,29.24778,-89.95889,Gillnet,Cynoscion Nebulosus,Spotted Seatrout,1
Barataria,1995-09-19,29.24778,-89.95889,Gillnet,Peprilus Alepidotus,Harvestfish,2
Barataria,1995-09-19,29.24778,-89.95889,Gillnet,Scomberomorus Maculatus,Spanish Mackerel,4
Barataria,1995-09-19,29.24778,-89.95889,Gillnet,Trachinotus Carolinus,Florida Pompano,1
Barataria,1995-09-20,29.24778,-89.95889,Gillnet,Elops Saurus,Ladyfish,1
Barataria,1995-09-20,29.24778,-89.95889,Gillnet,Pomatomus Saltatrix,Bluefish,1
Barataria,1995-09-20,29.24778,-89.95889,Gillnet,Trachinotus Carolinus,Florida Pompano,9
Barataria,1996-01-24,29.24778,-89.95889,Gillnet,Leiostomus Xanthurus,Spot,1
Barataria,1996-01-24,29.24778,-89.95889,Gillnet,Sardinella Aurita,Spanish Sardine,1
Barataria,1996-04-02,29.24778,-89.95889,Gillnet,Peprilus Alepidotus,Harvestfish,1
Barataria,1996-05-15,29.24778,-89.95889,Gillnet,Arius Felis,Sea Catfish,4
Barataria,1996-05-15,29.24778,-89.95889,Gillnet,Bairdiella Chrysoura,Silver Perch,1
Barataria,1996-05-21,29.24778,-89.95889,Gillnet,Peprilus Alepidotus,Harvestfish,1
Barataria,1996-06-19,29.24778,-89.95889,Gillnet,Cynoscion Nebulosus,Spotted Seatrout,1
Barataria,1996-07-10,29.24778,-89.95889,Gillnet,Bairdiella Chrysoura,Silver Perch,4
Barataria,1996-07-10,29.24778,-89.95889,Gillnet,Callinectes Sapidus,Blue Crab,1
Barataria,1996-07-24,29.24778,-89.95889,Gillnet,Callinectes Sapidus,Blue Crab,144
Barataria,1996-08-14,29.24778,-89.95889,Gillnet,Callinectes Sapidus,Blue Crab,25
Barataria,1996-08-14,29.24778,-89.95889,Gillnet,Cynoscion Nebulosus,Spotted Seatrout,9
Barataria,1996-08-14,29.24778,-89.95889,Gillnet,Elops Saurus,Ladyfish,1
Barataria,1996-08-14,29.24778,-89.95889,Gillnet,Menticirrhus Americanus,Southern Kingfish,1
Barataria,1996-08-27,29.24778,-89.95889,Gillnet,Bagre Marinus,Gafftopsail Catfish,1
Barataria,1996-08-27,29.24778,-89.95889,Gillnet,Brevoortia Patronus,Gulf Menhaden,1
Barataria,1996-08-27,29.24778,-89.95889,Gillnet,Elops Saurus,Ladyfish,1
Barataria,1996-09-05,29.24778,-89.95889,Gillnet,Arius Felis,Sea Catfish,7
Barataria,1996-09-05,29.24778,-89.95889,Gillnet,Caranx Hippos,Crevalle Jack,5
Barataria,1996-09-05,29.24778,-89.95889,Gillnet,Carcharhinus Limbatus,Blacktip Shark,1
Barataria,1996-09-05,29.24778,-89.95889,Gillnet,Cynoscion Arenarius,Sand Seatrout,441
Barataria,1996-09-05,29.24778,-89.95889,Gillnet,Cynoscion Nebulosus,Spotted Seatrout,64
Barataria,1996-09-05,29.24778,-89.95889,Gillnet,Elops Saurus,Ladyfish,14
Barataria,1996-09-05,29.24778,-89.95889,Gillnet,Menticirrhus Americanus,Southern Kingfish,25
Barataria,1996-09-05,29.24778,-89.95889,Gillnet,Micropogonias Undulatus,Atlantic Croaker,25
Barataria,1996-09-05,29.24778,-89.95889,Gillnet,Stellifer Lanceolatus,Star Drum,1
Barataria,1996-10-22,29.24778,-89.95889,Gillnet,Trachinotus Carolinus,Florida Pompano,1
Barataria,1996-11-20,29.24778,-89.95889,Gillnet,Arius Felis,Sea Catfish,1
Barataria,1996-11-20,29.24778,-89.95889,Gillnet,Trachinotus Carolinus,Florida Pompano,4
Barataria,1997-04-02,29.24778,-89.95889,Gillnet,Arius Felis,Sea Catfish,1
Barataria,1997-04-16,29.24778,-89.95889,Gillnet,Cynoscion Nebulosus,Spotted Seatrout,1
Barataria,1997-05-07,29.24778,-89.95889,Gillnet,Scomberomorus Maculatus,Spanish Mackerel,9
Barataria,1997-05-28,29.24778,-89.95889,Gillnet,Cynoscion Nebulosus,Spotted Seatrout,1
Barataria,1997-05-28,29.24778,-89.95889,Gillnet,Menticirrhus Americanus,Southern Kingfish,1
Barataria,1997-05-28,29.24778,-89.95889,Gillnet,Peprilus Alepidotus,Harvestfish,1
Barataria,1997-06-04,29.24778,-89.95889,Gillnet,Scomberomorus Maculatus,Spanish Mackerel,4
Barataria,1997-07-01,29.24778,-89.95889,Gillnet,Callinectes Sapidus,Blue Crab,1
Barataria,1997-07-01,29.24778,-89.95889,Gillnet,Peprilus Alepidotus,Harvestfish,9
Barataria,1997-07-09,29.24778,-89.95889,Gillnet,Brevoortia Patronus,Gulf Menhaden,1
Barataria,1997-08-06,29.24778,-89.95889,Gillnet,Cynoscion Nebulosus,Spotted Seatrout,1
Barataria,1997-08-13,29.24778,-89.95889,Gillnet,Arius Felis,Sea Catfish,4
Barataria,1997-08-13,29.24778,-89.95889,Gillnet,Callinectes Sapidus,Blue Crab,16
Barataria,1997-08-13,29.24778,-89.95889,Gillnet,Scomberomorus Maculatus,Spanish Mackerel,1
Barataria,1997-12-10,29.24778,-89.95889,Gillnet,Arius Felis,Sea Catfish,1
Barataria,1998-04-27,29.24778,-89.95889,Gillnet,Arius Felis,Sea Catfish,1
Barataria,1998-04-27,29.24778,-89.95889,Gillnet,Sciaenops Ocellatus,Red Drum,1
Barataria,1998-05-04,29.24778,-89.95889,Gillnet,Caranx Hippos,Crevalle Jack,1
Barataria,1998-05-04,29.24778,-89.95889,Gillnet,Peprilus Alepidotus,Harvestfish,1
Barataria,1998-06-02,29.24778,-89.95889,Gillnet,Brevoortia Patronus,Gulf Menhaden,25
Barataria,1998-06-17,29.24778,-89.95889,Gillnet,Cynoscion Nebulosus,Spotted Seatrout,1
Barataria,1998-07-21,29.24778,-89.95889,Gillnet,Bagre Marinus,Gafftopsail Catfish,1
Barataria,1998-07-21,29.24778,-89.95889,Gillnet,Chloroscombrus Chrysurus,Atlantic Bumper,16
Barataria,1998-07-21,29.24778,-89.95889,Gillnet,Cynoscion Nebulosus,Spotted Seatrout,4
Barataria,1998-07-21,29.24778,-89.95889,Gillnet,Oligoplites Saurus,Leatherjacket,4
Barataria,1998-07-21,29.24778,-89.95889,Gillnet,Scomberomorus Maculatus,Spanish Mackerel,1
Barataria,1998-08-12,29.24778,-89.95889,Gillnet,Callinectes Sapidus,Blue Crab,36
Barataria,1998-08-12,29.24778,-89.95889,Gillnet,Peprilus Alepidotus,Harvestfish,9
Barataria,1998-08-25,29.24778,-89.95889,Gillnet,Brevoortia Patronus,Gulf Menhaden,1
Barataria,1998-10-13,29.24778,-89.95889,Gillnet,Scomberomorus Maculatus,Spanish Mackerel,1
Barataria,1998-12-01,29.24778,-89.95889,Gillnet,Arius Felis,Sea Catfish,1
Barataria,1999-01-14,29.24778,-89.95889,Gillnet,Arius Felis,Sea Catfish,1
Barataria,1999-04-07,29.24778,-89.95889,Gillnet,Arius Felis,Sea Catfish,4
Barataria,1999-04-28,29.24778,-89.95889,Gillnet,Archosargus Probatocephalus,Sheepshead,1
Barataria,1999-04-28,29.24778,-89.95889,Gillnet,Peprilus Alepidotus,Harvestfish,4
Barataria,1999-04-28,29.24778,-89.95889,Gillnet,Pomatomus Saltatrix,Bluefish,9
Barataria,1999-04-28,29.24778,-89.95889,Gillnet,Scomberomorus Maculatus,Spanish Mackerel,4
Barataria,1999-05-18,29.24778,-89.95889,Gillnet,Callinectes Sapidus,Blue Crab,4
Barataria,1999-05-24,29.24778,-89.95889,Gillnet,Scomberomorus Maculatus,Spanish Mackerel,1
Barataria,1999-05-24,29.24778,-89.95889,Gillnet,Trachinotus Carolinus,Florida Pompano,1
Barataria,1999-07-06,29.24778,-89.95889,Gillnet,Callinectes Sapidus,Blue Crab,4
Barataria,1999-07-27,29.24778,-89.95889,Gillnet,Callinectes Sapidus,Blue Crab,1
Barataria,1999-08-12,29.24778,-89.95889,Gillnet,Callinectes Sapidus,Blue Crab,121
Barataria,1999-08-24,29.24778,-89.95889,Gillnet,Callinectes Sapidus,Blue Crab,16
Barataria,1999-08-24,29.24778,-89.95889,Gillnet,Elops Saurus,Ladyfish,4
Barataria,1999-09-21,29.24778,-89.95889,Gillnet,Arius Felis,Sea Catfish,1
Barataria,1999-09-29,29.24778,-89.95889,Gillnet,Caranx Hippos,Crevalle Jack,1
Barataria,2000-03-20,29.24778,-89.95889,Gillnet,Brevoortia Patronus,Gulf Menhaden,1
Barataria,2000-05-16,29.24778,-89.95889,Gillnet,Brevoortia Patronus,Gulf Menhaden,1
Barataria,2000-05-16,29.24778,-89.95889,Gillnet,Caranx Hippos,Crevalle Jack,1
Barataria,2000-05-22,29.24778,-89.95889,Gillnet,Arius Felis,Sea Catfish,4
Barataria,2000-05-22,29.24778,-89.95889,Gillnet,Menticirrhus Americanus,Southern Kingfish,1
Barataria,2000-05-22,29.24778,-89.95889,Gillnet,Scomberomorus Maculatus,Spanish Mackerel,1
Barataria,2000-06-13,29.24778,-89.95889,Gillnet,Scomberomorus Maculatus,Spanish Mackerel,1
Barataria,2000-06-28,29.24778,-89.95889,Gillnet,Brevoortia Patronus,Gulf Menhaden,1
Barataria,2000-07-19,29.24778,-89.95889,Gillnet,Callinectes Sapidus,Blue Crab,36
Barataria,2000-07-26,29.24778,-89.95889,Gillnet,Callinectes Sapidus,Blue Crab,25
Barataria,2000-08-17,29.24778,-89.95889,Gillnet,Arius Felis,Sea Catfish,4
Barataria,2000-08-17,29.24778,-89.95889,Gillnet,Brevoortia Patronus,Gulf Menhaden,1
Barataria,2000-08-17,29.24778,-89.95889,Gillnet,Callinectes Sapidus,Blue Crab,1
Barataria,2000-08-23,29.24778,-89.95889,Gillnet,Arius Felis,Sea Catfish,4
Barataria,2000-08-23,29.24778,-89.95889,Gillnet,Cynoscion Arenarius,Sand Seatrout,9
Barataria,2000-09-14,29.24778,-89.95889,Gillnet,Brevoortia Patronus,Gulf Menhaden,16
Barataria,2000-09-27,29.24778,-89.95889,Gillnet,Arius Felis,Sea Catfish,1
Barataria,2000-09-27,29.24778,-89.95889,Gillnet,Brevoortia Patronus,Gulf Menhaden,4
Barataria,2000-09-27,29.24778,-89.95889,Gillnet,Micropogonias Undulatus,Atlantic Croaker,1
Barataria,2000-09-27,29.24778,-89.95889,Gillnet,Peprilus Alepidotus,Harvestfish,1
Barataria,2001-04-19,29.24778,-89.95889,Gillnet,Pogonias Cromis,Black Drum,1
Barataria,2001-04-25,29.24778,-89.95889,Gillnet,Cynoscion Nebulosus,Spotted Seatrout,1
Barataria,2001-04-25,29.24778,-89.95889,Gillnet,Pogonias Cromis,Black Drum,1
Barataria,2001-05-24,29.24778,-89.95889,Gillnet,Peprilus Alepidotus,Harvestfish,1
Barataria,2001-05-24,29.24778,-89.95889,Gillnet,Scomberomorus Maculatus,Spanish Mackerel,1
Barataria,2001-07-24,29.24778,-89.95889,Gillnet,Callinectes Sapidus,Blue Crab,9
Barataria,2001-09-17,29.24778,-89.95889,Gillnet,Trachinotus Carolinus,Florida Pompano,1
Barataria,2001-09-24,29.24778,-89.95889,Gillnet,Scomberomorus Maculatus,Spanish Mackerel,1
Barataria,2002-01-28,29.24778,-89.95889,Gillnet,Arius Felis,Sea Catfish,1
Barataria,2002-04-18,29.24778,-89.95889,Gillnet,Trachinotus Carolinus,Florida Pompano,4
Barataria,2002-06-24,29.24778,-89.95889,Gillnet,Callinectes Sapidus,Blue Crab,1
Barataria,2002-06-24,29.24778,-89.95889,Gillnet,Scomberomorus Maculatus,Spanish Mackerel,1
Barataria,2002-07-17,29.24778,-89.95889,Gillnet,Callinectes Sapidus,Blue Crab,16
Barataria,2002-07-23,29.24778,-89.95889,Gillnet,Arius Felis,Sea Catfish,16
Barataria,2002-07-23,29.24778,-89.95889,Gillnet,Callinectes Sapidus,Blue Crab,361
Barataria,2002-08-07,29.24778,-89.95889,Gillnet,Brevoortia Patronus,Gulf Menhaden,49
Barataria,2002-08-07,29.24778,-89.95889,Gillnet,Callinectes Sapidus,Blue Crab,16
Barataria,2002-08-21,29.24778,-89.95889,Gillnet,Arius Felis,Sea Catfish,1
Barataria,2002-08-21,29.24778,-89.95889,Gillnet,Callinectes Sapidus,Blue Crab,1
Barataria,2002-08-21,29.24778,-89.95889,Gillnet,Scomberomorus Maculatus,Spanish Mackerel,1
Barataria,2002-08-21,29.24778,-89.95889,Gillnet,Trachinotus Carolinus,Florida Pompano,25
Barataria,2002-10-15,29.24778,-89.95889,Gillnet,Bagre Marinus,Gafftopsail Catfish,1
Barataria,2003-04-23,29.24778,-89.95889,Gillnet,Trachinotus Carolinus,Florida Pompano,1
Barataria,2003-05-28,29.24778,-89.95889,Gillnet,Scomberomorus Maculatus,Spanish Mackerel,4
Barataria,2003-07-08,29.24778,-89.95889,Gillnet,Callinectes Sapidus,Blue Crab,1
Barataria,2003-08-18,29.24778,-89.95889,Gillnet,Carcharhinus Leucas,Bull Shark,1
Barataria,2003-11-11,29.24778,-89.95889,Gillnet,Caranx Hippos,Crevalle Jack,1
Barataria,2004-02-09,29.24778,-89.95889,Gillnet,Arius Felis,Sea Catfish,1
Barataria,2004-03-10,29.24778,-89.95889,Gillnet,Arius Felis,Sea Catfish,1
Barataria,2004-04-01,29.24778,-89.95889,Gillnet,Trachinotus Carolinus,Florida Pompano,4
Barataria,2004-06-03,29.24778,-89.95889,Gillnet,Callinectes Sapidus,Blue Crab,1
Barataria,2004-07-13,29.24778,-89.95889,Gillnet,Arius Felis,Sea Catfish,16
Barataria,2004-07-13,29.24778,-89.95889,Gillnet,Callinectes Sapidus,Blue Crab,1
Barataria,2004-07-13,29.24778,-89.95889,Gillnet,Cynoscion Nebulosus,Spotted Seatrout,1
Barataria,2004-10-05,29.24778,-89.95889,Gillnet,Brevoortia Patronus,Gulf Menhaden,1
Barataria,2004-11-22,29.24778,-89.95889,Gillnet,Arius Felis,Sea Catfish,9
Barataria,2004-11-22,29.24778,-89.95889,Gillnet,Sciaenops Ocellatus,Red Drum,1
Barataria,2005-02-21,29.24778,-89.95889,Gillnet,Arius Felis,Sea Catfish,1
Barataria,2005-03-08,29.24778,-89.95889,Gillnet,Arius Felis,Sea Catfish,1
Barataria,2005-03-08,29.24778,-89.95889,Gillnet,Callinectes Sapidus,Blue Crab,1
Barataria,2005-04-14,29.24778,-89.95889,Gillnet,Arius Felis,Sea Catfish,1
Barataria,2005-04-20,29.24778,-89.95889,Gillnet,Archosargus Probatocephalus,Sheepshead,1
Barataria,2005-05-17,29.24778,-89.95889,Gillnet,Callinectes Sapidus,Blue Crab,1
Barataria,2005-06-08,29.24778,-89.95889,Gillnet,Callinectes Sapidus,Blue Crab,9
Barataria,2005-06-08,29.24778,-89.95889,Gillnet,Elops Saurus,Ladyfish,1
Barataria,2005-06-23,29.24778,-89.95889,Gillnet,Brevoortia Patronus,Gulf Menhaden,4
Barataria,2005-06-23,29.24778,-89.95889,Gillnet,Callinectes Sapidus,Blue Crab,16
Barataria,2005-07-21,29.24778,-89.95889,Gillnet,Callinectes Sapidus,Blue Crab,1
Barataria,2005-07-25,29.24778,-89.95889,Gillnet,Callinectes Sapidus,Blue Crab,49
Barataria,2005-08-03,29.24778,-89.95889,Gillnet,Callinectes Sapidus,Blue Crab,81
Barataria,2005-08-03,29.24778,-89.95889,Gillnet,Cynoscion Arenarius,Sand Seatrout,36
Barataria,2005-08-03,29.24778,-89.95889,Gillnet,Elops Saurus,Ladyfish,1
Barataria,2005-08-16,29.24778,-89.95889,Gillnet,Arius Felis,Sea Catfish,1
Barataria,2005-08-16,29.24778,-89.95889,Gillnet,Brevoortia Patronus,Gulf Menhaden,9
Barataria,2005-08-16,29.24778,-89.95889,Gillnet,Callinectes Sapidus,Blue Crab,36
Barataria,2005-08-16,29.24778,-89.95889,Gillnet,Cynoscion Arenarius,Sand Seatrout,9
Barataria,2005-08-16,29.24778,-89.95889,Gillnet,Elops Saurus,Ladyfish,1
Barataria,2005-08-16,29.24778,-89.95889,Gillnet,Penaeus Setiferus,White Shrimp,9
Barataria,2005-08-16,29.24778,-89.95889,Gillnet,Scomberomorus Maculatus,Spanish Mackerel,1
Barataria,2005-10-11,29.24778,-89.95889,Gillnet,Scomberomorus Maculatus,Spanish Mackerel,1
Barataria,2006-02-01,29.24778,-89.95889,Gillnet,Arius Felis,Sea Catfish,1
Barataria,2006-03-02,29.24778,-89.95889,Gillnet,Arius Felis,Sea Catfish,1
Barataria,2006-04-04,29.24778,-89.95889,Gillnet,Arius Felis,Sea Catfish,2
Barataria,2006-05-16,29.24778,-89.95889,Gillnet,Callinectes Sapidus,Blue Crab,64
Barataria,2006-05-16,29.24778,-89.95889,Gillnet,Scomberomorus Maculatus,Spanish Mackerel,1
Barataria,2006-06-07,29.24778,-89.95889,Gillnet,Arius Felis,Sea Catfish,1
Barataria,2006-06-07,29.24778,-89.95889,Gillnet,Peprilus Alepidotus,Harvestfish,4
Barataria,2006-07-18,29.24778,-89.95889,Gillnet,Arius Felis,Sea Catfish,1
Barataria,2006-07-18,29.24778,-89.95889,Gillnet,Brevoortia Patronus,Gulf Menhaden,16
Barataria,2006-07-18,29.24778,-89.95889,Gillnet,Callinectes Sapidus,Blue Crab,4
Barataria,2006-07-31,29.24778,-89.95889,Gillnet,Arius Felis,Sea Catfish,2
Barataria,2006-07-31,29.24778,-89.95889,Gillnet,Callinectes Sapidus,Blue Crab,289
Barataria,2006-08-16,29.24778,-89.95889,Gillnet,Callinectes Sapidus,Blue Crab,1
Barataria,2006-08-16,29.24778,-89.95889,Gillnet,Caranx Hippos,Crevalle Jack,1
Barataria,2006-08-16,29.24778,-89.95889,Gillnet,Elops Saurus,Ladyfish,1
Barataria,2006-08-23,29.24778,-89.95889,Gillnet,Arius Felis,Sea Catfish,1
Barataria,2006-08-23,29.24778,-89.95889,Gillnet,Callinectes Sapidus,Blue Crab,81
Barataria,2006-08-23,29.24778,-89.95889,Gillnet,Elops Saurus,Ladyfish,5
Barataria,2006-09-13,29.24778,-89.95889,Gillnet,Callinectes Sapidus,Blue Crab,36
Barataria,2006-09-19,29.24778,-89.95889,Gillnet,Arius Felis,Sea Catfish,3
Barataria,2006-11-09,29.24778,-89.95889,Gillnet,Arius Felis,Sea Catfish,1
Barataria,2006-12-06,29.24778,-89.95889,Gillnet,Dasyatis Sabina,Atlantic Stingray,1
Barataria,2007-04-04,29.24778,-89.95889,Gillnet,Arius Felis,Sea Catfish,1
Barataria,2007-04-04,29.24778,-89.95889,Gillnet,Trachinotus Carolinus,Florida Pompano,1
Barataria,2007-04-18,29.24778,-89.95889,Gillnet,Arius Felis,Sea Catfish,3
Barataria,2007-05-02,29.24778,-89.95889,Gillnet,Arius Felis,Sea Catfish,1
Barataria,2007-07-11,29.24778,-89.95889,Gillnet,Callinectes Sapidus,Blue Crab,25
Barataria,2007-07-18,29.24778,-89.95889,Gillnet,Arius Felis,Sea Catfish,2
Barataria,2007-07-18,29.24778,-89.95889,Gillnet,Callinectes Sapidus,Blue Crab,16
Barataria,2007-07-18,29.24778,-89.95889,Gillnet,Elops Saurus,Ladyfish,1
Barataria,2007-08-06,29.24778,-89.95889,Gillnet,Arius Felis,Sea Catfish,1
Barataria,2007-08-06,29.24778,-89.95889,Gillnet,Callinectes Sapidus,Blue Crab,121
Barataria,2007-08-06,29.24778,-89.95889,Gillnet,Caranx Hippos,Crevalle Jack,1
Barataria,2007-08-06,29.24778,-89.95889,Gillnet,Cynoscion Nebulosus,Spotted Seatrout,1
Barataria,2007-08-06,29.24778,-89.95889,Gillnet,Elops Saurus,Ladyfish,1
Barataria,2007-08-14,29.24778,-89.95889,Gillnet,Arius Felis,Sea Catfish,2
Barataria,2007-08-14,29.24778,-89.95889,Gillnet,Callinectes Sapidus,Blue Crab,169
Barataria,2007-09-06,29.24778,-89.95889,Gillnet,Arius Felis,Sea Catfish,2
Barataria,2007-09-06,29.24778,-89.95889,Gillnet,Caranx Hippos,Crevalle Jack,1
Barataria,2007-09-19,29.24778,-89.95889,Gillnet,Cynoscion Nebulosus,Spotted Seatrout,1
Barataria,2008-02-01,29.24778,-89.95889,Gillnet,Callinectes Sapidus,Blue Crab,1
Barataria,2008-04-14,29.24778,-89.95889,Gillnet,Arius Felis,Sea Catfish,1
Barataria,2008-06-10,29.24778,-89.95889,Gillnet,Arius Felis,Sea Catfish,2
Barataria,2008-06-24,29.24778,-89.95889,Gillnet,Arius Felis,Sea Catfish,3
Barataria,2008-06-24,29.24778,-89.95889,Gillnet,Brevoortia Patronus,Gulf Menhaden,1740
Barataria,2008-06-24,29.24778,-89.95889,Gillnet,Callinectes Sapidus,Blue Crab,4
Barataria,2008-07-01,29.24778,-89.95889,Gillnet,Arius Felis,Sea Catfish,1
Barataria,2008-07-01,29.24778,-89.95889,Gillnet,Callinectes Sapidus,Blue Crab,9
Barataria,2008-07-01,29.24778,-89.95889,Gillnet,Penaeus Setiferus,White Shrimp,1
Barataria,2008-07-01,29.24778,-89.95889,Gillnet,Scomberomorus Maculatus,Spanish Mackerel,4
Barataria,2008-07-07,29.24778,-89.95889,Gillnet,Callinectes Sapidus,Blue Crab,9
Barataria,2008-08-14,29.24778,-89.95889,Gillnet,Arius Felis,Sea Catfish,2
Barataria,2008-08-14,29.24778,-89.95889,Gillnet,Callinectes Sapidus,Blue Crab,4
Barataria,2008-09-17,29.24778,-89.95889,Gillnet,Brevoortia Patronus,Gulf Menhaden,4
Barataria,2008-09-17,29.24778,-89.95889,Gillnet,Lobotes Surinamensis,Tripletail,1
Barataria,2008-09-22,29.24778,-89.95889,Gillnet,Arius Felis,Sea Catfish,1
Barataria,2008-09-22,29.24778,-89.95889,Gillnet,Scomberomorus Maculatus,Spanish Mackerel,1
Barataria,2009-02-16,29.24778,-89.95889,Gillnet,Arius Felis,Sea Catfish,1
Barataria,2009-04-08,29.24778,-89.95889,Gillnet,Callinectes Sapidus,Blue Crab,1
Barataria,2009-04-22,29.24778,-89.95889,Gillnet,Arius Felis,Sea Catfish,1
Barataria,2009-05-05,29.24778,-89.95889,Gillnet,Bairdiella Chrysoura,Silver Perch,1
Barataria,2009-05-05,29.24778,-89.95889,Gillnet,Callinectes Sapidus,Blue Crab,25
Barataria,2009-05-05,29.24778,-89.95889,Gillnet,Cynoscion Nebulosus,Spotted Seatrout,1
Barataria,2009-05-18,29.24778,-89.95889,Gillnet,Bagre Marinus,Gafftopsail Catfish,1
Barataria,2009-05-18,29.24778,-89.95889,Gillnet,Bairdiella Chrysoura,Silver Perch,1
Barataria,2009-05-18,29.24778,-89.95889,Gillnet,Brevoortia Patronus,Gulf Menhaden,36
Barataria,2009-06-03,29.24778,-89.95889,Gillnet,Callinectes Sapidus,Blue Crab,25
Barataria,2009-06-03,29.24778,-89.95889,Gillnet,Cynoscion Nebulosus,Spotted Seatrout,4
Barataria,2009-06-17,29.24778,-89.95889,Gillnet,Callinectes Sapidus,Blue Crab,1
Barataria,2009-07-15,29.24778,-89.95889,Gillnet,Arius Felis,Sea Catfish,1
Barataria,2009-07-15,29.24778,-89.95889,Gillnet,Brevoortia Patronus,Gulf Menhaden,1
Barataria,2009-07-15,29.24778,-89.95889,Gillnet,Callinectes Sapidus,Blue Crab,49
Barataria,2009-07-29,29.24778,-89.95889,Gillnet,Arius Felis,Sea Catfish,4
Barataria,2009-07-29,29.24778,-89.95889,Gillnet,Callinectes Sapidus,Blue Crab,16
Barataria,2009-07-29,29.24778,-89.95889,Gillnet,Elops Saurus,Ladyfish,3
Barataria,2009-08-11,29.24778,-89.95889,Gillnet,Arius Felis,Sea Catfish,10
Barataria,2009-08-11,29.24778,-89.95889,Gillnet,Callinectes Sapidus,Blue Crab,64
Barataria,2009-08-11,29.24778,-89.95889,Gillnet,Cynoscion Arenarius,Sand Seatrout,64
Barataria,2009-08-11,29.24778,-89.95889,Gillnet,Cynoscion Nebulosus,Spotted Seatrout,1
Barataria,2009-08-11,29.24778,-89.95889,Gillnet,Elops Saurus,Ladyfish,4
Barataria,2009-08-18,29.24778,-89.95889,Gillnet,Arius Felis,Sea Catfish,2
Barataria,2009-09-01,29.24778,-89.95889,Gillnet,Arius Felis,Sea Catfish,1
Barataria,2009-09-16,29.24778,-89.95889,Gillnet,Arius Felis,Sea Catfish,3
Barataria,2009-09-16,29.24778,-89.95889,Gillnet,Bagre Marinus,Gafftopsail Catfish,1
Barataria,2009-09-16,29.24778,-89.95889,Gillnet,Callinectes Sapidus,Blue Crab,1
Barataria,2009-09-16,29.24778,-89.95889,Gillnet,Cynoscion Nebulosus,Spotted Seatrout,1
Barataria,2009-09-16,29.24778,-89.95889,Gillnet,Elops Saurus,Ladyfish,1
Barataria,2009-09-16,29.24778,-89.95889,Gillnet,Scomberomorus Maculatus,Spanish Mackerel,1
Barataria,2009-10-07,29.24778,-89.95889,Gillnet,Arius Felis,Sea Catfish,1
Barataria,2009-11-03,29.24778,-89.95889,Gillnet,Arius Felis,Sea Catfish,1
Barataria,2010-04-01,29.24778,-89.95889,Gillnet,Arius Felis,Sea Catfish,3
Barataria,2010-04-20,29.24778,-89.95889,Gillnet,Arius Felis,Sea Catfish,1
Barataria,2010-05-17,29.24778,-89.95889,Gillnet,Arius Felis,Sea Catfish,2
Barataria,2010-07-12,29.24778,-89.95889,Gillnet,Archosargus Probatocephalus,Sheepshead,1
Barataria,2010-07-12,29.24778,-89.95889,Gillnet,Arius Felis,Sea Catfish,2
Barataria,2010-07-12,29.24778,-89.95889,Gillnet,Bagre Marinus,Gafftopsail Catfish,1
Barataria,2010-07-12,29.24778,-89.95889,Gillnet,Carcharhinus Limbatus,Blacktip Shark,1
Barataria,2010-07-12,29.24778,-89.95889,Gillnet,Scomberomorus Maculatus,Spanish Mackerel,1
Barataria,2010-08-23,29.24778,-89.95889,Gillnet,Scomberomorus Maculatus,Spanish Mackerel,1
Barataria,2010-08-31,29.24778,-89.95889,Gillnet,Elops Saurus,Ladyfish,1
Barataria,2010-08-31,29.24778,-89.95889,Gillnet,Scomberomorus Maculatus,Spanish Mackerel,1
Barataria,2010-10-05,29.24778,-89.95889,Gillnet,Trachinotus falcatus,Permit,1
Barataria,2010-12-08,29.24778,-89.95889,Gillnet,Arius Felis,Sea Catfish,1
Barataria,2011-03-10,29.24778,-89.95889,Gillnet,Arius Felis,Sea Catfish,1
Barataria,2011-05-05,29.24778,-89.95889,Gillnet,Bagre Marinus,Gafftopsail Catfish,1
Barataria,2011-05-05,29.24778,-89.95889,Gillnet,Callinectes Sapidus,Blue Crab,1
Barataria,2011-06-28,29.24778,-89.95889,Gillnet,Arius Felis,Sea Catfish,1
Barataria,2011-06-28,29.24778,-89.95889,Gillnet,Callinectes Sapidus,Blue Crab,1
Barataria,2011-07-20,29.24778,-89.95889,Gillnet,Arius Felis,Sea Catfish,1
Barataria,2011-07-20,29.24778,-89.95889,Gillnet,Callinectes Sapidus,Blue Crab,16
Barataria,2011-07-20,29.24778,-89.95889,Gillnet,Scomberomorus Maculatus,Spanish Mackerel,1
Barataria,2011-07-27,29.24778,-89.95889,Gillnet,Arius Felis,Sea Catfish,1
Barataria,2011-07-27,29.24778,-89.95889,Gillnet,Callinectes Sapidus,Blue Crab,25
Barataria,2011-07-27,29.24778,-89.95889,Gillnet,Cynoscion Arenarius,Sand Seatrout,1
Barataria,2011-08-02,29.24778,-89.95889,Gillnet,Arius Felis,Sea Catfish,1
Barataria,2011-08-02,29.24778,-89.95889,Gillnet,Brevoortia Patronus,Gulf Menhaden,1
Barataria,2011-08-02,29.24778,-89.95889,Gillnet,Callinectes Sapidus,Blue Crab,16
Barataria,2011-08-17,29.24778,-89.95889,Gillnet,Arius Felis,Sea Catfish,7
Barataria,2011-09-13,29.24778,-89.95889,Gillnet,Rhinoptera Bonasus,Cownose Ray,1
Barataria,2011-09-13,29.24778,-89.95889,Gillnet,Sciaenops Ocellatus,Red Drum,1
Barataria,2011-10-11,29.24778,-89.95889,Gillnet,Arius Felis,Sea Catfish,1
Barataria,2011-11-04,29.24778,-89.95889,Gillnet,Aurelia aurita,Moon Jellyfish,4
Barataria,2011-12-01,29.24778,-89.95889,Gillnet,Aurelia aurita,Moon Jellyfish,4
Barataria,2012-03-05,29.24778,-89.95889,Gillnet,Pogonias Cromis,Black Drum,1
Barataria,2012-04-11,29.24778,-89.95889,Gillnet,Peprilus Alepidotus,Harvestfish,1
Barataria,2012-04-20,29.24778,-89.95889,Gillnet,Callinectes Sapidus,Blue Crab,1
Barataria,2012-04-20,29.24778,-89.95889,Gillnet,Cynoscion Arenarius,Sand Seatrout,1
Barataria,2012-04-20,29.24778,-89.95889,Gillnet,Trachinotus Carolinus,Florida Pompano,1
Barataria,2012-05-04,29.24778,-89.95889,Gillnet,Callinectes Sapidus,Blue Crab,4
Barataria,2012-05-15,29.24778,-89.95889,Gillnet,Rhinoptera Bonasus,Cownose Ray,1
Barataria,2012-06-28,29.24778,-89.95889,Gillnet,Arius Felis,Sea Catfish,1
Barataria,2012-07-12,29.24778,-89.95889,Gillnet,Arius Felis,Sea Catfish,1
Barataria,2012-07-12,29.24778,-89.95889,Gillnet,Callinectes Sapidus,Blue Crab,1
Barataria,2012-07-12,29.24778,-89.95889,Gillnet,Pogonias Cromis,Black Drum,16
Barataria,2012-07-24,29.24778,-89.95889,Gillnet,Arius Felis,Sea Catfish,1
Barataria,2012-07-24,29.24778,-89.95889,Gillnet,Callinectes Sapidus,Blue Crab,36
Barataria,2012-08-02,29.24778,-89.95889,Gillnet,Callinectes Sapidus,Blue Crab,1
Barataria,2012-08-02,29.24778,-89.95889,Gillnet,Elops Saurus,Ladyfish,1
Barataria,2012-08-14,29.24778,-89.95889,Gillnet,Arius Felis,Sea Catfish,1
Barataria,2012-09-24,29.24778,-89.95889,Gillnet,Arius Felis,Sea Catfish,1
Barataria,2013-01-22,29.24778,-89.95889,Gillnet,Arius Felis,Sea Catfish,1
Barataria,2013-02-08,29.24778,-89.95889,Gillnet,Arius Felis,Sea Catfish,1
Barataria,2013-03-06,29.24778,-89.95889,Gillnet,Pogonias Cromis,Black Drum,1
Barataria,2013-06-20,29.24778,-89.95889,Gillnet,Caranx Hippos,Crevalle Jack,1
Barataria,2013-07-24,29.24778,-89.95889,Gillnet,Rhizoprionodon Terraenovae,Atlantic Sharpnose Shark,1
Barataria,2013-08-06,29.24778,-89.95889,Gillnet,Brevoortia Patronus,Gulf Menhaden,64
Barataria,2013-08-06,29.24778,-89.95889,Gillnet,Pogonias Cromis,Black Drum,1
Barataria,2013-08-19,29.24778,-89.95889,Gillnet,Arius Felis,Sea Catfish,2
Barataria,2014-04-10,29.24778,-89.95889,Gillnet,Arius Felis,Sea Catfish,1
Barataria,2014-05-22,29.24778,-89.95889,Gillnet,Arius Felis,Sea Catfish,1
Barataria,2014-07-15,29.24778,-89.95889,Gillnet,Callinectes Sapidus,Blue Crab,4
Barataria,2014-07-15,29.24778,-89.95889,Gillnet,Pogonias Cromis,Black Drum,25
Barataria,2014-08-18,29.24778,-89.95889,Gillnet,Callinectes Sapidus,Blue Crab,9
Barataria,2014-10-07,29.24778,-89.95889,Gillnet,Arius Felis,Sea Catfish,1
Barataria,2015-04-20,29.24778,-89.95889,Gillnet,Bagre Marinus,Gafftopsail Catfish,1
Barataria,2015-04-26,29.24778,-89.95889,Gillnet,Arius Felis,Sea Catfish,2
Barataria,2015-05-15,29.24778,-89.95889,Gillnet,Pogonias Cromis,Black Drum,1
Barataria,2015-05-28,29.24778,-89.95889,Gillnet,Brevoortia Patronus,Gulf Menhaden,1
Barataria,2015-06-02,29.24778,-89.95889,Gillnet,Pogonias Cromis,Black Drum,1
Barataria,2015-06-24,29.24778,-89.95889,Gillnet,Arius Felis,Sea Catfish,3
Barataria,2015-07-29,29.24778,-89.95889,Gillnet,Brevoortia Patronus,Gulf Menhaden,1
Barataria,2015-07-29,29.24778,-89.95889,Gillnet,Callinectes Sapidus,Blue Crab,4
Barataria,2015-08-03,29.24778,-89.95889,Gillnet,Callinectes Sapidus,Blue Crab,1
Barataria,2016-05-25,29.24778,-89.95889,Gillnet,Callinectes Sapidus,Blue Crab,4
Barataria,2016-07-21,29.24778,-89.95889,Gillnet,Callinectes Sapidus,Blue Crab,1
Barataria,2016-08-19,29.24778,-89.95889,Gillnet,Arius Felis,Sea Catfish,1
Barataria,2016-08-19,29.24778,-89.95889,Gillnet,Callinectes Sapidus,Blue Crab,9
Barataria,2016-11-04,29.24778,-89.95889,Gillnet,Cynoscion Nebulosus,Spotted Seatrout,1
Barataria,2017-04-24,29.24778,-89.95889,Gillnet,Callinectes Sapidus,Blue Crab,36
Barataria,2017-05-30,29.24778,-89.95889,Gillnet,Callinectes Sapidus,Blue Crab,1
Barataria,2017-07-19,29.24778,-89.95889,Gillnet,Brevoortia Patronus,Gulf Menhaden,1
Barataria,2017-07-27,29.24778,-89.95889,Gillnet,Callinectes Sapidus,Blue Crab,4
Barataria,2017-08-10,29.24778,-89.95889,Gillnet,Arius Felis,Sea Catfish,2
Barataria,2017-08-22,29.24778,-89.95889,Gillnet,Peprilus Alepidotus,Harvestfish,3
Barataria,2017-08-22,29.24778,-89.95889,Gillnet,Scomberomorus Maculatus,Spanish Mackerel,1
Barataria,2017-08-22,29.24778,-89.95889,Gillnet,Trachinotus Carolinus,Florida Pompano,1
Barataria,2018-05-07,29.24778,-89.95889,Gillnet,Brevoortia Patronus,Gulf Menhaden,25
Barataria,2018-07-26,29.24778,-89.95889,Gillnet,Callinectes Sapidus,Blue Crab,1
Barataria,2018-08-22,29.24778,-89.95889,Gillnet,Callinectes Sapidus,Blue Crab,1
Barataria,2018-09-17,29.24778,-89.95889,Gillnet,Callinectes Sapidus,Blue Crab,1
Barataria,1992-04-09,29.25083,-90.01778,Gillnet,Arius Felis,Sea Catfish,1
Barataria,1992-09-10,29.25083,-90.01778,Gillnet,Arius Felis,Sea Catfish,4
Barataria,1992-10-13,29.25083,-90.01778,Gillnet,Arius Felis,Sea Catfish,1
Barataria,1993-07-13,29.25083,-90.01778,Gillnet,Arius Felis,Sea Catfish,1
Barataria,1993-07-13,29.25083,-90.01778,Gillnet,Cynoscion Nebulosus,Spotted Seatrout,1
Barataria,1993-07-19,29.25083,-90.01778,Gillnet,Cynoscion Nebulosus,Spotted Seatrout,1
Barataria,1993-09-08,29.25083,-90.01778,Gillnet,Archosargus Probatocephalus,Sheepshead,1
Barataria,1994-03-23,29.25083,-90.01778,Gillnet,Arius Felis,Sea Catfish,3
Barataria,1994-04-05,29.25083,-90.01778,Gillnet,Cynoscion Nebulosus,Spotted Seatrout,1
Barataria,1994-06-07,29.25083,-90.01778,Gillnet,Cynoscion Nebulosus,Spotted Seatrout,1
Barataria,1994-07-26,29.25083,-90.01778,Gillnet,Scomberomorus Maculatus,Spanish Mackerel,1
Barataria,1994-08-09,29.25083,-90.01778,Gillnet,Peprilus Alepidotus,Harvestfish,1
Barataria,1994-08-25,29.25083,-90.01778,Gillnet,Cynoscion Nebulosus,Spotted Seatrout,1
Barataria,1995-04-03,29.25083,-90.01778,Gillnet,Scomberomorus Maculatus,Spanish Mackerel,1
Barataria,1995-04-17,29.25083,-90.01778,Gillnet,Cynoscion Nebulosus,Spotted Seatrout,9
Barataria,1995-07-20,29.25083,-90.01778,Gillnet,Carcharhinus Leucas,Bull Shark,1
Barataria,1995-09-26,29.25083,-90.01778,Gillnet,Scomberomorus Maculatus,Spanish Mackerel,1
Barataria,1996-02-28,29.25083,-90.01778,Gillnet,Cynoscion Nebulosus,Spotted Seatrout,1
Barataria,1996-02-28,29.25083,-90.01778,Gillnet,Leiostomus Xanthurus,Spot,9
Barataria,1996-04-02,29.25083,-90.01778,Gillnet,Cynoscion Nebulosus,Spotted Seatrout,1
Barataria,1996-05-15,29.25083,-90.01778,Gillnet,Callinectes Sapidus,Blue Crab,1
Barataria,1996-05-15,29.25083,-90.01778,Gillnet,Cynoscion Nebulosus,Spotted Seatrout,4
Barataria,1996-05-15,29.25083,-90.01778,Gillnet,Peprilus Alepidotus,Harvestfish,1
Barataria,1996-06-19,29.25083,-90.01778,Gillnet,Arius Felis,Sea Catfish,4
Barataria,1996-08-13,29.25083,-90.01778,Gillnet,Peprilus Alepidotus,Harvestfish,1
Barataria,1997-04-01,29.25083,-90.01778,Gillnet,Arius Felis,Sea Catfish,4
Barataria,1997-04-16,29.25083,-90.01778,Gillnet,Arius Felis,Sea Catfish,1
Barataria,1997-06-04,29.25083,-90.01778,Gillnet,Peprilus Alepidotus,Harvestfish,1
Barataria,1997-07-01,29.25083,-90.01778,Gillnet,Cynoscion Nebulosus,Spotted Seatrout,1
Barataria,1997-08-05,29.25083,-90.01778,Gillnet,Arius Felis,Sea Catfish,1
Barataria,1997-09-11,29.25083,-90.01778,Gillnet,Shark Spp.,Shark Unclassified,1
Barataria,1998-01-15,29.25083,-90.01778,Gillnet,Arius Felis,Sea Catfish,4
Barataria,1998-02-12,29.25083,-90.01778,Gillnet,Arius Felis,Sea Catfish,4
Barataria,1998-04-23,29.25083,-90.01778,Gillnet,Arius Felis,Sea Catfish,100
Barataria,1998-04-27,29.25083,-90.01778,Gillnet,Sciaenops Ocellatus,Red Drum,1
Barataria,1998-05-11,29.25083,-90.01778,Gillnet,Arius Felis,Sea Catfish,1
Barataria,1998-05-11,29.25083,-90.01778,Gillnet,Bagre Marinus,Gafftopsail Catfish,1
Barataria,1998-05-11,29.25083,-90.01778,Gillnet,Carcharhinus Leucas,Bull Shark,1
Barataria,1998-05-20,29.25083,-90.01778,Gillnet,Cynoscion Nebulosus,Spotted Seatrout,1
Barataria,1998-06-17,29.25083,-90.01778,Gillnet,Cynoscion Nebulosus,Spotted Seatrout,4
Barataria,1998-07-07,29.25083,-90.01778,Gillnet,Arius Felis,Sea Catfish,1
Barataria,1998-07-07,29.25083,-90.01778,Gillnet,Callinectes Sapidus,Blue Crab,1
Barataria,1998-07-07,29.25083,-90.01778,Gillnet,Cynoscion Nebulosus,Spotted Seatrout,1
Barataria,1998-07-07,29.25083,-90.01778,Gillnet,Scomberomorus Maculatus,Spanish Mackerel,1
Barataria,1998-07-21,29.25083,-90.01778,Gillnet,Arius Felis,Sea Catfish,1
Barataria,1998-09-15,29.25083,-90.01778,Gillnet,Cynoscion Nebulosus,Spotted Seatrout,1
Barataria,1998-12-01,29.25083,-90.01778,Gillnet,Sciaenops Ocellatus,Red Drum,1
Barataria,1999-02-03,29.25083,-90.01778,Gillnet,Arius Felis,Sea Catfish,1
Barataria,1999-02-03,29.25083,-90.01778,Gillnet,Pogonias Cromis,Black Drum,1
Barataria,1999-03-23,29.25083,-90.01778,Gillnet,Arius Felis,Sea Catfish,4
Barataria,1999-05-13,29.25083,-90.01778,Gillnet,Arius Felis,Sea Catfish,1
Barataria,1999-05-13,29.25083,-90.01778,Gillnet,Cynoscion Nebulosus,Spotted Seatrout,25
Barataria,1999-05-19,29.25083,-90.01778,Gillnet,Arius Felis,Sea Catfish,4
Barataria,1999-05-19,29.25083,-90.01778,Gillnet,Callinectes Sapidus,Blue Crab,1
Barataria,1999-06-08,29.25083,-90.01778,Gillnet,Brevoortia Patronus,Gulf Menhaden,1
Barataria,1999-06-08,29.25083,-90.01778,Gillnet,Menticirrhus Americanus,Southern Kingfish,1
Barataria,1999-06-16,29.25083,-90.01778,Gillnet,Peprilus Alepidotus,Harvestfish,4
Barataria,1999-07-06,29.25083,-90.01778,Gillnet,Callinectes Sapidus,Blue Crab,1
Barataria,1999-07-20,29.25083,-90.01778,Gillnet,Peprilus Alepidotus,Harvestfish,9
Barataria,1999-08-11,29.25083,-90.01778,Gillnet,Arius Felis,Sea Catfish,1
Barataria,1999-09-21,29.25083,-90.01778,Gillnet,Arius Felis,Sea Catfish,1
Barataria,1999-09-28,29.25083,-90.01778,Gillnet,Arius Felis,Sea Catfish,1
Barataria,2000-03-13,29.25083,-90.01778,Gillnet,Arius Felis,Sea Catfish,1
Barataria,2000-03-13,29.25083,-90.01778,Gillnet,Scomberomorus Maculatus,Spanish Mackerel,1
Barataria,2000-06-27,29.25083,-90.01778,Gillnet,Callinectes Sapidus,Blue Crab,1
Barataria,2000-08-09,29.25083,-90.01778,Gillnet,Leiostomus Xanthurus,Spot,1
Barataria,2000-08-09,29.25083,-90.01778,Gillnet,Paralichthys Lethostigma,Southern Flounder,1
Barataria,2000-08-23,29.25083,-90.01778,Gillnet,Arius Felis,Sea Catfish,1
Barataria,2000-09-27,29.25083,-90.01778,Gillnet,Arius Felis,Sea Catfish,1
Barataria,2000-09-27,29.25083,-90.01778,Gillnet,Micropogonias Undulatus,Atlantic Croaker,36
Barataria,2000-11-01,29.25083,-90.01778,Gillnet,Arius Felis,Sea Catfish,4
Barataria,2001-02-08,29.25083,-90.01778,Gillnet,Arius Felis,Sea Catfish,1
Barataria,2001-03-05,29.25083,-90.01778,Gillnet,Arius Felis,Sea Catfish,4
Barataria,2001-05-30,29.25083,-90.01778,Gillnet,Arius Felis,Sea Catfish,1
Barataria,2001-05-30,29.25083,-90.01778,Gillnet,Brevoortia Patronus,Gulf Menhaden,144
Barataria,2001-06-20,29.25083,-90.01778,Gillnet,Brevoortia Patronus,Gulf Menhaden,1
Barataria,2001-07-19,29.25083,-90.01778,Gillnet,Brevoortia Patronus,Gulf Menhaden,1
Barataria,2001-08-14,29.25083,-90.01778,Gillnet,Callinectes Sapidus,Blue Crab,1
Barataria,2001-09-17,29.25083,-90.01778,Gillnet,Brevoortia Patronus,Gulf Menhaden,4
Barataria,2001-09-24,29.25083,-90.01778,Gillnet,Arius Felis,Sea Catfish,1
Barataria,2001-09-24,29.25083,-90.01778,Gillnet,Cynoscion Arenarius,Sand Seatrout,1
Barataria,2001-10-03,29.25083,-90.01778,Gillnet,Arius Felis,Sea Catfish,1
Barataria,2001-11-26,29.25083,-90.01778,Gillnet,Arius Felis,Sea Catfish,64
Barataria,2001-11-26,29.25083,-90.01778,Gillnet,Sciaenops Ocellatus,Red Drum,1
Barataria,2002-01-23,29.25083,-90.01778,Gillnet,Arius Felis,Sea Catfish,4
Barataria,2002-03-25,29.25083,-90.01778,Gillnet,Cynoscion Nebulosus,Spotted Seatrout,1
Barataria,2002-04-10,29.25083,-90.01778,Gillnet,Arius Felis,Sea Catfish,4
Barataria,2002-06-26,29.25083,-90.01778,Gillnet,Cynoscion Arenarius,Sand Seatrout,1
Barataria,2002-07-11,29.25083,-90.01778,Gillnet,Callinectes Sapidus,Blue Crab,1
Barataria,2002-07-17,29.25083,-90.01778,Gillnet,Callinectes Sapidus,Blue Crab,1
Barataria,2002-10-09,29.25083,-90.01778,Gillnet,Cynoscion Arenarius,Sand Seatrout,1
Barataria,2002-10-09,29.25083,-90.01778,Gillnet,Scomberomorus Maculatus,Spanish Mackerel,1
Barataria,2003-02-24,29.25083,-90.01778,Gillnet,Arius Felis,Sea Catfish,25
Barataria,2003-02-24,29.25083,-90.01778,Gillnet,Pogonias Cromis,Black Drum,1
Barataria,2003-04-14,29.25083,-90.01778,Gillnet,Arius Felis,Sea Catfish,1
Barataria,2003-04-23,29.25083,-90.01778,Gillnet,Brevoortia Patronus,Gulf Menhaden,1
Barataria,2003-04-23,29.25083,-90.01778,Gillnet,Cynoscion Arenarius,Sand Seatrout,1
Barataria,2003-04-23,29.25083,-90.01778,Gillnet,Cynoscion Nebulosus,Spotted Seatrout,1
Barataria,2003-10-08,29.25083,-90.01778,Gillnet,Arius Felis,Sea Catfish,4
Barataria,2003-11-10,29.25083,-90.01778,Gillnet,Arius Felis,Sea Catfish,16
Barataria,2004-04-15,29.25083,-90.01778,Gillnet,Pogonias Cromis,Black Drum,4
Barataria,2004-04-20,29.25083,-90.01778,Gillnet,Arius Felis,Sea Catfish,1
Barataria,2004-05-04,29.25083,-90.01778,Gillnet,Cynoscion Nebulosus,Spotted Seatrout,1
Barataria,2004-06-22,29.25083,-90.01778,Gillnet,Cynoscion Arenarius,Sand Seatrout,1
Barataria,2004-07-20,29.25083,-90.01778,Gillnet,Arius Felis,Sea Catfish,4
Barataria,2004-08-05,29.25083,-90.01778,Gillnet,Arius Felis,Sea Catfish,16
Barataria,2004-08-05,29.25083,-90.01778,Gillnet,Cynoscion Nebulosus,Spotted Seatrout,1
Barataria,2004-09-20,29.25083,-90.01778,Gillnet,Arius Felis,Sea Catfish,1
Barataria,2004-09-20,29.25083,-90.01778,Gillnet,Cynoscion Arenarius,Sand Seatrout,1
Barataria,2004-09-27,29.25083,-90.01778,Gillnet,Cynoscion Arenarius,Sand Seatrout,16
Barataria,2005-04-19,29.25083,-90.01778,Gillnet,Arius Felis,Sea Catfish,1
Barataria,2005-07-19,29.25083,-90.01778,Gillnet,Callinectes Sapidus,Blue Crab,4
Barataria,2005-07-26,29.25083,-90.01778,Gillnet,Callinectes Sapidus,Blue Crab,49
Barataria,2005-08-10,29.25083,-90.01778,Gillnet,Arius Felis,Sea Catfish,5
Barataria,2005-08-10,29.25083,-90.01778,Gillnet,Callinectes Sapidus,Blue Crab,4
Barataria,2005-11-08,29.25083,-90.01778,Gillnet,Arius Felis,Sea Catfish,2
Barataria,2005-11-08,29.25083,-90.01778,Gillnet,Pogonias Cromis,Black Drum,4
Barataria,2006-01-04,29.25083,-90.01778,Gillnet,Arius Felis,Sea Catfish,4
Barataria,2006-02-01,29.25083,-90.01778,Gillnet,Arius Felis,Sea Catfish,4
Barataria,2006-03-02,29.25083,-90.01778,Gillnet,Arius Felis,Sea Catfish,1
Barataria,2006-04-04,29.25083,-90.01778,Gillnet,Arius Felis,Sea Catfish,1
Barataria,2006-07-18,29.25083,-90.01778,Gillnet,Callinectes Sapidus,Blue Crab,16
Barataria,2006-07-18,29.25083,-90.01778,Gillnet,Carcharhinus Leucas,Bull Shark,1
Barataria,2006-08-24,29.25083,-90.01778,Gillnet,Trachinotus falcatus,Permit,4
Barataria,2006-09-13,29.25083,-90.01778,Gillnet,Arius Felis,Sea Catfish,1
Barataria,2006-09-13,29.25083,-90.01778,Gillnet,Brevoortia Patronus,Gulf Menhaden,1
Barataria,2006-09-13,29.25083,-90.01778,Gillnet,Elops Saurus,Ladyfish,1
Barataria,2006-09-18,29.25083,-90.01778,Gillnet,Arius Felis,Sea Catfish,1
Barataria,2006-09-18,29.25083,-90.01778,Gillnet,Elops Saurus,Ladyfish,1
Barataria,2006-12-06,29.25083,-90.01778,Gillnet,Sciaenops Ocellatus,Red Drum,1
Barataria,2007-01-10,29.25083,-90.01778,Gillnet,Pogonias Cromis,Black Drum,1
Barataria,2007-04-18,29.25083,-90.01778,Gillnet,Arius Felis,Sea Catfish,2
Barataria,2007-04-18,29.25083,-90.01778,Gillnet,Trachinotus Carolinus,Florida Pompano,1
Barataria,2007-05-15,29.25083,-90.01778,Gillnet,Bagre Marinus,Gafftopsail Catfish,1
Barataria,2007-07-11,29.25083,-90.01778,Gillnet,Bagre Marinus,Gafftopsail Catfish,1
Barataria,2007-08-01,29.25083,-90.01778,Gillnet,Callinectes Sapidus,Blue Crab,1
Barataria,2007-08-14,29.25083,-90.01778,Gillnet,Callinectes Sapidus,Blue Crab,16
Barataria,2007-09-04,29.25083,-90.01778,Gillnet,Arius Felis,Sea Catfish,2
Barataria,2007-09-04,29.25083,-90.01778,Gillnet,Brevoortia Patronus,Gulf Menhaden,4
Barataria,2007-09-04,29.25083,-90.01778,Gillnet,Callinectes Sapidus,Blue Crab,4
Barataria,2007-09-04,29.25083,-90.01778,Gillnet,Peprilus Alepidotus,Harvestfish,1
Barataria,2007-09-04,29.25083,-90.01778,Gillnet,Scomberomorus Maculatus,Spanish Mackerel,4
Barataria,2008-03-05,29.25083,-90.01778,Gillnet,Arius Felis,Sea Catfish,1
Barataria,2008-03-05,29.25083,-90.01778,Gillnet,Pogonias Cromis,Black Drum,1
Barataria,2008-04-02,29.25083,-90.01778,Gillnet,Arius Felis,Sea Catfish,1
Barataria,2008-04-14,29.25083,-90.01778,Gillnet,Arius Felis,Sea Catfish,1
Barataria,2008-05-06,29.25083,-90.01778,Gillnet,Brevoortia Patronus,Gulf Menhaden,4
Barataria,2008-05-19,29.25083,-90.01778,Gillnet,Archosargus Probatocephalus,Sheepshead,1
Barataria,2008-05-19,29.25083,-90.01778,Gillnet,Cynoscion Arenarius,Sand Seatrout,1
Barataria,2008-06-10,29.25083,-90.01778,Gillnet,Brevoortia Patronus,Gulf Menhaden,4
Barataria,2008-08-19,29.25083,-90.01778,Gillnet,Arius Felis,Sea Catfish,1
Barataria,2008-08-19,29.25083,-90.01778,Gillnet,Bagre Marinus,Gafftopsail Catfish,1
Barataria,2008-08-19,29.25083,-90.01778,Gillnet,Callinectes Sapidus,Blue Crab,1
Barataria,2008-08-19,29.25083,-90.01778,Gillnet,Scomberomorus Maculatus,Spanish Mackerel,1
Barataria,2008-11-18,29.25083,-90.01778,Gillnet,Arius Felis,Sea Catfish,1
Barataria,2008-12-17,29.25083,-90.01778,Gillnet,Arius Felis,Sea Catfish,1
Barataria,2008-12-17,29.25083,-90.01778,Gillnet,Callinectes Sapidus,Blue Crab,1
Barataria,2009-01-05,29.25083,-90.01778,Gillnet,Arius Felis,Sea Catfish,1
Barataria,2009-03-04,29.25083,-90.01778,Gillnet,Arius Felis,Sea Catfish,1
Barataria,2009-04-22,29.25083,-90.01778,Gillnet,Archosargus Probatocephalus,Sheepshead,1
Barataria,2009-05-11,29.25083,-90.01778,Gillnet,Bagre Marinus,Gafftopsail Catfish,1
Barataria,2009-05-11,29.25083,-90.01778,Gillnet,Brevoortia Patronus,Gulf Menhaden,1
Barataria,2009-05-11,29.25083,-90.01778,Gillnet,Callinectes Sapidus,Blue Crab,1
Barataria,2009-05-11,29.25083,-90.01778,Gillnet,Cynoscion Nebulosus,Spotted Seatrout,1
Barataria,2009-05-19,29.25083,-90.01778,Gillnet,Callinectes Sapidus,Blue Crab,1
Barataria,2009-06-03,29.25083,-90.01778,Gillnet,Arius Felis,Sea Catfish,1
Barataria,2009-06-03,29.25083,-90.01778,Gillnet,Scomberomorus Maculatus,Spanish Mackerel,1
Barataria,2009-06-17,29.25083,-90.01778,Gillnet,Arius Felis,Sea Catfish,1
Barataria,2009-06-17,29.25083,-90.01778,Gillnet,Brevoortia Patronus,Gulf Menhaden,1470
Barataria,2009-06-17,29.25083,-90.01778,Gillnet,Callinectes Sapidus,Blue Crab,4
Barataria,2009-06-17,29.25083,-90.01778,Gillnet,Pomatomus Saltatrix,Bluefish,1
Barataria,2009-07-09,29.25083,-90.01778,Gillnet,Arius Felis,Sea Catfish,2
Barataria,2009-07-09,29.25083,-90.01778,Gillnet,Bagre Marinus,Gafftopsail Catfish,1
Barataria,2009-07-09,29.25083,-90.01778,Gillnet,Cynoscion Nebulosus,Spotted Seatrout,1
Barataria,2009-07-28,29.25083,-90.01778,Gillnet,Arius Felis,Sea Catfish,4
Barataria,2009-07-28,29.25083,-90.01778,Gillnet,Bagre Marinus,Gafftopsail Catfish,4
Barataria,2009-07-28,29.25083,-90.01778,Gillnet,Callinectes Sapidus,Blue Crab,1
Barataria,2009-08-11,29.25083,-90.01778,Gillnet,Callinectes Sapidus,Blue Crab,1
Barataria,2009-09-01,29.25083,-90.01778,Gillnet,Arius Felis,Sea Catfish,1
Barataria,2009-09-01,29.25083,-90.01778,Gillnet,Bagre Marinus,Gafftopsail Catfish,1
Barataria,2009-09-01,29.25083,-90.01778,Gillnet,Brevoortia Patronus,Gulf Menhaden,1
Barataria,2009-09-01,29.25083,-90.01778,Gillnet,Callinectes Sapidus,Blue Crab,1
Barataria,2009-09-14,29.25083,-90.01778,Gillnet,Brevoortia Patronus,Gulf Menhaden,1
Barataria,2009-11-03,29.25083,-90.01778,Gillnet,Brevoortia Patronus,Gulf Menhaden,1
Barataria,2009-12-07,29.25083,-90.01778,Gillnet,Pogonias Cromis,Black Drum,1
Barataria,2010-04-13,29.25083,-90.01778,Gillnet,Arius Felis,Sea Catfish,5
Barataria,2010-04-13,29.25083,-90.01778,Gillnet,Scomberomorus Maculatus,Spanish Mackerel,1
Barataria,2010-05-04,29.25083,-90.01778,Gillnet,Bagre Marinus,Gafftopsail Catfish,4
Barataria,2010-05-04,29.25083,-90.01778,Gillnet,Cynoscion Nebulosus,Spotted Seatrout,1
Barataria,2010-07-26,29.25083,-90.01778,Gillnet,Arius Felis,Sea Catfish,2
Barataria,2010-07-26,29.25083,-90.01778,Gillnet,Callinectes Sapidus,Blue Crab,1
Barataria,2010-08-02,29.25083,-90.01778,Gillnet,Bagre Marinus,Gafftopsail Catfish,4
Barataria,2010-08-02,29.25083,-90.01778,Gillnet,Cynoscion Arenarius,Sand Seatrout,1
Barataria,2010-09-02,29.25083,-90.01778,Gillnet,Arius Felis,Sea Catfish,1
Barataria,2010-09-02,29.25083,-90.01778,Gillnet,Carcharhinus Leucas,Bull Shark,1
Barataria,2010-09-15,29.25083,-90.01778,Gillnet,Bagre Marinus,Gafftopsail Catfish,1
Barataria,2011-01-10,29.25083,-90.01778,Gillnet,Pogonias Cromis,Black Drum,1
Barataria,2011-04-20,29.25083,-90.01778,Gillnet,Arius Felis,Sea Catfish,1
Barataria,2011-04-20,29.25083,-90.01778,Gillnet,Bagre Marinus,Gafftopsail Catfish,16
Barataria,2011-05-06,29.25083,-90.01778,Gillnet,Bagre Marinus,Gafftopsail Catfish,1
Barataria,2011-05-26,29.25083,-90.01778,Gillnet,Bagre Marinus,Gafftopsail Catfish,1
Barataria,2011-05-26,29.25083,-90.01778,Gillnet,Penaeus Setiferus,White Shrimp,1
Barataria,2011-06-28,29.25083,-90.01778,Gillnet,Bagre Marinus,Gafftopsail Catfish,1
Barataria,2011-07-27,29.25083,-90.01778,Gillnet,Bagre Marinus,Gafftopsail Catfish,4
Barataria,2011-08-04,29.25083,-90.01778,Gillnet,Callinectes Sapidus,Blue Crab,4
Barataria,2011-08-04,29.25083,-90.01778,Gillnet,Cynoscion Nebulosus,Spotted Seatrout,1
Barataria,2011-08-22,29.25083,-90.01778,Gillnet,Brevoortia Patronus,Gulf Menhaden,1
Barataria,2011-08-22,29.25083,-90.01778,Gillnet,Callinectes Sapidus,Blue Crab,1
Barataria,2011-09-12,29.25083,-90.01778,Gillnet,Arius Felis,Sea Catfish,2
Barataria,2011-09-26,29.25083,-90.01778,Gillnet,Arius Felis,Sea Catfish,1
Barataria,2011-09-26,29.25083,-90.01778,Gillnet,Cynoscion Arenarius,Sand Seatrout,64
Barataria,2011-09-26,29.25083,-90.01778,Gillnet,Peprilus Alepidotus,Harvestfish,2
Barataria,2011-10-12,29.25083,-90.01778,Gillnet,Arius Felis,Sea Catfish,5
Barataria,2011-10-12,29.25083,-90.01778,Gillnet,Sciaenops Ocellatus,Red Drum,1
Barataria,2011-11-03,29.25083,-90.01778,Gillnet,Aurelia aurita,Moon Jellyfish,9
Barataria,2011-11-03,29.25083,-90.01778,Gillnet,Callinectes Sapidus,Blue Crab,1
Barataria,2012-03-15,29.25083,-90.01778,Gillnet,Arius Felis,Sea Catfish,1
Barataria,2012-04-12,29.25083,-90.01778,Gillnet,Arius Felis,Sea Catfish,1
Barataria,2012-04-12,29.25083,-90.01778,Gillnet,Penaeus Setiferus,White Shrimp,1
Barataria,2012-05-23,29.25083,-90.01778,Gillnet,Callinectes Sapidus,Blue Crab,1
Barataria,2012-05-23,29.25083,-90.01778,Gillnet,Menippe Mercenaria,Florida Stone Crab,1
Barataria,2012-05-23,29.25083,-90.01778,Gillnet,Selene Vomer,Lookdown,1
Barataria,2012-06-22,29.25083,-90.01778,Gillnet,Bagre Marinus,Gafftopsail Catfish,1
Barataria,2012-07-12,29.25083,-90.01778,Gillnet,Arius Felis,Sea Catfish,1
Barataria,2012-07-12,29.25083,-90.01778,Gillnet,Cynoscion Arenarius,Sand Seatrout,1
Barataria,2012-08-08,29.25083,-90.01778,Gillnet,Pogonias Cromis,Black Drum,1
Barataria,2012-08-22,29.25083,-90.01778,Gillnet,Arius Felis,Sea Catfish,3
Barataria,2012-08-22,29.25083,-90.01778,Gillnet,Callinectes Sapidus,Blue Crab,1
Barataria,2012-08-22,29.25083,-90.01778,Gillnet,Chaetodipterus Faber,Atlantic Spadefish,4
Barataria,2012-08-22,29.25083,-90.01778,Gillnet,Cynoscion Nebulosus,Spotted Seatrout,1
Barataria,2012-08-22,29.25083,-90.01778,Gillnet,Elops Saurus,Ladyfish,1
Barataria,2012-09-10,29.25083,-90.01778,Gillnet,Arius Felis,Sea Catfish,1
Barataria,2012-09-10,29.25083,-90.01778,Gillnet,Bagre Marinus,Gafftopsail Catfish,1
Barataria,2012-09-10,29.25083,-90.01778,Gillnet,Cynoscion Nebulosus,Spotted Seatrout,4
Barataria,2013-02-08,29.25083,-90.01778,Gillnet,Arius Felis,Sea Catfish,2
Barataria,2013-03-08,29.25083,-90.01778,Gillnet,Arius Felis,Sea Catfish,5
Barataria,2013-04-23,29.25083,-90.01778,Gillnet,Bagre Marinus,Gafftopsail Catfish,1
Barataria,2013-05-01,29.25083,-90.01778,Gillnet,Archosargus Probatocephalus,Sheepshead,1
Barataria,2013-05-01,29.25083,-90.01778,Gillnet,Arius Felis,Sea Catfish,1
Barataria,2013-05-01,29.25083,-90.01778,Gillnet,Bagre Marinus,Gafftopsail Catfish,1
Barataria,2013-09-19,29.25083,-90.01778,Gillnet,Aurelia aurita,Moon Jellyfish,4
Barataria,2014-04-17,29.25083,-90.01778,Gillnet,Arius Felis,Sea Catfish,1
Barataria,2014-04-17,29.25083,-90.01778,Gillnet,Bagre Marinus,Gafftopsail Catfish,1
Barataria,2014-04-17,29.25083,-90.01778,Gillnet,Scomberomorus Maculatus,Spanish Mackerel,1
Barataria,2014-07-03,29.25083,-90.01778,Gillnet,Paralichthys Lethostigma,Southern Flounder,1
Barataria,2014-07-17,29.25083,-90.01778,Gillnet,Bagre Marinus,Gafftopsail Catfish,4
Barataria,2014-07-17,29.25083,-90.01778,Gillnet,Callinectes Sapidus,Blue Crab,1
Barataria,2014-07-17,29.25083,-90.01778,Gillnet,Carcharhinus Leucas,Bull Shark,1
Barataria,2014-09-17,29.25083,-90.01778,Gillnet,Elops Saurus,Ladyfish,1
Barataria,2015-03-04,29.25083,-90.01778,Gillnet,Arius Felis,Sea Catfish,1
Barataria,2015-03-04,29.25083,-90.01778,Gillnet,Pogonias Cromis,Black Drum,1
Barataria,2015-06-01,29.25083,-90.01778,Gillnet,Brevoortia Patronus,Gulf Menhaden,1
Barataria,2015-07-02,29.25083,-90.01778,Gillnet,Bagre Marinus,Gafftopsail Catfish,1
Barataria,2015-07-23,29.25083,-90.01778,Gillnet,Brevoortia Patronus,Gulf Menhaden,1
Barataria,2015-08-05,29.25083,-90.01778,Gillnet,Brevoortia Patronus,Gulf Menhaden,16
Barataria,2015-10-08,29.25083,-90.01778,Gillnet,Arius Felis,Sea Catfish,1
Barataria,2016-10-04,29.25083,-90.01778,Gillnet,Arius Felis,Sea Catfish,1
Barataria,2017-02-13,29.25083,-90.01778,Gillnet,Arius Felis,Sea Catfish,1
Barataria,2017-08-17,29.25083,-90.01778,Gillnet,Cynoscion Arenarius,Sand Seatrout,1
Barataria,2018-09-06,29.25083,-90.01778,Gillnet,Brevoortia Patronus,Gulf Menhaden,1
Barataria,1991-07-31,29.27611,-89.93611,Gillnet,Arius Felis,Sea Catfish,3
Barataria,1992-04-08,29.27611,-89.93611,Gillnet,Brevoortia Patronus,Gulf Menhaden,1
Barataria,1992-06-05,29.27611,-89.93611,Gillnet,Menticirrhus Americanus,Southern Kingfish,1
Barataria,1992-06-25,29.27611,-89.93611,Gillnet,Arius Felis,Sea Catfish,2
Barataria,1992-07-21,29.27611,-89.93611,Gillnet,Trachinotus Carolinus,Florida Pompano,4
Barataria,1992-09-10,29.27611,-89.93611,Gillnet,Cynoscion Nebulosus,Spotted Seatrout,1
Barataria,1992-09-10,29.27611,-89.93611,Gillnet,Trachinotus Carolinus,Florida Pompano,4
Barataria,1992-10-08,29.27611,-89.93611,Gillnet,Cynoscion Nebulosus,Spotted Seatrout,1
Barataria,1993-03-23,29.27611,-89.93611,Gillnet,Sciaenops Ocellatus,Red Drum,1
Barataria,1993-04-20,29.27611,-89.93611,Gillnet,Cynoscion Nebulosus,Spotted Seatrout,1
Barataria,1993-07-12,29.27611,-89.93611,Gillnet,Bagre Marinus,Gafftopsail Catfish,1
Barataria,1993-07-12,29.27611,-89.93611,Gillnet,Cynoscion Nebulosus,Spotted Seatrout,1
Barataria,1993-08-11,29.27611,-89.93611,Gillnet,Elops Saurus,Ladyfish,1
Barataria,1993-08-24,29.27611,-89.93611,Gillnet,Arius Felis,Sea Catfish,2
Barataria,1993-09-23,29.27611,-89.93611,Gillnet,Carcharhinus Leucas,Bull Shark,1
Barataria,1993-09-23,29.27611,-89.93611,Gillnet,Trachinotus Carolinus,Florida Pompano,1
Barataria,1993-10-04,29.27611,-89.93611,Gillnet,Trachinotus Carolinus,Florida Pompano,1
Barataria,1993-11-18,29.27611,-89.93611,Gillnet,Atractosteus Spatula,Alligator Gar,1
Barataria,1994-05-25,29.27611,-89.93611,Gillnet,Brevoortia Patronus,Gulf Menhaden,16
Barataria,1994-05-25,29.27611,-89.93611,Gillnet,Cynoscion Nebulosus,Spotted Seatrout,1
Barataria,1994-06-16,29.27611,-89.93611,Gillnet,Scomberomorus Maculatus,Spanish Mackerel,1
Barataria,1994-06-29,29.27611,-89.93611,Gillnet,Rhinoptera Bonasus,Cownose Ray,2
Barataria,1994-07-26,29.27611,-89.93611,Gillnet,Cynoscion Arenarius,Sand Seatrout,1
Barataria,1995-07-17,29.27611,-89.93611,Gillnet,Clupea Harengus,Atlantic Herring,1
Barataria,1995-08-24,29.27611,-89.93611,Gillnet,Pogonias Cromis,Black Drum,1444
Barataria,1996-01-24,29.27611,-89.93611,Gillnet,Arius Felis,Sea Catfish,2
Barataria,1996-04-02,29.27611,-89.93611,Gillnet,Arius Felis,Sea Catfish,1
Barataria,1996-04-09,29.27611,-89.93611,Gillnet,Arius Felis,Sea Catfish,1
Barataria,1996-04-09,29.27611,-89.93611,Gillnet,Caranx Hippos,Crevalle Jack,1
Barataria,1996-05-21,29.27611,-89.93611,Gillnet,Trachinotus Carolinus,Florida Pompano,1
Barataria,1996-07-10,29.27611,-89.93611,Gillnet,Arius Felis,Sea Catfish,9
Barataria,1996-07-31,29.27611,-89.93611,Gillnet,Callinectes Sapidus,Blue Crab,1
Barataria,1996-08-14,29.27611,-89.93611,Gillnet,Caranx Hippos,Crevalle Jack,4
Barataria,1996-08-14,29.27611,-89.93611,Gillnet,Elops Saurus,Ladyfish,4
Barataria,1996-09-05,29.27611,-89.93611,Gillnet,Arius Felis,Sea Catfish,1
Barataria,1996-09-05,29.27611,-89.93611,Gillnet,Elops Saurus,Ladyfish,9
Barataria,1996-09-24,29.27611,-89.93611,Gillnet,Arius Felis,Sea Catfish,1
Barataria,1996-09-24,29.27611,-89.93611,Gillnet,Elops Saurus,Ladyfish,4
Barataria,1997-03-18,29.27611,-89.93611,Gillnet,Arius Felis,Sea Catfish,1
Barataria,1997-05-07,29.27611,-89.93611,Gillnet,Scomberomorus Maculatus,Spanish Mackerel,25
Barataria,1997-05-07,29.27611,-89.93611,Gillnet,Trachinotus Carolinus,Florida Pompano,1
Barataria,1997-05-27,29.27611,-89.93611,Gillnet,Cynoscion Nebulosus,Spotted Seatrout,1
Barataria,1997-05-27,29.27611,-89.93611,Gillnet,Trachinotus Carolinus,Florida Pompano,4
Barataria,1997-06-04,29.27611,-89.93611,Gillnet,Peprilus Alepidotus,Harvestfish,9
Barataria,1997-07-01,29.27611,-89.93611,Gillnet,Brevoortia Patronus,Gulf Menhaden,1
Barataria,1997-07-09,29.27611,-89.93611,Gillnet,Brevoortia Patronus,Gulf Menhaden,1
Barataria,1997-08-13,29.27611,-89.93611,Gillnet,Callinectes Sapidus,Blue Crab,1
Barataria,1997-08-13,29.27611,-89.93611,Gillnet,Scomberomorus Maculatus,Spanish Mackerel,1
Barataria,1997-09-02,29.27611,-89.93611,Gillnet,Caranx Hippos,Crevalle Jack,1
Barataria,1997-09-02,29.27611,-89.93611,Gillnet,Pogonias Cromis,Black Drum,36
Barataria,1998-05-04,29.27611,-89.93611,Gillnet,Trachinotus Carolinus,Florida Pompano,1
Barataria,1998-07-06,29.27611,-89.93611,Gillnet,Callinectes Sapidus,Blue Crab,1
Barataria,1998-08-12,29.27611,-89.93611,Gillnet,Callinectes Sapidus,Blue Crab,1
Barataria,1998-08-25,29.27611,-89.93611,Gillnet,Callinectes Sapidus,Blue Crab,1
Barataria,1998-10-13,29.27611,-89.93611,Gillnet,Arius Felis,Sea Catfish,1
Barataria,1998-10-13,29.27611,-89.93611,Gillnet,Scomberomorus Maculatus,Spanish Mackerel,4
Barataria,1998-12-01,29.27611,-89.93611,Gillnet,Callinectes Sapidus,Blue Crab,1
Barataria,1999-04-07,29.27611,-89.93611,Gillnet,Peprilus Alepidotus,Harvestfish,1
Barataria,1999-04-28,29.27611,-89.93611,Gillnet,Callinectes Sapidus,Blue Crab,1
Barataria,1999-05-18,29.27611,-89.93611,Gillnet,Callinectes Sapidus,Blue Crab,1
Barataria,1999-06-23,29.27611,-89.93611,Gillnet,Callinectes Sapidus,Blue Crab,1
Barataria,1999-07-27,29.27611,-89.93611,Gillnet,Callinectes Sapidus,Blue Crab,1
Barataria,1999-07-27,29.27611,-89.93611,Gillnet,Cynoscion Arenarius,Sand Seatrout,9
Barataria,1999-07-27,29.27611,-89.93611,Gillnet,Cynoscion Nebulosus,Spotted Seatrout,1
Barataria,1999-07-27,29.27611,-89.93611,Gillnet,Micropogonias Undulatus,Atlantic Croaker,64
Barataria,1999-07-27,29.27611,-89.93611,Gillnet,Peprilus Alepidotus,Harvestfish,81
Barataria,1999-08-12,29.27611,-89.93611,Gillnet,Callinectes Sapidus,Blue Crab,16
Barataria,1999-08-24,29.27611,-89.93611,Gillnet,Arius Felis,Sea Catfish,4
Barataria,1999-08-24,29.27611,-89.93611,Gillnet,Callinectes Sapidus,Blue Crab,1230
Barataria,1999-08-24,29.27611,-89.93611,Gillnet,Caranx Hippos,Crevalle Jack,1
Barataria,1999-08-24,29.27611,-89.93611,Gillnet,Elops Saurus,Ladyfish,9
Barataria,1999-08-24,29.27611,-89.93611,Gillnet,Menticirrhus Americanus,Southern Kingfish,1
Barataria,1999-09-21,29.27611,-89.93611,Gillnet,Trachinotus Carolinus,Florida Pompano,1
Barataria,2000-03-20,29.27611,-89.93611,Gillnet,Rhinoptera Bonasus,Cownose Ray,1
Barataria,2000-04-18,29.27611,-89.93611,Gillnet,Peprilus Alepidotus,Harvestfish,9
Barataria,2000-05-16,29.27611,-89.93611,Gillnet,Carcharhinus Limbatus,Blacktip Shark,1
Barataria,2000-05-16,29.27611,-89.93611,Gillnet,Scomberomorus Maculatus,Spanish Mackerel,1
Barataria,2000-07-19,29.27611,-89.93611,Gillnet,Brevoortia Patronus,Gulf Menhaden,169
Barataria,2000-07-19,29.27611,-89.93611,Gillnet,Callinectes Sapidus,Blue Crab,9
Barataria,2000-07-19,29.27611,-89.93611,Gillnet,Carcharhinus Leucas,Bull Shark,9
Barataria,2000-07-19,29.27611,-89.93611,Gillnet,Cynoscion Nebulosus,Spotted Seatrout,4
Barataria,2000-07-19,29.27611,-89.93611,Gillnet,Menticirrhus Americanus,Southern Kingfish,1
Barataria,2000-07-19,29.27611,-89.93611,Gillnet,Penaeus Setiferus,White Shrimp,1
Barataria,2000-07-19,29.27611,-89.93611,Gillnet,Pomatomus Saltatrix,Bluefish,1
Barataria,2000-07-19,29.27611,-89.93611,Gillnet,Scomberomorus Maculatus,Spanish Mackerel,1
Barataria,2000-07-26,29.27611,-89.93611,Gillnet,Callinectes Sapidus,Blue Crab,1
Barataria,2000-08-17,29.27611,-89.93611,Gillnet,Callinectes Sapidus,Blue Crab,4
Barataria,2000-08-17,29.27611,-89.93611,Gillnet,Elops Saurus,Ladyfish,1
Barataria,2000-08-23,29.27611,-89.93611,Gillnet,Arius Felis,Sea Catfish,4
Barataria,2000-09-27,29.27611,-89.93611,Gillnet,Brevoortia Patronus,Gulf Menhaden,4
Barataria,2000-09-27,29.27611,-89.93611,Gillnet,Chaetodipterus Faber,Atlantic Spadefish,1
Barataria,2001-04-25,29.27611,-89.93611,Gillnet,Arius Felis,Sea Catfish,1
Barataria,2001-05-31,29.27611,-89.93611,Gillnet,Arius Felis,Sea Catfish,1
Barataria,2001-06-28,29.27611,-89.93611,Gillnet,Brevoortia Patronus,Gulf Menhaden,4
Barataria,2001-07-18,29.27611,-89.93611,Gillnet,Arius Felis,Sea Catfish,9
Barataria,2001-07-18,29.27611,-89.93611,Gillnet,Callinectes Sapidus,Blue Crab,36
Barataria,2001-08-14,29.27611,-89.93611,Gillnet,Callinectes Sapidus,Blue Crab,9
Barataria,2001-09-20,29.27611,-89.93611,Gillnet,Callinectes Sapidus,Blue Crab,1
Barataria,2001-09-20,29.27611,-89.93611,Gillnet,Trachinotus Carolinus,Florida Pompano,1
Barataria,2001-11-19,29.27611,-89.93611,Gillnet,Arius Felis,Sea Catfish,1
Barataria,2002-07-17,29.27611,-89.93611,Gillnet,Callinectes Sapidus,Blue Crab,1
Barataria,2002-07-23,29.27611,-89.93611,Gillnet,Callinectes Sapidus,Blue Crab,4
Barataria,2002-08-21,29.27611,-89.93611,Gillnet,Trachinotus Carolinus,Florida Pompano,1
Barataria,2002-09-18,29.27611,-89.93611,Gillnet,Arius Felis,Sea Catfish,1
Barataria,2002-09-18,29.27611,-89.93611,Gillnet,Brevoortia Patronus,Gulf Menhaden,4
Barataria,2002-09-30,29.27611,-89.93611,Gillnet,Arius Felis,Sea Catfish,4
Barataria,2002-09-30,29.27611,-89.93611,Gillnet,Rhinoptera Bonasus,Cownose Ray,16
Barataria,2003-03-11,29.27611,-89.93611,Gillnet,Caranx Hippos,Crevalle Jack,1
Barataria,2003-04-14,29.27611,-89.93611,Gillnet,Arius Felis,Sea Catfish,1
Barataria,2003-04-23,29.27611,-89.93611,Gillnet,Arius Felis,Sea Catfish,1
Barataria,2003-05-22,29.27611,-89.93611,Gillnet,Caranx Hippos,Crevalle Jack,1
Barataria,2003-05-28,29.27611,-89.93611,Gillnet,Pogonias Cromis,Black Drum,1
Barataria,2003-06-18,29.27611,-89.93611,Gillnet,Callinectes Sapidus,Blue Crab,1
Barataria,2003-07-08,29.27611,-89.93611,Gillnet,Arius Felis,Sea Catfish,4
Barataria,2003-07-16,29.27611,-89.93611,Gillnet,Scomberomorus Maculatus,Spanish Mackerel,1
Barataria,2003-09-18,29.27611,-89.93611,Gillnet,Arius Felis,Sea Catfish,1
Barataria,2003-09-18,29.27611,-89.93611,Gillnet,Citharichthys Spilopterus,Bay Whiff,1
Barataria,2003-10-08,29.27611,-89.93611,Gillnet,Arius Felis,Sea Catfish,1
Barataria,2004-04-01,29.27611,-89.93611,Gillnet,Arius Felis,Sea Catfish,4
Barataria,2004-04-01,29.27611,-89.93611,Gillnet,Brevoortia Patronus,Gulf Menhaden,100
Barataria,2004-05-04,29.27611,-89.93611,Gillnet,Trachinotus Carolinus,Florida Pompano,1
Barataria,2004-07-14,29.27611,-89.93611,Gillnet,Menticirrhus Americanus,Southern Kingfish,1
Barataria,2004-07-14,29.27611,-89.93611,Gillnet,Penaeus Setiferus,White Shrimp,1
Barataria,2004-07-14,29.27611,-89.93611,Gillnet,Scomberomorus Maculatus,Spanish Mackerel,9
Barataria,2004-08-11,29.27611,-89.93611,Gillnet,Arius Felis,Sea Catfish,16
Barataria,2004-08-11,29.27611,-89.93611,Gillnet,Callinectes Sapidus,Blue Crab,1
Barataria,2004-09-27,29.27611,-89.93611,Gillnet,Trachinotus Carolinus,Florida Pompano,4
Barataria,2005-01-04,29.27611,-89.93611,Gillnet,Callinectes Sapidus,Blue Crab,1
Barataria,2005-03-08,29.27611,-89.93611,Gillnet,Brevoortia Patronus,Gulf Menhaden,4
Barataria,2005-04-14,29.27611,-89.93611,Gillnet,Arius Felis,Sea Catfish,1
Barataria,2005-04-14,29.27611,-89.93611,Gillnet,Bagre Marinus,Gafftopsail Catfish,1
Barataria,2005-07-25,29.27611,-89.93611,Gillnet,Callinectes Sapidus,Blue Crab,16
Barataria,2005-08-09,29.27611,-89.93611,Gillnet,Callinectes Sapidus,Blue Crab,36
Barataria,2005-11-08,29.27611,-89.93611,Gillnet,Caranx Hippos,Crevalle Jack,1
Barataria,2006-05-03,29.27611,-89.93611,Gillnet,Arius Felis,Sea Catfish,1
Barataria,2006-05-03,29.27611,-89.93611,Gillnet,Callinectes Sapidus,Blue Crab,1
Barataria,2006-06-07,29.27611,-89.93611,Gillnet,Arius Felis,Sea Catfish,1
Barataria,2006-07-18,29.27611,-89.93611,Gillnet,Arius Felis,Sea Catfish,4
Barataria,2006-07-18,29.27611,-89.93611,Gillnet,Bagre Marinus,Gafftopsail Catfish,1
Barataria,2006-07-18,29.27611,-89.93611,Gillnet,Callinectes Sapidus,Blue Crab,256
Barataria,2006-07-31,29.27611,-89.93611,Gillnet,Callinectes Sapidus,Blue Crab,25
Barataria,2006-08-16,29.27611,-89.93611,Gillnet,Arius Felis,Sea Catfish,2
Barataria,2006-08-23,29.27611,-89.93611,Gillnet,Arius Felis,Sea Catfish,4
Barataria,2006-08-23,29.27611,-89.93611,Gillnet,Brevoortia Patronus,Gulf Menhaden,121
Barataria,2006-08-23,29.27611,-89.93611,Gillnet,Callinectes Sapidus,Blue Crab,16
Barataria,2006-08-23,29.27611,-89.93611,Gillnet,Cynoscion Arenarius,Sand Seatrout,990
Barataria,2006-08-23,29.27611,-89.93611,Gillnet,Menticirrhus Americanus,Southern Kingfish,9
Barataria,2006-08-23,29.27611,-89.93611,Gillnet,Micropogonias Undulatus,Atlantic Croaker,16
Barataria,2006-09-13,29.27611,-89.93611,Gillnet,Peprilus Alepidotus,Harvestfish,1
Barataria,2006-09-19,29.27611,-89.93611,Gillnet,Arius Felis,Sea Catfish,3
Barataria,2006-09-19,29.27611,-89.93611,Gillnet,Cynoscion Arenarius,Sand Seatrout,1
Barataria,2006-11-09,29.27611,-89.93611,Gillnet,Arius Felis,Sea Catfish,1
Barataria,2007-02-06,29.27611,-89.93611,Gillnet,Brevoortia Patronus,Gulf Menhaden,4
Barataria,2007-04-12,29.27611,-89.93611,Gillnet,Arius Felis,Sea Catfish,3
Barataria,2007-07-18,29.27611,-89.93611,Gillnet,Bagre Marinus,Gafftopsail Catfish,1
Barataria,2007-08-06,29.27611,-89.93611,Gillnet,Brevoortia Patronus,Gulf Menhaden,1
Barataria,2007-08-06,29.27611,-89.93611,Gillnet,Callinectes Sapidus,Blue Crab,9
Barataria,2007-08-14,29.27611,-89.93611,Gillnet,Arius Felis,Sea Catfish,1
Barataria,2007-09-19,29.27611,-89.93611,Gillnet,Arius Felis,Sea Catfish,1
Barataria,2008-04-01,29.27611,-89.93611,Gillnet,Scomberomorus Maculatus,Spanish Mackerel,1
Barataria,2008-05-07,29.27611,-89.93611,Gillnet,Brevoortia Patronus,Gulf Menhaden,1
Barataria,2008-07-01,29.27611,-89.93611,Gillnet,Callinectes Sapidus,Blue Crab,16
Barataria,2008-08-14,29.27611,-89.93611,Gillnet,Arius Felis,Sea Catfish,2
Barataria,2008-08-14,29.27611,-89.93611,Gillnet,Callinectes Sapidus,Blue Crab,9
Barataria,2008-09-09,29.27611,-89.93611,Gillnet,Arius Felis,Sea Catfish,5
Barataria,2008-09-09,29.27611,-89.93611,Gillnet,Scomberomorus Maculatus,Spanish Mackerel,9
Barataria,2008-10-01,29.27611,-89.93611,Gillnet,Arius Felis,Sea Catfish,1
Barataria,2009-01-05,29.27611,-89.93611,Gillnet,Callinectes Sapidus,Blue Crab,4
Barataria,2009-02-16,29.27611,-89.93611,Gillnet,Callinectes Sapidus,Blue Crab,4
Barataria,2009-04-22,29.27611,-89.93611,Gillnet,Arius Felis,Sea Catfish,1
Barataria,2009-04-22,29.27611,-89.93611,Gillnet,Callinectes Sapidus,Blue Crab,1
Barataria,2009-05-05,29.27611,-89.93611,Gillnet,Peprilus Alepidotus,Harvestfish,1
Barataria,2009-06-16,29.27611,-89.93611,Gillnet,Brevoortia Patronus,Gulf Menhaden,169
Barataria,2009-06-16,29.27611,-89.93611,Gillnet,Callinectes Sapidus,Blue Crab,1470
Barataria,2009-06-16,29.27611,-89.93611,Gillnet,Cynoscion Nebulosus,Spotted Seatrout,1
Barataria,2009-06-16,29.27611,-89.93611,Gillnet,Peprilus Alepidotus,Harvestfish,1
Barataria,2009-06-16,29.27611,-89.93611,Gillnet,Scomberomorus Maculatus,Spanish Mackerel,1
Barataria,2009-07-29,29.27611,-89.93611,Gillnet,Arius Felis,Sea Catfish,1
Barataria,2009-07-29,29.27611,-89.93611,Gillnet,Carcharhinus Limbatus,Blacktip Shark,9
Barataria,2009-09-01,29.27611,-89.93611,Gillnet,Scomberomorus Maculatus,Spanish Mackerel,1
Barataria,2009-09-16,29.27611,-89.93611,Gillnet,Arius Felis,Sea Catfish,1
Barataria,2009-09-16,29.27611,-89.93611,Gillnet,Brevoortia Patronus,Gulf Menhaden,9
Barataria,2009-09-16,29.27611,-89.93611,Gillnet,Carcharhinus Limbatus,Blacktip Shark,4
Barataria,2009-09-16,29.27611,-89.93611,Gillnet,Pomatomus Saltatrix,Bluefish,1
Barataria,2010-04-01,29.27611,-89.93611,Gillnet,Caranx Hippos,Crevalle Jack,5
Barataria,2010-04-20,29.27611,-89.93611,Gillnet,Arius Felis,Sea Catfish,2
Barataria,2010-04-20,29.27611,-89.93611,Gillnet,Eel Spp.,Eel Spp.,1
Barataria,2010-04-20,29.27611,-89.93611,Gillnet,Scomberomorus Maculatus,Spanish Mackerel,1
Barataria,2010-05-04,29.27611,-89.93611,Gillnet,Arius Felis,Sea Catfish,1
Barataria,2010-07-26,29.27611,-89.93611,Gillnet,Arius Felis,Sea Catfish,2
Barataria,2010-07-26,29.27611,-89.93611,Gillnet,Scomberomorus Maculatus,Spanish Mackerel,36
Barataria,2010-08-19,29.27611,-89.93611,Gillnet,Arius Felis,Sea Catfish,1
Barataria,2010-08-19,29.27611,-89.93611,Gillnet,Carcharhinus Brevipinna,Spinner Shark,1
Barataria,2010-08-19,29.27611,-89.93611,Gillnet,Peprilus Alepidotus,Harvestfish,1
Barataria,2010-08-19,29.27611,-89.93611,Gillnet,Scomberomorus Maculatus,Spanish Mackerel,1
Barataria,2010-08-31,29.27611,-89.93611,Gillnet,Arius Felis,Sea Catfish,3
Barataria,2010-10-05,29.27611,-89.93611,Gillnet,Arius Felis,Sea Catfish,6
Barataria,2011-06-07,29.27611,-89.93611,Gillnet,Peprilus Alepidotus,Harvestfish,1
Barataria,2011-07-26,29.27611,-89.93611,Gillnet,Callinectes Sapidus,Blue Crab,1
Barataria,2011-07-26,29.27611,-89.93611,Gillnet,Peprilus Alepidotus,Harvestfish,1
Barataria,2011-07-26,29.27611,-89.93611,Gillnet,Scomberomorus Maculatus,Spanish Mackerel,1
Barataria,2011-08-02,29.27611,-89.93611,Gillnet,Aurelia aurita,Moon Jellyfish,4
Barataria,2011-08-17,29.27611,-89.93611,Gillnet,Arius Felis,Sea Catfish,4
Barataria,2011-08-17,29.27611,-89.93611,Gillnet,Brevoortia Patronus,Gulf Menhaden,196
Barataria,2011-08-17,29.27611,-89.93611,Gillnet,Callinectes Sapidus,Blue Crab,9
Barataria,2011-08-17,29.27611,-89.93611,Gillnet,Scomberomorus Maculatus,Spanish Mackerel,4
Barataria,2011-09-13,29.27611,-89.93611,Gillnet,Elops Saurus,Ladyfish,1
Barataria,2011-10-11,29.27611,-89.93611,Gillnet,Arius Felis,Sea Catfish,3
Barataria,2011-10-11,29.27611,-89.93611,Gillnet,Brevoortia Patronus,Gulf Menhaden,4
Barataria,2011-10-11,29.27611,-89.93611,Gillnet,Rhinoptera Bonasus,Cownose Ray,1
Barataria,2011-11-04,29.27611,-89.93611,Gillnet,Aurelia aurita,Moon Jellyfish,4
Barataria,2011-12-01,29.27611,-89.93611,Gillnet,Aurelia aurita,Moon Jellyfish,1
Barataria,2012-01-05,29.27611,-89.93611,Gillnet,Aurelia aurita,Moon Jellyfish,1
Barataria,2012-02-22,29.27611,-89.93611,Gillnet,Callinectes Sapidus,Blue Crab,1
Barataria,2012-03-05,29.27611,-89.93611,Gillnet,Bagre Marinus,Gafftopsail Catfish,1
Barataria,2012-03-05,29.27611,-89.93611,Gillnet,Dasyatis Sabina,Atlantic Stingray,1
Barataria,2012-04-20,29.27611,-89.93611,Gillnet,Callinectes Sapidus,Blue Crab,1
Barataria,2012-05-04,29.27611,-89.93611,Gillnet,Arius Felis,Sea Catfish,7
Barataria,2012-05-15,29.27611,-89.93611,Gillnet,Peprilus Alepidotus,Harvestfish,1
Barataria,2012-05-15,29.27611,-89.93611,Gillnet,Rhinoptera Bonasus,Cownose Ray,1
Barataria,2012-05-15,29.27611,-89.93611,Gillnet,Trachinotus Carolinus,Florida Pompano,1
Barataria,2012-06-27,29.27611,-89.93611,Gillnet,Callinectes Sapidus,Blue Crab,1
Barataria,2012-06-27,29.27611,-89.93611,Gillnet,Rhizoprionodon Terraenovae,Atlantic Sharpnose Shark,1
Barataria,2012-07-12,29.27611,-89.93611,Gillnet,Callinectes Sapidus,Blue Crab,4
Barataria,2012-07-12,29.27611,-89.93611,Gillnet,Peprilus Alepidotus,Harvestfish,1
Barataria,2012-07-12,29.27611,-89.93611,Gillnet,Rhizoprionodon Terraenovae,Atlantic Sharpnose Shark,4
Barataria,2012-07-12,29.27611,-89.93611,Gillnet,Scomberomorus Maculatus,Spanish Mackerel,1
Barataria,2012-07-24,29.27611,-89.93611,Gillnet,Callinectes Sapidus,Blue Crab,16
Barataria,2012-08-08,29.27611,-89.93611,Gillnet,Callinectes Sapidus,Blue Crab,4
Barataria,2012-08-08,29.27611,-89.93611,Gillnet,Peprilus Alepidotus,Harvestfish,1
Barataria,2012-08-21,29.27611,-89.93611,Gillnet,Carcharhinus Limbatus,Blacktip Shark,4
Barataria,2012-08-21,29.27611,-89.93611,Gillnet,Elops Saurus,Ladyfish,1
Barataria,2012-08-21,29.27611,-89.93611,Gillnet,Scomberomorus Maculatus,Spanish Mackerel,1
Barataria,2012-11-01,29.27611,-89.93611,Gillnet,Arius Felis,Sea Catfish,1
Barataria,2013-02-01,29.27611,-89.93611,Gillnet,Callinectes Sapidus,Blue Crab,1
Barataria,2013-08-06,29.27611,-89.93611,Gillnet,Callinectes Sapidus,Blue Crab,9
Barataria,2013-09-25,29.27611,-89.93611,Gillnet,Aurelia aurita,Moon Jellyfish,1
Barataria,2014-06-19,29.27611,-89.93611,Gillnet,Callinectes Sapidus,Blue Crab,1
Barataria,2014-06-19,29.27611,-89.93611,Gillnet,Peprilus Alepidotus,Harvestfish,1
Barataria,2014-10-07,29.27611,-89.93611,Gillnet,Sciaenops Ocellatus,Red Drum,4
Barataria,2015-06-02,29.27611,-89.93611,Gillnet,Bagre Marinus,Gafftopsail Catfish,4
Barataria,2015-10-07,29.27611,-89.93611,Gillnet,Trachinotus Carolinus,Florida Pompano,9
Barataria,2016-05-25,29.27611,-89.93611,Gillnet,Callinectes Sapidus,Blue Crab,1
Barataria,2016-08-01,29.27611,-89.93611,Gillnet,Callinectes Sapidus,Blue Crab,64
Barataria,2016-08-19,29.27611,-89.93611,Gillnet,Callinectes Sapidus,Blue Crab,169
Barataria,2016-09-19,29.27611,-89.93611,Gillnet,Trachinotus Carolinus,Florida Pompano,1
Barataria,2017-07-25,29.27611,-89.93611,Gillnet,Callinectes Sapidus,Blue Crab,1
Barataria,2017-07-25,29.27611,-89.93611,Gillnet,Peprilus Alepidotus,Harvestfish,1
Barataria,2018-06-26,29.27611,-89.93611,Gillnet,Callinectes Sapidus,Blue Crab,9
Barataria,2018-09-17,29.27611,-89.93611,Gillnet,Peprilus Alepidotus,Harvestfish,1
Barataria,2018-09-24,29.27611,-89.93611,Gillnet,Peprilus Alepidotus,Harvestfish,1
Barataria,1992-05-14,29.22361,-90.04028,Gillnet,Cynoscion Nebulosus,Spotted Seatrout,1
Barataria,1992-05-27,29.22361,-90.04028,Gillnet,Cynoscion Nebulosus,Spotted Seatrout,1
Barataria,1992-07-16,29.22361,-90.04028,Gillnet,Sciaenops Ocellatus,Red Drum,4
Barataria,1992-07-29,29.22361,-90.04028,Gillnet,Cynoscion Nebulosus,Spotted Seatrout,1
Barataria,1992-07-29,29.22361,-90.04028,Gillnet,Lagodon Rhomboides,Pinfish,1
Barataria,1992-08-04,29.22361,-90.04028,Gillnet,Cynoscion Nebulosus,Spotted Seatrout,9
Barataria,1992-09-10,29.22361,-90.04028,Gillnet,Sciaenops Ocellatus,Red Drum,1
Barataria,1992-11-03,29.22361,-90.04028,Gillnet,Arius Felis,Sea Catfish,1
Barataria,1993-04-29,29.22361,-90.04028,Gillnet,Cynoscion Nebulosus,Spotted Seatrout,1
Barataria,1993-05-09,29.22361,-90.04028,Gillnet,Sciaenops Ocellatus,Red Drum,1
Barataria,1993-07-13,29.22361,-90.04028,Gillnet,Peprilus Alepidotus,Harvestfish,1
Barataria,1993-07-19,29.22361,-90.04028,Gillnet,Cynoscion Nebulosus,Spotted Seatrout,4
Barataria,1993-07-19,29.22361,-90.04028,Gillnet,Pogonias Cromis,Black Drum,1
Barataria,1993-09-15,29.22361,-90.04028,Gillnet,Arius Felis,Sea Catfish,2
Barataria,1993-09-22,29.22361,-90.04028,Gillnet,Brevoortia Patronus,Gulf Menhaden,1
Barataria,1993-09-22,29.22361,-90.04028,Gillnet,Cynoscion Nebulosus,Spotted Seatrout,1
Barataria,1993-09-22,29.22361,-90.04028,Gillnet,Peprilus Alepidotus,Harvestfish,1
Barataria,1993-09-22,29.22361,-90.04028,Gillnet,Sciaenops Ocellatus,Red Drum,1
Barataria,1993-10-05,29.22361,-90.04028,Gillnet,Scomberomorus Maculatus,Spanish Mackerel,1
Barataria,1994-05-31,29.22361,-90.04028,Gillnet,Peprilus Alepidotus,Harvestfish,2
Barataria,1994-06-07,29.22361,-90.04028,Gillnet,Scomberomorus Maculatus,Spanish Mackerel,1
Barataria,1994-07-21,29.22361,-90.04028,Gillnet,Arius Felis,Sea Catfish,4
Barataria,1994-07-21,29.22361,-90.04028,Gillnet,Bagre Marinus,Gafftopsail Catfish,1
Barataria,1994-07-21,29.22361,-90.04028,Gillnet,Peprilus Alepidotus,Harvestfish,1
Barataria,1994-09-28,29.22361,-90.04028,Gillnet,Scomberomorus Maculatus,Spanish Mackerel,4
Barataria,1995-06-07,29.22361,-90.04028,Gillnet,Scomberomorus Maculatus,Spanish Mackerel,1
Barataria,1995-08-31,29.22361,-90.04028,Gillnet,Scomberomorus Maculatus,Spanish Mackerel,1
Barataria,1996-04-02,29.22361,-90.04028,Gillnet,Arius Felis,Sea Catfish,1
Barataria,1996-05-07,29.22361,-90.04028,Gillnet,Scomberomorus Maculatus,Spanish Mackerel,1
Barataria,1996-06-19,29.22361,-90.04028,Gillnet,Archosargus Probatocephalus,Sheepshead,1
Barataria,1996-06-19,29.22361,-90.04028,Gillnet,Callinectes Sapidus,Blue Crab,1
Barataria,1996-06-19,29.22361,-90.04028,Gillnet,Sciaenops Ocellatus,Red Drum,1
Barataria,1996-07-30,29.22361,-90.04028,Gillnet,Arius Felis,Sea Catfish,1
Barataria,1996-08-27,29.22361,-90.04028,Gillnet,Arius Felis,Sea Catfish,1
Barataria,1996-08-27,29.22361,-90.04028,Gillnet,Cynoscion Nebulosus,Spotted Seatrout,1
Barataria,1996-08-27,29.22361,-90.04028,Gillnet,Trachinotus Carolinus,Florida Pompano,1
Barataria,1996-09-10,29.22361,-90.04028,Gillnet,Cynoscion Nebulosus,Spotted Seatrout,4
Barataria,1997-02-26,29.22361,-90.04028,Gillnet,Arius Felis,Sea Catfish,1
Barataria,1997-02-26,29.22361,-90.04028,Gillnet,Bairdiella Chrysoura,Silver Perch,1
Barataria,1997-02-26,29.22361,-90.04028,Gillnet,Mugil Cephalus,Striped Mullet,1
Barataria,1997-03-18,29.22361,-90.04028,Gillnet,Arius Felis,Sea Catfish,1
Barataria,1997-05-28,29.22361,-90.04028,Gillnet,Brevoortia Patronus,Gulf Menhaden,64
Barataria,1997-06-10,29.22361,-90.04028,Gillnet,Brevoortia Patronus,Gulf Menhaden,1
Barataria,1997-06-10,29.22361,-90.04028,Gillnet,Cynoscion Nothus,Silver Seatrout,1
Barataria,1997-07-09,29.22361,-90.04028,Gillnet,Cynoscion Nothus,Silver Seatrout,1
Barataria,1997-07-09,29.22361,-90.04028,Gillnet,Peprilus Alepidotus,Harvestfish,1
Barataria,1997-08-05,29.22361,-90.04028,Gillnet,Cynoscion Nebulosus,Spotted Seatrout,1
Barataria,1997-09-11,29.22361,-90.04028,Gillnet,Arius Felis,Sea Catfish,1
Barataria,1997-10-16,29.22361,-90.04028,Gillnet,Arius Felis,Sea Catfish,4
Barataria,1998-01-15,29.22361,-90.04028,Gillnet,Arius Felis,Sea Catfish,1
Barataria,1998-04-23,29.22361,-90.04028,Gillnet,Peprilus Alepidotus,Harvestfish,1
Barataria,1998-05-20,29.22361,-90.04028,Gillnet,Cynoscion Nebulosus,Spotted Seatrout,1
Barataria,1998-06-02,29.22361,-90.04028,Gillnet,Brevoortia Patronus,Gulf Menhaden,1
Barataria,1998-06-02,29.22361,-90.04028,Gillnet,Peprilus Alepidotus,Harvestfish,1
Barataria,1998-06-17,29.22361,-90.04028,Gillnet,Peprilus Alepidotus,Harvestfish,1
Barataria,1998-07-07,29.22361,-90.04028,Gillnet,Arius Felis,Sea Catfish,1
Barataria,1998-07-07,29.22361,-90.04028,Gillnet,Cynoscion Nebulosus,Spotted Seatrout,9
Barataria,1998-07-07,29.22361,-90.04028,Gillnet,Micropogonias Undulatus,Atlantic Croaker,1
Barataria,1998-08-11,29.22361,-90.04028,Gillnet,Callinectes Sapidus,Blue Crab,1
Barataria,1998-08-11,29.22361,-90.04028,Gillnet,Cynoscion Nebulosus,Spotted Seatrout,1
Barataria,1998-08-25,29.22361,-90.04028,Gillnet,Paralichthys Lethostigma,Southern Flounder,1
Barataria,1998-10-13,29.22361,-90.04028,Gillnet,Scomberomorus Maculatus,Spanish Mackerel,1
Barataria,1999-07-06,29.22361,-90.04028,Gillnet,Arius Felis,Sea Catfish,1
Barataria,2000-01-11,29.22361,-90.04028,Gillnet,Sciaenops Ocellatus,Red Drum,1
Barataria,2000-06-13,29.22361,-90.04028,Gillnet,Arius Felis,Sea Catfish,1
Barataria,2000-07-11,29.22361,-90.04028,Gillnet,Brevoortia Patronus,Gulf Menhaden,1
Barataria,2000-07-11,29.22361,-90.04028,Gillnet,Callinectes Sapidus,Blue Crab,1
Barataria,2000-07-11,29.22361,-90.04028,Gillnet,Carcharhinus Brevipinna,Spinner Shark,1
Barataria,2000-09-12,29.22361,-90.04028,Gillnet,Cynoscion Nebulosus,Spotted Seatrout,1
Barataria,2000-10-05,29.22361,-90.04028,Gillnet,Caranx Hippos,Crevalle Jack,4
Barataria,2000-11-01,29.22361,-90.04028,Gillnet,Arius Felis,Sea Catfish,1
Barataria,2001-05-09,29.22361,-90.04028,Gillnet,Cynoscion Nebulosus,Spotted Seatrout,1
Barataria,2001-06-28,29.22361,-90.04028,Gillnet,Peprilus Alepidotus,Harvestfish,1
Barataria,2001-07-03,29.22361,-90.04028,Gillnet,Arius Felis,Sea Catfish,1
Barataria,2001-07-19,29.22361,-90.04028,Gillnet,Callinectes Sapidus,Blue Crab,1
Barataria,2001-09-24,29.22361,-90.04028,Gillnet,Scomberomorus Maculatus,Spanish Mackerel,1
Barataria,2001-11-26,29.22361,-90.04028,Gillnet,Sciaenops Ocellatus,Red Drum,1
Barataria,2002-02-20,29.22361,-90.04028,Gillnet,Arius Felis,Sea Catfish,1
Barataria,2002-05-15,29.22361,-90.04028,Gillnet,Scomberomorus Maculatus,Spanish Mackerel,1
Barataria,2002-07-17,29.22361,-90.04028,Gillnet,Scomberomorus Maculatus,Spanish Mackerel,4
Barataria,2002-08-21,29.22361,-90.04028,Gillnet,Cynoscion Nebulosus,Spotted Seatrout,1
Barataria,2002-09-11,29.22361,-90.04028,Gillnet,Scomberomorus Maculatus,Spanish Mackerel,1
Barataria,2002-10-09,29.22361,-90.04028,Gillnet,Callinectes Sapidus,Blue Crab,1
Barataria,2002-12-04,29.22361,-90.04028,Gillnet,Arius Felis,Sea Catfish,1
Barataria,2003-02-24,29.22361,-90.04028,Gillnet,Arius Felis,Sea Catfish,4
Barataria,2003-02-24,29.22361,-90.04028,Gillnet,Scomberomorus Maculatus,Spanish Mackerel,1
Barataria,2003-03-11,29.22361,-90.04028,Gillnet,Arius Felis,Sea Catfish,1
Barataria,2003-04-14,29.22361,-90.04028,Gillnet,Arius Felis,Sea Catfish,1
Barataria,2003-05-28,29.22361,-90.04028,Gillnet,Brevoortia Patronus,Gulf Menhaden,1
Barataria,2003-05-28,29.22361,-90.04028,Gillnet,Callinectes Sapidus,Blue Crab,1
Barataria,2003-05-28,29.22361,-90.04028,Gillnet,Peprilus Alepidotus,Harvestfish,1
Barataria,2003-05-28,29.22361,-90.04028,Gillnet,Scomberomorus Maculatus,Spanish Mackerel,1
Barataria,2003-07-08,29.22361,-90.04028,Gillnet,Elops Saurus,Ladyfish,1
Barataria,2003-08-18,29.22361,-90.04028,Gillnet,Lagodon Rhomboides,Pinfish,25
Barataria,2003-08-18,29.22361,-90.04028,Gillnet,Micropogonias Undulatus,Atlantic Croaker,16
Barataria,2003-08-18,29.22361,-90.04028,Gillnet,Mugil Curema,White Mullet,9
Barataria,2003-09-08,29.22361,-90.04028,Gillnet,Brevoortia Patronus,Gulf Menhaden,4
Barataria,2003-09-18,29.22361,-90.04028,Gillnet,Callinectes Sapidus,Blue Crab,1
Barataria,2003-09-18,29.22361,-90.04028,Gillnet,Cynoscion Nebulosus,Spotted Seatrout,9
Barataria,2003-10-08,29.22361,-90.04028,Gillnet,Scomberomorus Maculatus,Spanish Mackerel,1
Barataria,2004-05-19,29.22361,-90.04028,Gillnet,Arius Felis,Sea Catfish,4
Barataria,2004-05-19,29.22361,-90.04028,Gillnet,Callinectes Sapidus,Blue Crab,1
Barataria,2004-06-09,29.22361,-90.04028,Gillnet,Caranx Hippos,Crevalle Jack,1
Barataria,2004-07-13,29.22361,-90.04028,Gillnet,Cynoscion Nebulosus,Spotted Seatrout,1
Barataria,2004-07-20,29.22361,-90.04028,Gillnet,Arius Felis,Sea Catfish,1
Barataria,2004-08-05,29.22361,-90.04028,Gillnet,Brevoortia Patronus,Gulf Menhaden,1
Barataria,2004-08-11,29.22361,-90.04028,Gillnet,Callinectes Sapidus,Blue Crab,25
Barataria,2005-03-02,29.22361,-90.04028,Gillnet,Arius Felis,Sea Catfish,1
Barataria,2005-03-02,29.22361,-90.04028,Gillnet,Sciaenops Ocellatus,Red Drum,1
Barataria,2005-04-14,29.22361,-90.04028,Gillnet,Arius Felis,Sea Catfish,9
Barataria,2005-04-14,29.22361,-90.04028,Gillnet,Callinectes Sapidus,Blue Crab,1
Barataria,2005-04-19,29.22361,-90.04028,Gillnet,Dasyatis Americana,Southern Stingray,1
Barataria,2005-06-08,29.22361,-90.04028,Gillnet,Trachinotus Carolinus,Florida Pompano,1
Barataria,2005-06-22,29.22361,-90.04028,Gillnet,Callinectes Sapidus,Blue Crab,1
Barataria,2005-07-19,29.22361,-90.04028,Gillnet,Callinectes Sapidus,Blue Crab,4
Barataria,2005-07-25,29.22361,-90.04028,Gillnet,Callinectes Sapidus,Blue Crab,324
Barataria,2005-07-25,29.22361,-90.04028,Gillnet,Cynoscion Arenarius,Sand Seatrout,1
Barataria,2005-07-25,29.22361,-90.04028,Gillnet,Cynoscion Nebulosus,Spotted Seatrout,1
Barataria,2005-08-09,29.22361,-90.04028,Gillnet,Arius Felis,Sea Catfish,2
Barataria,2005-08-09,29.22361,-90.04028,Gillnet,Callinectes Sapidus,Blue Crab,900
Barataria,2005-08-09,29.22361,-90.04028,Gillnet,Cynoscion Nebulosus,Spotted Seatrout,1
Barataria,2005-08-09,29.22361,-90.04028,Gillnet,Micropogonias Undulatus,Atlantic Croaker,1
Barataria,2005-08-18,29.22361,-90.04028,Gillnet,Callinectes Sapidus,Blue Crab,25
Barataria,2005-08-18,29.22361,-90.04028,Gillnet,Cynoscion Arenarius,Sand Seatrout,1
Barataria,2006-01-04,29.22361,-90.04028,Gillnet,Pogonias Cromis,Black Drum,1
Barataria,2006-02-01,29.22361,-90.04028,Gillnet,Arius Felis,Sea Catfish,4
Barataria,2006-03-02,29.22361,-90.04028,Gillnet,Trachinotus Carolinus,Florida Pompano,1
Barataria,2006-04-04,29.22361,-90.04028,Gillnet,Arius Felis,Sea Catfish,1
Barataria,2006-04-19,29.22361,-90.04028,Gillnet,Cynoscion Nebulosus,Spotted Seatrout,1
Barataria,2006-06-14,29.22361,-90.04028,Gillnet,Peprilus Alepidotus,Harvestfish,1
Barataria,2006-07-13,29.22361,-90.04028,Gillnet,Elops Saurus,Ladyfish,2
Barataria,2006-07-18,29.22361,-90.04028,Gillnet,Callinectes Sapidus,Blue Crab,16
Barataria,2006-08-16,29.22361,-90.04028,Gillnet,Callinectes Sapidus,Blue Crab,1
Barataria,2006-09-18,29.22361,-90.04028,Gillnet,Callinectes Sapidus,Blue Crab,1
Barataria,2007-04-18,29.22361,-90.04028,Gillnet,Arius Felis,Sea Catfish,2
Barataria,2007-04-18,29.22361,-90.04028,Gillnet,Callinectes Sapidus,Blue Crab,1
Barataria,2007-04-18,29.22361,-90.04028,Gillnet,Trachinotus Carolinus,Florida Pompano,1
Barataria,2007-06-05,29.22361,-90.04028,Gillnet,Menticirrhus Americanus,Southern Kingfish,1
Barataria,2007-06-13,29.22361,-90.04028,Gillnet,Arius Felis,Sea Catfish,1
Barataria,2007-06-13,29.22361,-90.04028,Gillnet,Callinectes Sapidus,Blue Crab,1
Barataria,2007-06-13,29.22361,-90.04028,Gillnet,Cynoscion Arenarius,Sand Seatrout,1
Barataria,2007-06-13,29.22361,-90.04028,Gillnet,Menippe Mercenaria,Florida Stone Crab,1
Barataria,2007-08-01,29.22361,-90.04028,Gillnet,Brevoortia Patronus,Gulf Menhaden,1
Barataria,2007-08-01,29.22361,-90.04028,Gillnet,Cynoscion Arenarius,Sand Seatrout,4
Barataria,2007-08-01,29.22361,-90.04028,Gillnet,Dasyatis Sabina,Atlantic Stingray,1
Barataria,2007-08-14,29.22361,-90.04028,Gillnet,Arius Felis,Sea Catfish,1
Barataria,2007-09-04,29.22361,-90.04028,Gillnet,Callinectes Sapidus,Blue Crab,1
Barataria,2007-09-04,29.22361,-90.04028,Gillnet,Cynoscion Nebulosus,Spotted Seatrout,4
Barataria,2007-09-12,29.22361,-90.04028,Gillnet,Callinectes Sapidus,Blue Crab,1
Barataria,2008-04-02,29.22361,-90.04028,Gillnet,Arius Felis,Sea Catfish,3
Barataria,2008-04-02,29.22361,-90.04028,Gillnet,Cynoscion Arenarius,Sand Seatrout,4
Barataria,2008-04-14,29.22361,-90.04028,Gillnet,Archosargus Probatocephalus,Sheepshead,1
Barataria,2008-04-14,29.22361,-90.04028,Gillnet,Scomberomorus Maculatus,Spanish Mackerel,1
Barataria,2008-05-06,29.22361,-90.04028,Gillnet,Brevoortia Patronus,Gulf Menhaden,625
Barataria,2008-05-19,29.22361,-90.04028,Gillnet,Callinectes Sapidus,Blue Crab,4
Barataria,2008-06-10,29.22361,-90.04028,Gillnet,Callinectes Sapidus,Blue Crab,1
Barataria,2008-07-08,29.22361,-90.04028,Gillnet,Brevoortia Patronus,Gulf Menhaden,1
Barataria,2008-08-12,29.22361,-90.04028,Gillnet,Callinectes Sapidus,Blue Crab,1
Barataria,2008-08-19,29.22361,-90.04028,Gillnet,Arius Felis,Sea Catfish,1
Barataria,2008-08-19,29.22361,-90.04028,Gillnet,Callinectes Sapidus,Blue Crab,9
Barataria,2008-08-19,29.22361,-90.04028,Gillnet,Elops Saurus,Ladyfish,1
Barataria,2008-09-10,29.22361,-90.04028,Gillnet,Arius Felis,Sea Catfish,1
Barataria,2008-09-22,29.22361,-90.04028,Gillnet,Arius Felis,Sea Catfish,1
Barataria,2008-09-22,29.22361,-90.04028,Gillnet,Cynoscion Arenarius,Sand Seatrout,1
Barataria,2008-09-22,29.22361,-90.04028,Gillnet,Cynoscion Nebulosus,Spotted Seatrout,1
Barataria,2008-10-01,29.22361,-90.04028,Gillnet,Arius Felis,Sea Catfish,1
Barataria,2008-11-18,29.22361,-90.04028,Gillnet,Arius Felis,Sea Catfish,1
Barataria,2009-01-05,29.22361,-90.04028,Gillnet,Callinectes Sapidus,Blue Crab,1
Barataria,2009-03-04,29.22361,-90.04028,Gillnet,Arius Felis,Sea Catfish,1
Barataria,2009-04-08,29.22361,-90.04028,Gillnet,Arius Felis,Sea Catfish,3
Barataria,2009-04-08,29.22361,-90.04028,Gillnet,Brevoortia Patronus,Gulf Menhaden,49
Barataria,2009-04-22,29.22361,-90.04028,Gillnet,Callinectes Sapidus,Blue Crab,4
Barataria,2009-05-11,29.22361,-90.04028,Gillnet,Arius Felis,Sea Catfish,2
Barataria,2009-05-11,29.22361,-90.04028,Gillnet,Cynoscion Nebulosus,Spotted Seatrout,1
Barataria,2009-05-11,29.22361,-90.04028,Gillnet,Peprilus Alepidotus,Harvestfish,1
Barataria,2009-05-11,29.22361,-90.04028,Gillnet,Scomberomorus Maculatus,Spanish Mackerel,1
Barataria,2009-06-03,29.22361,-90.04028,Gillnet,Arius Felis,Sea Catfish,1
Barataria,2009-07-09,29.22361,-90.04028,Gillnet,Arius Felis,Sea Catfish,21
Barataria,2009-07-09,29.22361,-90.04028,Gillnet,Bagre Marinus,Gafftopsail Catfish,4
Barataria,2009-07-09,29.22361,-90.04028,Gillnet,Callinectes Sapidus,Blue Crab,25
Barataria,2009-07-09,29.22361,-90.04028,Gillnet,Menticirrhus Americanus,Southern Kingfish,1
Barataria,2009-07-28,29.22361,-90.04028,Gillnet,Arius Felis,Sea Catfish,1
Barataria,2009-07-28,29.22361,-90.04028,Gillnet,Callinectes Sapidus,Blue Crab,16
Barataria,2009-08-11,29.22361,-90.04028,Gillnet,Arius Felis,Sea Catfish,2
Barataria,2009-08-11,29.22361,-90.04028,Gillnet,Callinectes Sapidus,Blue Crab,1
Barataria,2009-08-11,29.22361,-90.04028,Gillnet,Penaeus Setiferus,White Shrimp,1
Barataria,2009-08-11,29.22361,-90.04028,Gillnet,Peprilus Alepidotus,Harvestfish,1
Barataria,2009-08-19,29.22361,-90.04028,Gillnet,Callinectes Sapidus,Blue Crab,1
Barataria,2009-08-19,29.22361,-90.04028,Gillnet,Scomberomorus Maculatus,Spanish Mackerel,1
Barataria,2009-11-03,29.22361,-90.04028,Gillnet,Arius Felis,Sea Catfish,1
Barataria,2010-01-04,29.22361,-90.04028,Gillnet,Archosargus Probatocephalus,Sheepshead,1
Barataria,2010-01-04,29.22361,-90.04028,Gillnet,Pogonias Cromis,Black Drum,4
Barataria,2010-07-08,29.22361,-90.04028,Gillnet,Bagre Marinus,Gafftopsail Catfish,4
Barataria,2010-07-08,29.22361,-90.04028,Gillnet,Callinectes Sapidus,Blue Crab,1
Barataria,2010-07-08,29.22361,-90.04028,Gillnet,Cynoscion Nebulosus,Spotted Seatrout,4
Barataria,2010-07-21,29.22361,-90.04028,Gillnet,Callinectes Sapidus,Blue Crab,49
Barataria,2010-07-21,29.22361,-90.04028,Gillnet,Peprilus Burti,Gulf Butterfish,16
Barataria,2010-08-16,29.22361,-90.04028,Gillnet,Arius Felis,Sea Catfish,1
Barataria,2010-08-23,29.22361,-90.04028,Gillnet,Arius Felis,Sea Catfish,3
Barataria,2010-09-15,29.22361,-90.04028,Gillnet,Cynoscion Nebulosus,Spotted Seatrout,1
Barataria,2010-11-08,29.22361,-90.04028,Gillnet,Arius Felis,Sea Catfish,1
Barataria,2010-11-08,29.22361,-90.04028,Gillnet,Cynoscion Arenarius,Sand Seatrout,1
Barataria,2011-04-20,29.22361,-90.04028,Gillnet,Bagre Marinus,Gafftopsail Catfish,1
Barataria,2011-04-20,29.22361,-90.04028,Gillnet,Cynoscion Nebulosus,Spotted Seatrout,4
Barataria,2011-04-20,29.22361,-90.04028,Gillnet,Scomberomorus Maculatus,Spanish Mackerel,4
Barataria,2011-05-06,29.22361,-90.04028,Gillnet,Brevoortia Patronus,Gulf Menhaden,1
Barataria,2011-05-26,29.22361,-90.04028,Gillnet,Scomberomorus Maculatus,Spanish Mackerel,1
Barataria,2011-06-08,29.22361,-90.04028,Gillnet,Callinectes Sapidus,Blue Crab,1
Barataria,2011-06-28,29.22361,-90.04028,Gillnet,Callinectes Sapidus,Blue Crab,4
Barataria,2011-07-27,29.22361,-90.04028,Gillnet,Callinectes Sapidus,Blue Crab,4
Barataria,2011-08-04,29.22361,-90.04028,Gillnet,Callinectes Sapidus,Blue Crab,1
Barataria,2011-08-04,29.22361,-90.04028,Gillnet,Cynoscion Nebulosus,Spotted Seatrout,1
Barataria,2011-08-22,29.22361,-90.04028,Gillnet,Callinectes Sapidus,Blue Crab,4
Barataria,2011-08-22,29.22361,-90.04028,Gillnet,Cynoscion Nebulosus,Spotted Seatrout,1
Barataria,2011-09-12,29.22361,-90.04028,Gillnet,Scomberomorus Maculatus,Spanish Mackerel,1
Barataria,2012-04-11,29.22361,-90.04028,Gillnet,Cynoscion Nebulosus,Spotted Seatrout,1
Barataria,2012-04-11,29.22361,-90.04028,Gillnet,Peprilus Alepidotus,Harvestfish,4
Barataria,2012-04-26,29.22361,-90.04028,Gillnet,Cynoscion Arenarius,Sand Seatrout,1
Barataria,2012-05-03,29.22361,-90.04028,Gillnet,Bagre Marinus,Gafftopsail Catfish,1
Barataria,2012-05-03,29.22361,-90.04028,Gillnet,Menippe Mercenaria,Florida Stone Crab,1
Barataria,2012-05-22,29.22361,-90.04028,Gillnet,Cynoscion Nebulosus,Spotted Seatrout,1
Barataria,2012-05-22,29.22361,-90.04028,Gillnet,Paralichthys Lethostigma,Southern Flounder,1
Barataria,2012-07-12,29.22361,-90.04028,Gillnet,Cynoscion Nebulosus,Spotted Seatrout,1
Barataria,2012-07-24,29.22361,-90.04028,Gillnet,Callinectes Sapidus,Blue Crab,1
Barataria,2012-08-09,29.22361,-90.04028,Gillnet,Callinectes Sapidus,Blue Crab,4
Barataria,2012-08-21,29.22361,-90.04028,Gillnet,Scomberomorus Maculatus,Spanish Mackerel,1
Barataria,2012-09-10,29.22361,-90.04028,Gillnet,Callinectes Sapidus,Blue Crab,1
Barataria,2012-09-21,29.22361,-90.04028,Gillnet,Pogonias Cromis,Black Drum,1
Barataria,2012-10-11,29.22361,-90.04028,Gillnet,Arius Felis,Sea Catfish,1
Barataria,2012-10-11,29.22361,-90.04028,Gillnet,Caranx Hippos,Crevalle Jack,1
Barataria,2012-11-14,29.22361,-90.04028,Gillnet,Caranx Hippos,Crevalle Jack,1
Barataria,2013-01-11,29.22361,-90.04028,Gillnet,Arius Felis,Sea Catfish,2
Barataria,2013-02-19,29.22361,-90.04028,Gillnet,Arius Felis,Sea Catfish,1
Barataria,2013-03-08,29.22361,-90.04028,Gillnet,Arius Felis,Sea Catfish,4
Barataria,2013-04-12,29.22361,-90.04028,Gillnet,Arius Felis,Sea Catfish,1
Barataria,2013-05-01,29.22361,-90.04028,Gillnet,Bairdiella Chrysoura,Silver Perch,2
Barataria,2013-06-05,29.22361,-90.04028,Gillnet,Scomberomorus Maculatus,Spanish Mackerel,1
Barataria,2013-06-28,29.22361,-90.04028,Gillnet,Peprilus Alepidotus,Harvestfish,1
Barataria,2013-11-12,29.22361,-90.04028,Gillnet,Arius Felis,Sea Catfish,1
Barataria,2013-11-12,29.22361,-90.04028,Gillnet,Aurelia aurita,Moon Jellyfish,720
Barataria,2013-11-12,29.22361,-90.04028,Gillnet,Pogonias Cromis,Black Drum,1
Barataria,2014-04-21,29.22361,-90.04028,Gillnet,Arius Felis,Sea Catfish,1
Barataria,2014-07-17,29.22361,-90.04028,Gillnet,Callinectes Sapidus,Blue Crab,9
Barataria,2014-08-20,29.22361,-90.04028,Gillnet,Caranx Hippos,Crevalle Jack,1
Barataria,2014-11-20,29.22361,-90.04028,Gillnet,Pogonias Cromis,Black Drum,1
Barataria,2015-01-06,29.22361,-90.04028,Gillnet,Pogonias Cromis,Black Drum,1
Barataria,2015-01-06,29.22361,-90.04028,Gillnet,Sciaenops Ocellatus,Red Drum,1
Barataria,2015-03-17,29.22361,-90.04028,Gillnet,Sciaenops Ocellatus,Red Drum,1
Barataria,2015-04-09,29.22361,-90.04028,Gillnet,Dasyatis Sabina,Atlantic Stingray,1
Barataria,2015-08-18,29.22361,-90.04028,Gillnet,Penaeus Setiferus,White Shrimp,1
Barataria,2015-08-18,29.22361,-90.04028,Gillnet,Peprilus Alepidotus,Harvestfish,1
Barataria,2015-09-01,29.22361,-90.04028,Gillnet,Peprilus Alepidotus,Harvestfish,2
Barataria,2016-07-21,29.22361,-90.04028,Gillnet,Callinectes Sapidus,Blue Crab,1
Barataria,2017-02-13,29.22361,-90.04028,Gillnet,Arius Felis,Sea Catfish,1
Barataria,2017-04-11,29.22361,-90.04028,Gillnet,Archosargus Probatocephalus,Sheepshead,4
Barataria,2017-04-11,29.22361,-90.04028,Gillnet,Cynoscion Nebulosus,Spotted Seatrout,1
Barataria,2017-04-26,29.22361,-90.04028,Gillnet,Callinectes Sapidus,Blue Crab,1
Barataria,2017-05-10,29.22361,-90.04028,Gillnet,Trachinotus Carolinus,Florida Pompano,1
Barataria,2017-06-26,29.22361,-90.04028,Gillnet,Carcharhinus Leucas,Bull Shark,1
Barataria,2017-08-17,29.22361,-90.04028,Gillnet,Scomberomorus Maculatus,Spanish Mackerel,1
Barataria,2017-11-06,29.22361,-90.04028,Gillnet,Brevoortia Patronus,Gulf Menhaden,1
Barataria,2017-11-06,29.22361,-90.04028,Gillnet,Peprilus Alepidotus,Harvestfish,1
Barataria,2017-11-06,29.22361,-90.04028,Gillnet,Scomberomorus Maculatus,Spanish Mackerel,9
Barataria,2018-05-10,29.22361,-90.04028,Gillnet,Archosargus Probatocephalus,Sheepshead,1
Barataria,2018-07-10,29.22361,-90.04028,Gillnet,Callinectes Sapidus,Blue Crab,1
Barataria,1992-04-09,29.29722,-89.92361,Gillnet,Scomberomorus Maculatus,Spanish Mackerel,1
Barataria,1992-04-28,29.29722,-89.92361,Gillnet,Cynoscion Nebulosus,Spotted Seatrout,9
Barataria,1992-04-28,29.29722,-89.92361,Gillnet,Scomberomorus Maculatus,Spanish Mackerel,1
Barataria,1992-07-29,29.29722,-89.92361,Gillnet,Sciaenops Ocellatus,Red Drum,25
Barataria,1992-08-04,29.29722,-89.92361,Gillnet,Cynoscion Nebulosus,Spotted Seatrout,1
Barataria,1992-08-04,29.29722,-89.92361,Gillnet,Elops Saurus,Ladyfish,2
Barataria,1992-08-11,29.29722,-89.92361,Gillnet,Cynoscion Nebulosus,Spotted Seatrout,4
Barataria,1992-08-11,29.29722,-89.92361,Gillnet,Sciaenops Ocellatus,Red Drum,1
Barataria,1992-09-03,29.29722,-89.92361,Gillnet,Pogonias Cromis,Black Drum,1
Barataria,1992-09-03,29.29722,-89.92361,Gillnet,Sciaenops Ocellatus,Red Drum,9
Barataria,1992-11-11,29.29722,-89.92361,Gillnet,Archosargus Probatocephalus,Sheepshead,1
Barataria,1993-04-19,29.29722,-89.92361,Gillnet,Scomberomorus Maculatus,Spanish Mackerel,1
Barataria,1993-04-29,29.29722,-89.92361,Gillnet,Cynoscion Nebulosus,Spotted Seatrout,1
Barataria,1993-04-29,29.29722,-89.92361,Gillnet,Sciaenops Ocellatus,Red Drum,1
Barataria,1993-05-04,29.29722,-89.92361,Gillnet,Cynoscion Nebulosus,Spotted Seatrout,1
Barataria,1993-05-04,29.29722,-89.92361,Gillnet,Pogonias Cromis,Black Drum,1
Barataria,1993-05-04,29.29722,-89.92361,Gillnet,Sciaenops Ocellatus,Red Drum,4
Barataria,1993-06-30,29.29722,-89.92361,Gillnet,Arius Felis,Sea Catfish,1
Barataria,1993-06-30,29.29722,-89.92361,Gillnet,Cynoscion Nebulosus,Spotted Seatrout,25
Barataria,1993-06-30,29.29722,-89.92361,Gillnet,Elops Saurus,Ladyfish,1
Barataria,1993-08-13,29.29722,-89.92361,Gillnet,Peprilus Alepidotus,Harvestfish,1
Barataria,1993-09-08,29.29722,-89.92361,Gillnet,Arius Felis,Sea Catfish,1
Barataria,1993-10-05,29.29722,-89.92361,Gillnet,Arius Felis,Sea Catfish,1
Barataria,1994-05-11,29.29722,-89.92361,Gillnet,Brevoortia Patronus,Gulf Menhaden,1
Barataria,1994-05-25,29.29722,-89.92361,Gillnet,Cynoscion Nebulosus,Spotted Seatrout,1
Barataria,1994-08-30,29.29722,-89.92361,Gillnet,Cynoscion Nebulosus,Spotted Seatrout,1
Barataria,1994-09-29,29.29722,-89.92361,Gillnet,Bairdiella Chrysoura,Silver Perch,1
Barataria,1995-06-06,29.29722,-89.92361,Gillnet,Cynoscion Nebulosus,Spotted Seatrout,9
Barataria,1995-06-06,29.29722,-89.92361,Gillnet,Leiostomus Xanthurus,Spot,9
Barataria,1995-07-26,29.29722,-89.92361,Gillnet,Cynoscion Nebulosus,Spotted Seatrout,9
Barataria,1996-06-18,29.29722,-89.92361,Gillnet,Arius Felis,Sea Catfish,4
Barataria,1996-06-18,29.29722,-89.92361,Gillnet,Paralichthys Lethostigma,Southern Flounder,1
Barataria,1996-07-10,29.29722,-89.92361,Gillnet,Archosargus Probatocephalus,Sheepshead,1
Barataria,1996-07-10,29.29722,-89.92361,Gillnet,Arius Felis,Sea Catfish,1
Barataria,1996-07-10,29.29722,-89.92361,Gillnet,Sciaenops Ocellatus,Red Drum,1
Barataria,1996-07-30,29.29722,-89.92361,Gillnet,Archosargus Probatocephalus,Sheepshead,1
Barataria,1996-07-30,29.29722,-89.92361,Gillnet,Chaetodipterus Faber,Atlantic Spadefish,4
Barataria,1996-08-27,29.29722,-89.92361,Gillnet,Callinectes Sapidus,Blue Crab,4
Barataria,1996-08-27,29.29722,-89.92361,Gillnet,Chaetodipterus Faber,Atlantic Spadefish,4
Barataria,1996-08-27,29.29722,-89.92361,Gillnet,Cynoscion Nebulosus,Spotted Seatrout,1
Barataria,1996-08-29,29.29722,-89.92361,Gillnet,Callinectes Sapidus,Blue Crab,1
Barataria,1996-08-29,29.29722,-89.92361,Gillnet,Chaetodipterus Faber,Atlantic Spadefish,1
Barataria,1996-09-24,29.29722,-89.92361,Gillnet,Chaetodipterus Faber,Atlantic Spadefish,9
Barataria,1997-04-02,29.29722,-89.92361,Gillnet,Sciaenops Ocellatus,Red Drum,1
Barataria,1997-04-16,29.29722,-89.92361,Gillnet,Pogonias Cromis,Black Drum,4
Barataria,1997-05-07,29.29722,-89.92361,Gillnet,Cynoscion Nebulosus,Spotted Seatrout,1
Barataria,1997-06-04,29.29722,-89.92361,Gillnet,Cynoscion Nebulosus,Spotted Seatrout,576
Barataria,1997-06-04,29.29722,-89.92361,Gillnet,Peprilus Alepidotus,Harvestfish,4
Barataria,1997-06-04,29.29722,-89.92361,Gillnet,Scomberomorus Maculatus,Spanish Mackerel,1
Barataria,1997-06-10,29.29722,-89.92361,Gillnet,Peprilus Alepidotus,Harvestfish,4
Barataria,1997-07-01,29.29722,-89.92361,Gillnet,Brevoortia Patronus,Gulf Menhaden,9
Barataria,1997-09-03,29.29722,-89.92361,Gillnet,Scomberomorus Maculatus,Spanish Mackerel,1
Barataria,1998-05-04,29.29722,-89.92361,Gillnet,Arius Felis,Sea Catfish,1
Barataria,1998-05-04,29.29722,-89.92361,Gillnet,Cynoscion Nebulosus,Spotted Seatrout,49
Barataria,1998-05-04,29.29722,-89.92361,Gillnet,Peprilus Alepidotus,Harvestfish,4
Barataria,1998-05-20,29.29722,-89.92361,Gillnet,Carcharhinus Limbatus,Blacktip Shark,1
Barataria,1998-05-20,29.29722,-89.92361,Gillnet,Chaetodipterus Faber,Atlantic Spadefish,1
Barataria,1998-07-07,29.29722,-89.92361,Gillnet,Peprilus Alepidotus,Harvestfish,4
Barataria,1998-07-15,29.29722,-89.92361,Gillnet,Scomberomorus Maculatus,Spanish Mackerel,1
Barataria,1998-08-25,29.29722,-89.92361,Gillnet,Arius Felis,Sea Catfish,1
Barataria,1998-08-25,29.29722,-89.92361,Gillnet,Callinectes Sapidus,Blue Crab,1
Barataria,1998-09-15,29.29722,-89.92361,Gillnet,Elops Saurus,Ladyfish,1
Barataria,1999-04-21,29.29722,-89.92361,Gillnet,Cynoscion Nebulosus,Spotted Seatrout,4
Barataria,1999-05-18,29.29722,-89.92361,Gillnet,Cynoscion Nebulosus,Spotted Seatrout,4
Barataria,1999-05-18,29.29722,-89.92361,Gillnet,Scomberomorus Maculatus,Spanish Mackerel,1
Barataria,1999-06-08,29.29722,-89.92361,Gillnet,Brevoortia Patronus,Gulf Menhaden,9
Barataria,1999-06-08,29.29722,-89.92361,Gillnet,Callinectes Sapidus,Blue Crab,1
Barataria,1999-07-20,29.29722,-89.92361,Gillnet,Callinectes Sapidus,Blue Crab,4
Barataria,1999-08-12,29.29722,-89.92361,Gillnet,Callinectes Sapidus,Blue Crab,4
Barataria,1999-08-12,29.29722,-89.92361,Gillnet,Micropogonias Undulatus,Atlantic Croaker,1
Barataria,1999-09-28,29.29722,-89.92361,Gillnet,Penaeus Setiferus,White Shrimp,1
Barataria,1999-10-12,29.29722,-89.92361,Gillnet,Cynoscion Arenarius,Sand Seatrout,9
Barataria,2000-03-13,29.29722,-89.92361,Gillnet,Arius Felis,Sea Catfish,1
Barataria,2000-04-26,29.29722,-89.92361,Gillnet,Pomatomus Saltatrix,Bluefish,1
Barataria,2000-05-10,29.29722,-89.92361,Gillnet,Peprilus Alepidotus,Harvestfish,1
Barataria,2000-05-10,29.29722,-89.92361,Gillnet,Trachinotus Carolinus,Florida Pompano,1
Barataria,2000-05-16,29.29722,-89.92361,Gillnet,Cynoscion Nebulosus,Spotted Seatrout,4
Barataria,2000-05-16,29.29722,-89.92361,Gillnet,Micropogonias Undulatus,Atlantic Croaker,1
Barataria,2000-05-16,29.29722,-89.92361,Gillnet,Scomberomorus Maculatus,Spanish Mackerel,1
Barataria,2000-06-27,29.29722,-89.92361,Gillnet,Callinectes Sapidus,Blue Crab,25
Barataria,2000-07-11,29.29722,-89.92361,Gillnet,Arius Felis,Sea Catfish,4
Barataria,2000-07-11,29.29722,-89.92361,Gillnet,Callinectes Sapidus,Blue Crab,9
Barataria,2000-07-11,29.29722,-89.92361,Gillnet,Cynoscion Nebulosus,Spotted Seatrout,1
Barataria,2000-07-11,29.29722,-89.92361,Gillnet,Scomberomorus Maculatus,Spanish Mackerel,1
Barataria,2000-07-25,29.29722,-89.92361,Gillnet,Callinectes Sapidus,Blue Crab,1
Barataria,2000-08-17,29.29722,-89.92361,Gillnet,Elops Saurus,Ladyfish,4
Barataria,2000-08-17,29.29722,-89.92361,Gillnet,Scomberomorus Maculatus,Spanish Mackerel,1
Barataria,2000-08-23,29.29722,-89.92361,Gillnet,Arius Felis,Sea Catfish,4
Barataria,2000-08-23,29.29722,-89.92361,Gillnet,Callinectes Sapidus,Blue Crab,1
Barataria,2000-08-23,29.29722,-89.92361,Gillnet,Carcharhinus Brevipinna,Spinner Shark,1
Barataria,2000-08-23,29.29722,-89.92361,Gillnet,Carcharhinus Leucas,Bull Shark,1
Barataria,2000-09-28,29.29722,-89.92361,Gillnet,Micropogonias Undulatus,Atlantic Croaker,4
Barataria,2000-09-28,29.29722,-89.92361,Gillnet,Paralichthys Lethostigma,Southern Flounder,1
Barataria,2001-04-23,29.29722,-89.92361,Gillnet,Cynoscion Nebulosus,Spotted Seatrout,1
Barataria,2001-06-20,29.29722,-89.92361,Gillnet,Callinectes Sapidus,Blue Crab,1
Barataria,2001-07-03,29.29722,-89.92361,Gillnet,Callinectes Sapidus,Blue Crab,1
Barataria,2001-07-19,29.29722,-89.92361,Gillnet,Callinectes Sapidus,Blue Crab,4
Barataria,2001-08-21,29.29722,-89.92361,Gillnet,Arius Felis,Sea Catfish,16
Barataria,2001-09-17,29.29722,-89.92361,Gillnet,Scomberomorus Maculatus,Spanish Mackerel,1
Barataria,2001-11-19,29.29722,-89.92361,Gillnet,Arius Felis,Sea Catfish,1
Barataria,2001-12-03,29.29722,-89.92361,Gillnet,Arius Felis,Sea Catfish,4
Barataria,2002-02-14,29.29722,-89.92361,Gillnet,Dasyatis Sabina,Atlantic Stingray,1
Barataria,2002-03-25,29.29722,-89.92361,Gillnet,Arius Felis,Sea Catfish,1
Barataria,2002-04-24,29.29722,-89.92361,Gillnet,Cynoscion Nebulosus,Spotted Seatrout,64
Barataria,2002-05-16,29.29722,-89.92361,Gillnet,Dasyatis Sabina,Atlantic Stingray,1
Barataria,2002-06-13,29.29722,-89.92361,Gillnet,Scomberomorus Maculatus,Spanish Mackerel,1
Barataria,2002-07-17,29.29722,-89.92361,Gillnet,Arius Felis,Sea Catfish,1
Barataria,2002-07-17,29.29722,-89.92361,Gillnet,Pogonias Cromis,Black Drum,1
Barataria,2002-08-02,29.29722,-89.92361,Gillnet,Arius Felis,Sea Catfish,1
Barataria,2002-08-02,29.29722,-89.92361,Gillnet,Callinectes Sapidus,Blue Crab,25
Barataria,2002-08-02,29.29722,-89.92361,Gillnet,Scomberomorus Maculatus,Spanish Mackerel,4
Barataria,2002-08-28,29.29722,-89.92361,Gillnet,Callinectes Sapidus,Blue Crab,1
Barataria,2002-09-18,29.29722,-89.92361,Gillnet,Carcharhinus Leucas,Bull Shark,1
Barataria,2003-03-11,29.29722,-89.92361,Gillnet,Pogonias Cromis,Black Drum,1
Barataria,2003-06-17,29.29722,-89.92361,Gillnet,Arius Felis,Sea Catfish,1
Barataria,2003-07-08,29.29722,-89.92361,Gillnet,Arius Felis,Sea Catfish,1
Barataria,2004-01-13,29.29722,-89.92361,Gillnet,Pogonias Cromis,Black Drum,1
Barataria,2004-04-20,29.29722,-89.92361,Gillnet,Dasyatis Sabina,Atlantic Stingray,1
Barataria,2004-06-09,29.29722,-89.92361,Gillnet,Callinectes Sapidus,Blue Crab,1
Barataria,2004-07-14,29.29722,-89.92361,Gillnet,Bagre Marinus,Gafftopsail Catfish,1
Barataria,2004-07-20,29.29722,-89.92361,Gillnet,Callinectes Sapidus,Blue Crab,9
Barataria,2004-08-11,29.29722,-89.92361,Gillnet,Arius Felis,Sea Catfish,1
Barataria,2004-08-11,29.29722,-89.92361,Gillnet,Callinectes Sapidus,Blue Crab,16
Barataria,2004-11-17,29.29722,-89.92361,Gillnet,Arius Felis,Sea Catfish,9
Barataria,2005-01-04,29.29722,-89.92361,Gillnet,Arius Felis,Sea Catfish,1
Barataria,2005-07-19,29.29722,-89.92361,Gillnet,Brevoortia Patronus,Gulf Menhaden,1
Barataria,2005-07-26,29.29722,-89.92361,Gillnet,Callinectes Sapidus,Blue Crab,64
Barataria,2005-08-03,29.29722,-89.92361,Gillnet,Callinectes Sapidus,Blue Crab,1
Barataria,2005-08-03,29.29722,-89.92361,Gillnet,Elops Saurus,Ladyfish,1
Barataria,2005-08-17,29.29722,-89.92361,Gillnet,Callinectes Sapidus,Blue Crab,1
Barataria,2006-04-04,29.29722,-89.92361,Gillnet,Brevoortia Patronus,Gulf Menhaden,4
Barataria,2006-04-04,29.29722,-89.92361,Gillnet,Callinectes Sapidus,Blue Crab,1
Barataria,2006-05-09,29.29722,-89.92361,Gillnet,Arius Felis,Sea Catfish,1
Barataria,2006-06-08,29.29722,-89.92361,Gillnet,Arius Felis,Sea Catfish,1
Barataria,2006-06-08,29.29722,-89.92361,Gillnet,Callinectes Sapidus,Blue Crab,1
Barataria,2006-07-13,29.29722,-89.92361,Gillnet,Callinectes Sapidus,Blue Crab,1
Barataria,2006-08-16,29.29722,-89.92361,Gillnet,Elops Saurus,Ladyfish,1
Barataria,2006-08-24,29.29722,-89.92361,Gillnet,Callinectes Sapidus,Blue Crab,4
Barataria,2006-09-19,29.29722,-89.92361,Gillnet,Elops Saurus,Ladyfish,1
Barataria,2006-09-19,29.29722,-89.92361,Gillnet,Penaeus Setiferus,White Shrimp,1
Barataria,2007-04-18,29.29722,-89.92361,Gillnet,Arius Felis,Sea Catfish,1
Barataria,2007-04-18,29.29722,-89.92361,Gillnet,Bagre Marinus,Gafftopsail Catfish,1
Barataria,2007-05-15,29.29722,-89.92361,Gillnet,Arius Felis,Sea Catfish,1
Barataria,2007-06-18,29.29722,-89.92361,Gillnet,Brevoortia Patronus,Gulf Menhaden,49
Barataria,2007-07-10,29.29722,-89.92361,Gillnet,Bagre Marinus,Gafftopsail Catfish,4
Barataria,2007-07-10,29.29722,-89.92361,Gillnet,Callinectes Sapidus,Blue Crab,1
Barataria,2007-07-10,29.29722,-89.92361,Gillnet,Cynoscion Arenarius,Sand Seatrout,1
Barataria,2007-07-10,29.29722,-89.92361,Gillnet,Cynoscion Nebulosus,Spotted Seatrout,4
Barataria,2007-07-10,29.29722,-89.92361,Gillnet,Elops Saurus,Ladyfish,1
Barataria,2007-08-08,29.29722,-89.92361,Gillnet,Brevoortia Patronus,Gulf Menhaden,1
Barataria,2007-08-08,29.29722,-89.92361,Gillnet,Callinectes Sapidus,Blue Crab,9
Barataria,2007-08-08,29.29722,-89.92361,Gillnet,Elops Saurus,Ladyfish,1
Barataria,2007-08-08,29.29722,-89.92361,Gillnet,Scomberomorus Maculatus,Spanish Mackerel,1
Barataria,2007-08-14,29.29722,-89.92361,Gillnet,Callinectes Sapidus,Blue Crab,1
Barataria,2007-08-14,29.29722,-89.92361,Gillnet,Peprilus Alepidotus,Harvestfish,4
Barataria,2007-09-12,29.29722,-89.92361,Gillnet,Arius Felis,Sea Catfish,2
Barataria,2007-11-06,29.29722,-89.92361,Gillnet,Arius Felis,Sea Catfish,1
Barataria,2008-04-14,29.29722,-89.92361,Gillnet,Arius Felis,Sea Catfish,1
Barataria,2008-08-12,29.29722,-89.92361,Gillnet,Callinectes Sapidus,Blue Crab,4
Barataria,2008-08-12,29.29722,-89.92361,Gillnet,Peprilus Alepidotus,Harvestfish,1
Barataria,2008-09-09,29.29722,-89.92361,Gillnet,Arius Felis,Sea Catfish,1
Barataria,2008-09-09,29.29722,-89.92361,Gillnet,Brevoortia Patronus,Gulf Menhaden,1
Barataria,2008-09-09,29.29722,-89.92361,Gillnet,Penaeus Setiferus,White Shrimp,1
Barataria,2008-09-17,29.29722,-89.92361,Gillnet,Arius Felis,Sea Catfish,2
Barataria,2008-09-17,29.29722,-89.92361,Gillnet,Brevoortia Patronus,Gulf Menhaden,1
Barataria,2008-11-18,29.29722,-89.92361,Gillnet,Arius Felis,Sea Catfish,1
Barataria,2008-11-18,29.29722,-89.92361,Gillnet,Callinectes Sapidus,Blue Crab,1
Barataria,2009-04-22,29.29722,-89.92361,Gillnet,Arius Felis,Sea Catfish,1
Barataria,2009-04-22,29.29722,-89.92361,Gillnet,Callinectes Sapidus,Blue Crab,1
Barataria,2009-05-11,29.29722,-89.92361,Gillnet,Callinectes Sapidus,Blue Crab,1
Barataria,2009-05-26,29.29722,-89.92361,Gillnet,Callinectes Sapidus,Blue Crab,1
Barataria,2009-06-03,29.29722,-89.92361,Gillnet,Arius Felis,Sea Catfish,1
Barataria,2009-06-17,29.29722,-89.92361,Gillnet,Arius Felis,Sea Catfish,1
Barataria,2009-06-17,29.29722,-89.92361,Gillnet,Callinectes Sapidus,Blue Crab,1
Barataria,2009-07-16,29.29722,-89.92361,Gillnet,Arius Felis,Sea Catfish,1
Barataria,2009-07-16,29.29722,-89.92361,Gillnet,Callinectes Sapidus,Blue Crab,1
Barataria,2009-07-16,29.29722,-89.92361,Gillnet,Scomberomorus Maculatus,Spanish Mackerel,1
Barataria,2009-07-28,29.29722,-89.92361,Gillnet,Callinectes Sapidus,Blue Crab,4
Barataria,2009-07-28,29.29722,-89.92361,Gillnet,Elops Saurus,Ladyfish,1
Barataria,2009-08-13,29.29722,-89.92361,Gillnet,Callinectes Sapidus,Blue Crab,9
Barataria,2009-08-19,29.29722,-89.92361,Gillnet,Brevoortia Patronus,Gulf Menhaden,9
Barataria,2009-08-19,29.29722,-89.92361,Gillnet,Callinectes Sapidus,Blue Crab,4
Barataria,2010-01-04,29.29722,-89.92361,Gillnet,Pogonias Cromis,Black Drum,1
Barataria,2010-02-02,29.29722,-89.92361,Gillnet,Pogonias Cromis,Black Drum,1
Barataria,2010-04-01,29.29722,-89.92361,Gillnet,Arius Felis,Sea Catfish,1
Barataria,2010-05-04,29.29722,-89.92361,Gillnet,Arius Felis,Sea Catfish,3
Barataria,2010-05-04,29.29722,-89.92361,Gillnet,Penaeus Setiferus,White Shrimp,9
Barataria,2010-08-16,29.29722,-89.92361,Gillnet,Arius Felis,Sea Catfish,3
Barataria,2010-08-16,29.29722,-89.92361,Gillnet,Callinectes Sapidus,Blue Crab,9
Barataria,2010-08-25,29.29722,-89.92361,Gillnet,Arius Felis,Sea Catfish,11
Barataria,2010-08-25,29.29722,-89.92361,Gillnet,Bagre Marinus,Gafftopsail Catfish,121
Barataria,2010-08-25,29.29722,-89.92361,Gillnet,Brevoortia Patronus,Gulf Menhaden,4
Barataria,2010-08-25,29.29722,-89.92361,Gillnet,Callinectes Sapidus,Blue Crab,4
Barataria,2010-08-25,29.29722,-89.92361,Gillnet,Cynoscion Nebulosus,Spotted Seatrout,1
Barataria,2010-09-14,29.29722,-89.92361,Gillnet,Brevoortia Patronus,Gulf Menhaden,1
Barataria,2010-09-14,29.29722,-89.92361,Gillnet,Callinectes Sapidus,Blue Crab,1
Barataria,2010-10-05,29.29722,-89.92361,Gillnet,Archosargus Probatocephalus,Sheepshead,1
Barataria,2011-01-10,29.29722,-89.92361,Gillnet,Arius Felis,Sea Catfish,1
Barataria,2011-03-11,29.29722,-89.92361,Gillnet,Dasyatis Sabina,Atlantic Stingray,2
Barataria,2011-03-11,29.29722,-89.92361,Gillnet,Trachinotus Carolinus,Florida Pompano,1
Barataria,2011-06-28,29.29722,-89.92361,Gillnet,Callinectes Sapidus,Blue Crab,4
Barataria,2011-07-19,29.29722,-89.92361,Gillnet,Callinectes Sapidus,Blue Crab,36
Barataria,2011-07-27,29.29722,-89.92361,Gillnet,Arius Felis,Sea Catfish,1
Barataria,2011-07-27,29.29722,-89.92361,Gillnet,Callinectes Sapidus,Blue Crab,4
Barataria,2011-08-04,29.29722,-89.92361,Gillnet,Callinectes Sapidus,Blue Crab,9
Barataria,2011-08-22,29.29722,-89.92361,Gillnet,Callinectes Sapidus,Blue Crab,1
Barataria,2011-09-26,29.29722,-89.92361,Gillnet,Brevoortia Patronus,Gulf Menhaden,1
Barataria,2011-10-13,29.29722,-89.92361,Gillnet,Aurelia aurita,Moon Jellyfish,64
Barataria,2011-12-08,29.29722,-89.92361,Gillnet,Aurelia aurita,Moon Jellyfish,1
Barataria,2012-01-05,29.29722,-89.92361,Gillnet,Dasyatis Sabina,Atlantic Stingray,1
Barataria,2012-02-16,29.29722,-89.92361,Gillnet,Dasyatis Sabina,Atlantic Stingray,1
Barataria,2012-03-05,29.29722,-89.92361,Gillnet,Dasyatis Sabina,Atlantic Stingray,1
Barataria,2012-04-12,29.29722,-89.92361,Gillnet,Dasyatis Sabina,Atlantic Stingray,1
Barataria,2012-04-26,29.29722,-89.92361,Gillnet,Callinectes Sapidus,Blue Crab,1
Barataria,2012-04-26,29.29722,-89.92361,Gillnet,Cynoscion Nebulosus,Spotted Seatrout,1
Barataria,2012-05-23,29.29722,-89.92361,Gillnet,Carcharhinus Limbatus,Blacktip Shark,1
Barataria,2012-05-23,29.29722,-89.92361,Gillnet,Dasyatis Sabina,Atlantic Stingray,1
Barataria,2012-07-12,29.29722,-89.92361,Gillnet,Callinectes Sapidus,Blue Crab,1
Barataria,2012-07-12,29.29722,-89.92361,Gillnet,Peprilus Alepidotus,Harvestfish,1
Barataria,2012-08-08,29.29722,-89.92361,Gillnet,Arius Felis,Sea Catfish,1
Barataria,2012-08-08,29.29722,-89.92361,Gillnet,Callinectes Sapidus,Blue Crab,9
Barataria,2012-08-22,29.29722,-89.92361,Gillnet,Arius Felis,Sea Catfish,1
Barataria,2012-08-22,29.29722,-89.92361,Gillnet,Callinectes Sapidus,Blue Crab,1
Barataria,2012-09-10,29.29722,-89.92361,Gillnet,Arius Felis,Sea Catfish,2
Barataria,2012-09-10,29.29722,-89.92361,Gillnet,Bagre Marinus,Gafftopsail Catfish,9
Barataria,2012-09-10,29.29722,-89.92361,Gillnet,Cynoscion Arenarius,Sand Seatrout,4
Barataria,2012-09-10,29.29722,-89.92361,Gillnet,Paralichthys Lethostigma,Southern Flounder,1
Barataria,2012-09-10,29.29722,-89.92361,Gillnet,Trachinotus falcatus,Permit,1
Barataria,2012-10-10,29.29722,-89.92361,Gillnet,Arius Felis,Sea Catfish,5
Barataria,2012-10-10,29.29722,-89.92361,Gillnet,Dasyatis Sabina,Atlantic Stingray,1
Barataria,2012-10-10,29.29722,-89.92361,Gillnet,Scomberomorus Maculatus,Spanish Mackerel,1
Barataria,2012-11-15,29.29722,-89.92361,Gillnet,Pogonias Cromis,Black Drum,1
Barataria,2012-12-13,29.29722,-89.92361,Gillnet,Pogonias Cromis,Black Drum,4
Barataria,2013-01-23,29.29722,-89.92361,Gillnet,Rhinoptera Bonasus,Cownose Ray,1
Barataria,2013-04-12,29.29722,-89.92361,Gillnet,Arius Felis,Sea Catfish,1
Barataria,2013-06-20,29.29722,-89.92361,Gillnet,Arius Felis,Sea Catfish,1
Barataria,2013-07-12,29.29722,-89.92361,Gillnet,Callinectes Sapidus,Blue Crab,16
Barataria,2013-09-19,29.29722,-89.92361,Gillnet,Aurelia aurita,Moon Jellyfish,36
Barataria,2014-07-15,29.29722,-89.92361,Gillnet,Callinectes Sapidus,Blue Crab,1
Barataria,2015-08-10,29.29722,-89.92361,Gillnet,Peprilus Alepidotus,Harvestfish,1
Barataria,2015-12-08,29.29722,-89.92361,Gillnet,Dasyatis Sabina,Atlantic Stingray,1
Barataria,2016-07-27,29.29722,-89.92361,Gillnet,Callinectes Sapidus,Blue Crab,9
Barataria,2016-08-08,29.29722,-89.92361,Gillnet,Callinectes Sapidus,Blue Crab,9
Barataria,2016-09-07,29.29722,-89.92361,Gillnet,Elops Saurus,Ladyfish,1
Barataria,2016-09-19,29.29722,-89.92361,Gillnet,Scomberomorus Maculatus,Spanish Mackerel,1
Barataria,2017-03-21,29.29722,-89.92361,Gillnet,Dasyatis Sabina,Atlantic Stingray,1
Barataria,2017-06-26,29.29722,-89.92361,Gillnet,Caranx Hippos,Crevalle Jack,1
Barataria,2017-07-06,29.29722,-89.92361,Gillnet,Brevoortia Patronus,Gulf Menhaden,1
Barataria,2017-08-24,29.29722,-89.92361,Gillnet,Brevoortia Patronus,Gulf Menhaden,1
Barataria,2017-08-24,29.29722,-89.92361,Gillnet,Elops Saurus,Ladyfish,1
Barataria,2018-05-21,29.29722,-89.92361,Gillnet,Dasyatis Sabina,Atlantic Stingray,1
Barataria,2018-08-22,29.29722,-89.92361,Gillnet,Brevoortia Patronus,Gulf Menhaden,4
Barataria,2018-11-05,29.29722,-89.92361,Gillnet,Dasyatis Sabina,Atlantic Stingray,2
Barataria,1992-03-07,29.43056,-89.97361,Gillnet,Arius Felis,Sea Catfish,1
Barataria,1992-06-23,29.43056,-89.97361,Gillnet,Sciaenops Ocellatus,Red Drum,9
Barataria,1992-07-29,29.43056,-89.97361,Gillnet,Cynoscion Nebulosus,Spotted Seatrout,1
Barataria,1992-07-31,29.43056,-89.97361,Gillnet,Sciaenops Ocellatus,Red Drum,1
Barataria,1992-09-09,29.43056,-89.97361,Gillnet,Cynoscion Nebulosus,Spotted Seatrout,1
Barataria,1992-09-09,29.43056,-89.97361,Gillnet,Elops Saurus,Ladyfish,1
Barataria,1993-06-22,29.43056,-89.97361,Gillnet,Arius Felis,Sea Catfish,5
Barataria,1993-09-16,29.43056,-89.97361,Gillnet,Arius Felis,Sea Catfish,3
Barataria,1993-09-16,29.43056,-89.97361,Gillnet,Dorosoma Petenense,Threadfin Shad,1
Barataria,1993-09-21,29.43056,-89.97361,Gillnet,Brevoortia Patronus,Gulf Menhaden,1
Barataria,1993-11-11,29.43056,-89.97361,Gillnet,Archosargus Probatocephalus,Sheepshead,25
Barataria,1994-05-24,29.43056,-89.97361,Gillnet,Brevoortia Patronus,Gulf Menhaden,1
Barataria,1994-09-20,29.43056,-89.97361,Gillnet,Elops Saurus,Ladyfish,4
Barataria,1995-09-21,29.43056,-89.97361,Gillnet,Dorosoma Petenense,Threadfin Shad,1
Barataria,1995-09-21,29.43056,-89.97361,Gillnet,Elops Saurus,Ladyfish,1
Barataria,1995-09-27,29.43056,-89.97361,Gillnet,Brevoortia Patronus,Gulf Menhaden,4
Barataria,1995-09-27,29.43056,-89.97361,Gillnet,Cynoscion Arenarius,Sand Seatrout,4
Barataria,1996-04-03,29.43056,-89.97361,Gillnet,Arius Felis,Sea Catfish,1
Barataria,1996-05-07,29.43056,-89.97361,Gillnet,Arius Felis,Sea Catfish,9
Barataria,1996-05-23,29.43056,-89.97361,Gillnet,Pogonias Cromis,Black Drum,1
Barataria,1996-05-23,29.43056,-89.97361,Gillnet,Sciaenops Ocellatus,Red Drum,4
Barataria,1996-06-18,29.43056,-89.97361,Gillnet,Arius Felis,Sea Catfish,25
Barataria,1996-06-25,29.43056,-89.97361,Gillnet,Arius Felis,Sea Catfish,64
Barataria,1996-06-25,29.43056,-89.97361,Gillnet,Menticirrhus Americanus,Southern Kingfish,4
Barataria,1996-08-28,29.43056,-89.97361,Gillnet,Arius Felis,Sea Catfish,4
Barataria,1996-08-28,29.43056,-89.97361,Gillnet,Lagodon Rhomboides,Pinfish,1
Barataria,1996-09-04,29.43056,-89.97361,Gillnet,Arius Felis,Sea Catfish,25
Barataria,1996-09-04,29.43056,-89.97361,Gillnet,Pogonias Cromis,Black Drum,1
Barataria,1996-09-11,29.43056,-89.97361,Gillnet,Arius Felis,Sea Catfish,16
Barataria,1996-10-16,29.43056,-89.97361,Gillnet,Arius Felis,Sea Catfish,9
Barataria,1997-03-18,29.43056,-89.97361,Gillnet,Arius Felis,Sea Catfish,1
Barataria,1997-05-06,29.43056,-89.97361,Gillnet,Arius Felis,Sea Catfish,9
Barataria,1997-05-28,29.43056,-89.97361,Gillnet,Callinectes Sapidus,Blue Crab,1
Barataria,1997-07-09,29.43056,-89.97361,Gillnet,Arius Felis,Sea Catfish,1
Barataria,1997-12-10,29.43056,-89.97361,Gillnet,Pogonias Cromis,Black Drum,1
Barataria,1998-06-03,29.43056,-89.97361,Gillnet,Paralichthys Lethostigma,Southern Flounder,1
Barataria,1998-07-07,29.43056,-89.97361,Gillnet,Callinectes Sapidus,Blue Crab,1
Barataria,1998-07-15,29.43056,-89.97361,Gillnet,Arius Felis,Sea Catfish,1
Barataria,1998-07-15,29.43056,-89.97361,Gillnet,Carcharhinus Leucas,Bull Shark,4
Barataria,1999-03-23,29.43056,-89.97361,Gillnet,Arius Felis,Sea Catfish,1
Barataria,1999-04-07,29.43056,-89.97361,Gillnet,Arius Felis,Sea Catfish,1
Barataria,1999-04-07,29.43056,-89.97361,Gillnet,Cynoscion Nebulosus,Spotted Seatrout,1
Barataria,1999-05-25,29.43056,-89.97361,Gillnet,Callinectes Sapidus,Blue Crab,4
Barataria,1999-06-22,29.43056,-89.97361,Gillnet,Callinectes Sapidus,Blue Crab,1
Barataria,1999-08-11,29.43056,-89.97361,Gillnet,Bagre Marinus,Gafftopsail Catfish,1
Barataria,1999-09-08,29.43056,-89.97361,Gillnet,Elops Saurus,Ladyfish,1
Barataria,1999-09-08,29.43056,-89.97361,Gillnet,Scomberomorus Maculatus,Spanish Mackerel,1
Barataria,2000-01-12,29.43056,-89.97361,Gillnet,Arius Felis,Sea Catfish,4
Barataria,2000-02-08,29.43056,-89.97361,Gillnet,Cynoscion Nebulosus,Spotted Seatrout,1
Barataria,2000-04-26,29.43056,-89.97361,Gillnet,Arius Felis,Sea Catfish,1
Barataria,2000-06-15,29.43056,-89.97361,Gillnet,Arius Felis,Sea Catfish,16
Barataria,2000-06-21,29.43056,-89.97361,Gillnet,Arius Felis,Sea Catfish,9
Barataria,2000-06-21,29.43056,-89.97361,Gillnet,Callinectes Sapidus,Blue Crab,9
Barataria,2000-06-21,29.43056,-89.97361,Gillnet,Peprilus Alepidotus,Harvestfish,1
Barataria,2000-07-13,29.43056,-89.97361,Gillnet,Callinectes Sapidus,Blue Crab,1
Barataria,2000-08-09,29.43056,-89.97361,Gillnet,Arius Felis,Sea Catfish,1
Barataria,2000-08-09,29.43056,-89.97361,Gillnet,Brevoortia Patronus,Gulf Menhaden,1
Barataria,2000-08-24,29.43056,-89.97361,Gillnet,Callinectes Sapidus,Blue Crab,1
Barataria,2001-03-13,29.43056,-89.97361,Gillnet,Arius Felis,Sea Catfish,1
Barataria,2001-04-24,29.43056,-89.97361,Gillnet,Arius Felis,Sea Catfish,9
Barataria,2001-06-14,29.43056,-89.97361,Gillnet,Micropogonias Undulatus,Atlantic Croaker,1
Barataria,2001-07-24,29.43056,-89.97361,Gillnet,Arius Felis,Sea Catfish,1
Barataria,2001-08-16,29.43056,-89.97361,Gillnet,Arius Felis,Sea Catfish,1
Barataria,2001-08-16,29.43056,-89.97361,Gillnet,Brevoortia Patronus,Gulf Menhaden,1
Barataria,2002-01-24,29.43056,-89.97361,Gillnet,Arius Felis,Sea Catfish,1
Barataria,2002-07-24,29.43056,-89.97361,Gillnet,Arius Felis,Sea Catfish,1
Barataria,2002-09-19,29.43056,-89.97361,Gillnet,Scomberomorus Maculatus,Spanish Mackerel,1
Barataria,2003-02-20,29.43056,-89.97361,Gillnet,Arius Felis,Sea Catfish,36
Barataria,2003-03-12,29.43056,-89.97361,Gillnet,Arius Felis,Sea Catfish,1
Barataria,2003-08-04,29.43056,-89.97361,Gillnet,Arius Felis,Sea Catfish,4
Barataria,2003-08-04,29.43056,-89.97361,Gillnet,Brevoortia Patronus,Gulf Menhaden,1
Barataria,2003-08-19,29.43056,-89.97361,Gillnet,Arius Felis,Sea Catfish,16
Barataria,2003-09-04,29.43056,-89.97361,Gillnet,Arius Felis,Sea Catfish,1
Barataria,2003-09-23,29.43056,-89.97361,Gillnet,Arius Felis,Sea Catfish,1
Barataria,2003-11-10,29.43056,-89.97361,Gillnet,Arius Felis,Sea Catfish,4
Barataria,2003-12-02,29.43056,-89.97361,Gillnet,Pogonias Cromis,Black Drum,1
Barataria,2004-01-12,29.43056,-89.97361,Gillnet,Archosargus Probatocephalus,Sheepshead,16
Barataria,2004-02-10,29.43056,-89.97361,Gillnet,Pogonias Cromis,Black Drum,1
Barataria,2004-03-02,29.43056,-89.97361,Gillnet,Arius Felis,Sea Catfish,4
Barataria,2004-06-22,29.43056,-89.97361,Gillnet,Callinectes Sapidus,Blue Crab,1
Barataria,2004-07-13,29.43056,-89.97361,Gillnet,Arius Felis,Sea Catfish,4
Barataria,2004-07-13,29.43056,-89.97361,Gillnet,Callinectes Sapidus,Blue Crab,1
Barataria,2004-08-05,29.43056,-89.97361,Gillnet,Arius Felis,Sea Catfish,25
Barataria,2004-08-05,29.43056,-89.97361,Gillnet,Callinectes Sapidus,Blue Crab,1
Barataria,2004-08-05,29.43056,-89.97361,Gillnet,Elops Saurus,Ladyfish,1
Barataria,2004-08-05,29.43056,-89.97361,Gillnet,Pogonias Cromis,Black Drum,4
Barataria,2004-08-05,29.43056,-89.97361,Gillnet,Sciaenops Ocellatus,Red Drum,1
Barataria,2004-08-17,29.43056,-89.97361,Gillnet,Arius Felis,Sea Catfish,1
Barataria,2004-09-20,29.43056,-89.97361,Gillnet,Arius Felis,Sea Catfish,1
Barataria,2004-10-27,29.43056,-89.97361,Gillnet,Arius Felis,Sea Catfish,1
Barataria,2004-10-27,29.43056,-89.97361,Gillnet,Dorosoma Cepedianum,Gizzard Shad,1
Barataria,2004-11-16,29.43056,-89.97361,Gillnet,Arius Felis,Sea Catfish,4
Barataria,2004-11-16,29.43056,-89.97361,Gillnet,Pogonias Cromis,Black Drum,1
Barataria,2005-02-21,29.43056,-89.97361,Gillnet,Arius Felis,Sea Catfish,1
Barataria,2005-04-19,29.43056,-89.97361,Gillnet,Arius Felis,Sea Catfish,1
Barataria,2005-04-19,29.43056,-89.97361,Gillnet,Bairdiella Chrysoura,Silver Perch,1
Barataria,2005-04-19,29.43056,-89.97361,Gillnet,Callinectes Sapidus,Blue Crab,4
Barataria,2005-05-10,29.43056,-89.97361,Gillnet,Bagre Marinus,Gafftopsail Catfish,1
Barataria,2005-05-19,29.43056,-89.97361,Gillnet,Bagre Marinus,Gafftopsail Catfish,9
Barataria,2005-05-19,29.43056,-89.97361,Gillnet,Cynoscion Nebulosus,Spotted Seatrout,1
Barataria,2005-05-19,29.43056,-89.97361,Gillnet,Dasyatis Sabina,Atlantic Stingray,1
Barataria,2005-06-08,29.43056,-89.97361,Gillnet,Arius Felis,Sea Catfish,2
Barataria,2005-06-22,29.43056,-89.97361,Gillnet,Callinectes Sapidus,Blue Crab,4
Barataria,2005-07-20,29.43056,-89.97361,Gillnet,Arius Felis,Sea Catfish,1
Barataria,2005-08-18,29.43056,-89.97361,Gillnet,Callinectes Sapidus,Blue Crab,1
Barataria,2005-08-18,29.43056,-89.97361,Gillnet,Scomberomorus Maculatus,Spanish Mackerel,1
Barataria,2005-10-04,29.43056,-89.97361,Gillnet,Rhinoptera Bonasus,Cownose Ray,1
Barataria,2006-04-03,29.43056,-89.97361,Gillnet,Arius Felis,Sea Catfish,1
Barataria,2006-05-03,29.43056,-89.97361,Gillnet,Arius Felis,Sea Catfish,1
Barataria,2006-08-17,29.43056,-89.97361,Gillnet,Callinectes Sapidus,Blue Crab,4
Barataria,2006-08-22,29.43056,-89.97361,Gillnet,Callinectes Sapidus,Blue Crab,1
Barataria,2006-08-22,29.43056,-89.97361,Gillnet,Carcharhinus Leucas,Bull Shark,1
Barataria,2006-09-07,29.43056,-89.97361,Gillnet,Micropogonias Undulatus,Atlantic Croaker,1
Barataria,2006-09-07,29.43056,-89.97361,Gillnet,Paralichthys Lethostigma,Southern Flounder,1
Barataria,2006-09-07,29.43056,-89.97361,Gillnet,Scomberomorus Maculatus,Spanish Mackerel,1
Barataria,2006-09-14,29.43056,-89.97361,Gillnet,Arius Felis,Sea Catfish,1
Barataria,2006-10-11,29.43056,-89.97361,Gillnet,Elops Saurus,Ladyfish,1
Barataria,2006-12-06,29.43056,-89.97361,Gillnet,Pogonias Cromis,Black Drum,1
Barataria,2007-02-06,29.43056,-89.97361,Gillnet,Pogonias Cromis,Black Drum,1
Barataria,2007-04-03,29.43056,-89.97361,Gillnet,Arius Felis,Sea Catfish,1
Barataria,2007-04-18,29.43056,-89.97361,Gillnet,Arius Felis,Sea Catfish,1
Barataria,2007-04-18,29.43056,-89.97361,Gillnet,Bagre Marinus,Gafftopsail Catfish,1
Barataria,2007-04-18,29.43056,-89.97361,Gillnet,Brevoortia Patronus,Gulf Menhaden,1
Barataria,2007-07-18,29.43056,-89.97361,Gillnet,Callinectes Sapidus,Blue Crab,1
Barataria,2007-08-14,29.43056,-89.97361,Gillnet,Bagre Marinus,Gafftopsail Catfish,4
Barataria,2007-08-14,29.43056,-89.97361,Gillnet,Callinectes Sapidus,Blue Crab,1
Barataria,2007-09-12,29.43056,-89.97361,Gillnet,Arius Felis,Sea Catfish,1
Barataria,2007-11-06,29.43056,-89.97361,Gillnet,Arius Felis,Sea Catfish,1
Barataria,2008-04-14,29.43056,-89.97361,Gillnet,Callinectes Sapidus,Blue Crab,1
Barataria,2008-05-19,29.43056,-89.97361,Gillnet,Arius Felis,Sea Catfish,1
Barataria,2008-07-01,29.43056,-89.97361,Gillnet,Arius Felis,Sea Catfish,2
Barataria,2008-08-12,29.43056,-89.97361,Gillnet,Arius Felis,Sea Catfish,1
Barataria,2008-08-12,29.43056,-89.97361,Gillnet,Callinectes Sapidus,Blue Crab,1
Barataria,2008-09-10,29.43056,-89.97361,Gillnet,Arius Felis,Sea Catfish,1
Barataria,2009-03-04,29.43056,-89.97361,Gillnet,Sciaenops Ocellatus,Red Drum,4
Barataria,2009-04-22,29.43056,-89.97361,Gillnet,Arius Felis,Sea Catfish,1
Barataria,2009-05-11,29.43056,-89.97361,Gillnet,Callinectes Sapidus,Blue Crab,1
Barataria,2009-05-19,29.43056,-89.97361,Gillnet,Arius Felis,Sea Catfish,1
Barataria,2009-07-16,29.43056,-89.97361,Gillnet,Arius Felis,Sea Catfish,1
Barataria,2009-07-28,29.43056,-89.97361,Gillnet,Arius Felis,Sea Catfish,1
Barataria,2009-08-19,29.43056,-89.97361,Gillnet,Brevoortia Patronus,Gulf Menhaden,1
Barataria,2009-09-14,29.43056,-89.97361,Gillnet,Arius Felis,Sea Catfish,3
Barataria,2009-10-06,29.43056,-89.97361,Gillnet,Arius Felis,Sea Catfish,3
Barataria,2010-04-01,29.43056,-89.97361,Gillnet,Arius Felis,Sea Catfish,1
Barataria,2010-04-13,29.43056,-89.97361,Gillnet,Atractosteus Spatula,Alligator Gar,1
Barataria,2010-08-19,29.43056,-89.97361,Gillnet,Callinectes Sapidus,Blue Crab,1
Barataria,2010-08-19,29.43056,-89.97361,Gillnet,Carcharhinus Leucas,Bull Shark,1
Barataria,2010-08-26,29.43056,-89.97361,Gillnet,Arius Felis,Sea Catfish,2
Barataria,2010-09-01,29.43056,-89.97361,Gillnet,Arius Felis,Sea Catfish,1
Barataria,2010-10-05,29.43056,-89.97361,Gillnet,Pogonias Cromis,Black Drum,4
Barataria,2010-11-08,29.43056,-89.97361,Gillnet,Callinectes Sapidus,Blue Crab,1
Barataria,2011-04-01,29.43056,-89.97361,Gillnet,Arius Felis,Sea Catfish,2
Barataria,2011-04-20,29.43056,-89.97361,Gillnet,Bagre Marinus,Gafftopsail Catfish,1
Barataria,2011-04-20,29.43056,-89.97361,Gillnet,Brevoortia Patronus,Gulf Menhaden,1
Barataria,2011-05-05,29.43056,-89.97361,Gillnet,Arius Felis,Sea Catfish,1
Barataria,2011-05-25,29.43056,-89.97361,Gillnet,Brevoortia Patronus,Gulf Menhaden,1
Barataria,2011-07-19,29.43056,-89.97361,Gillnet,Arius Felis,Sea Catfish,1
Barataria,2011-08-03,29.43056,-89.97361,Gillnet,Pogonias Cromis,Black Drum,4
Barataria,2011-10-05,29.43056,-89.97361,Gillnet,Atractosteus Spatula,Alligator Gar,1
Barataria,2011-12-06,29.43056,-89.97361,Gillnet,Pogonias Cromis,Black Drum,1
Barataria,2012-03-15,29.43056,-89.97361,Gillnet,Arius Felis,Sea Catfish,1
Barataria,2012-03-15,29.43056,-89.97361,Gillnet,Shark Spp.,Shark Unclassified,1
Barataria,2012-04-11,29.43056,-89.97361,Gillnet,Arius Felis,Sea Catfish,1
Barataria,2012-05-23,29.43056,-89.97361,Gillnet,Arius Felis,Sea Catfish,3
Barataria,2012-06-05,29.43056,-89.97361,Gillnet,Arius Felis,Sea Catfish,5
Barataria,2012-06-05,29.43056,-89.97361,Gillnet,Penaeus Setiferus,White Shrimp,1
Barataria,2012-07-11,29.43056,-89.97361,Gillnet,Arius Felis,Sea Catfish,1
Barataria,2012-07-25,29.43056,-89.97361,Gillnet,Callinectes Sapidus,Blue Crab,4
Barataria,2012-08-07,29.43056,-89.97361,Gillnet,Arius Felis,Sea Catfish,1
Barataria,2012-08-07,29.43056,-89.97361,Gillnet,Callinectes Sapidus,Blue Crab,9
Barataria,2012-09-12,29.43056,-89.97361,Gillnet,Cynoscion Arenarius,Sand Seatrout,1
Barataria,2013-03-14,29.43056,-89.97361,Gillnet,Brevoortia Patronus,Gulf Menhaden,1
Barataria,2013-05-01,29.43056,-89.97361,Gillnet,Bagre Marinus,Gafftopsail Catfish,1
Barataria,2013-08-06,29.43056,-89.97361,Gillnet,Callinectes Sapidus,Blue Crab,1
Barataria,2013-09-04,29.43056,-89.97361,Gillnet,Atractosteus Spatula,Alligator Gar,1
Barataria,2014-08-07,29.43056,-89.97361,Gillnet,Callinectes Sapidus,Blue Crab,1
Barataria,2015-06-11,29.43056,-89.97361,Gillnet,Arius Felis,Sea Catfish,1
Barataria,2015-10-06,29.43056,-89.97361,Gillnet,Carcharhinus Leucas,Bull Shark,1
Barataria,2015-10-06,29.43056,-89.97361,Gillnet,Pogonias Cromis,Black Drum,9
Barataria,2016-04-08,29.43056,-89.97361,Gillnet,Arius Felis,Sea Catfish,1
Barataria,2016-07-21,29.43056,-89.97361,Gillnet,Arius Felis,Sea Catfish,1
Barataria,2017-04-11,29.43056,-89.97361,Gillnet,Carcharhinus Leucas,Bull Shark,1
Barataria,2017-07-21,29.43056,-89.97361,Gillnet,Elops Saurus,Ladyfish,1
Barataria,2017-09-15,29.43056,-89.97361,Gillnet,Arius Felis,Sea Catfish,2
Barataria,2018-05-01,29.43056,-89.97361,Gillnet,Atractosteus Spatula,Alligator Gar,1
Barataria,2018-06-14,29.43056,-89.97361,Gillnet,Arius Felis,Sea Catfish,1
Barataria,2018-09-25,29.43056,-89.97361,Gillnet,Trachinotus Carolinus,Florida Pompano,1
Barataria,2018-09-25,29.43056,-89.97361,Gillnet,Trachinotus falcatus,Permit,4
