basin,date,lat,lon,gear,sci_name,species,n
Calcasieu,1992-01-30,29.83472,-93.37306,Gillnet,Archosargus Probatocephalus,Sheepshead,1
Calcasieu,1992-03-26,29.83472,-93.37306,Gillnet,Arius Felis,Sea Catfish,1
Calcasieu,1992-03-26,29.83472,-93.37306,Gillnet,Sciaenops Ocellatus,Red Drum,1
Calcasieu,1992-04-22,29.83472,-93.37306,Gillnet,Dorosoma Cepedianum,Gizzard Shad,1
Calcasieu,1992-05-13,29.83472,-93.37306,Gillnet,Sciaenops Ocellatus,Red Drum,9
Calcasieu,1992-05-20,29.83472,-93.37306,Gillnet,Sciaenops Ocellatus,Red Drum,16
Calcasieu,1992-06-04,29.83472,-93.37306,Gillnet,Sciaenops Ocellatus,Red Drum,4
Calcasieu,1992-06-24,29.83472,-93.37306,Gillnet,Arius Felis,Sea Catfish,1
Calcasieu,1992-06-24,29.83472,-93.37306,Gillnet,Dorosoma Cepedianum,Gizzard Shad,1
Calcasieu,1992-07-22,29.83472,-93.37306,Gillnet,Dorosoma Cepedianum,Gizzard Shad,1
Calcasieu,1992-08-17,29.83472,-93.37306,Gillnet,Sciaenops Ocellatus,Red Drum,1
Calcasieu,1992-08-27,29.83472,-93.37306,Gillnet,Arius Felis,Sea Catfish,1
Calcasieu,1992-08-27,29.83472,-93.37306,Gillnet,Dorosoma Cepedianum,Gizzard Shad,1
Calcasieu,1992-08-27,29.83472,-93.37306,Gillnet,Micropogonias Undulatus,Atlantic Croaker,1
Calcasieu,1992-08-27,29.83472,-93.37306,Gillnet,Pogonias Cromis,Black Drum,4
Calcasieu,1992-09-24,29.83472,-93.37306,Gillnet,Dorosoma Cepedianum,Gizzard Shad,4
Calcasieu,1992-10-19,29.83472,-93.37306,Gillnet,Dorosoma Cepedianum,Gizzard Shad,4
Calcasieu,1993-03-23,29.83472,-93.37306,Gillnet,Dorosoma Cepedianum,Gizzard Shad,2
Calcasieu,1993-04-12,29.83472,-93.37306,Gillnet,Dorosoma Cepedianum,Gizzard Shad,2
Calcasieu,1993-04-27,29.83472,-93.37306,Gillnet,Dorosoma Cepedianum,Gizzard Shad,3
Calcasieu,1993-04-27,29.83472,-93.37306,Gillnet,Micropogonias Undulatus,Atlantic Croaker,1
Calcasieu,1993-07-13,29.83472,-93.37306,Gillnet,Dorosoma Cepedianum,Gizzard Shad,2
Calcasieu,1993-07-13,29.83472,-93.37306,Gillnet,Sciaenops Ocellatus,Red Drum,4
Calcasieu,1993-08-04,29.83472,-93.37306,Gillnet,Dorosoma Cepedianum,Gizzard Shad,3
Calcasieu,1993-08-18,29.83472,-93.37306,Gillnet,Dorosoma Cepedianum,Gizzard Shad,2
Calcasieu,1993-09-08,29.83472,-93.37306,Gillnet,Dorosoma Cepedianum,Gizzard Shad,2
Calcasieu,1993-10-11,29.83472,-93.37306,Gillnet,Cynoscion Nebulosus,Spotted Seatrout,1
Calcasieu,1993-10-11,29.83472,-93.37306,Gillnet,Dorosoma Cepedianum,Gizzard Shad,35
Calcasieu,1993-11-18,29.83472,-93.37306,Gillnet,Dorosoma Cepedianum,Gizzard Shad,3
Calcasieu,1994-04-21,29.83472,-93.37306,Gillnet,Dorosoma Cepedianum,Gizzard Shad,6
Calcasieu,1994-04-27,29.83472,-93.37306,Gillnet,Dorosoma Cepedianum,Gizzard Shad,2
Calcasieu,1994-05-23,29.83472,-93.37306,Gillnet,Dorosoma Cepedianum,Gizzard Shad,5
Calcasieu,1994-06-20,29.83472,-93.37306,Gillnet,Arius Felis,Sea Catfish,1
Calcasieu,1994-06-20,29.83472,-93.37306,Gillnet,Dorosoma Cepedianum,Gizzard Shad,9
Calcasieu,1994-06-20,29.83472,-93.37306,Gillnet,Pogonias Cromis,Black Drum,1
Calcasieu,1994-07-18,29.83472,-93.37306,Gillnet,Dorosoma Cepedianum,Gizzard Shad,11
Calcasieu,1994-08-17,29.83472,-93.37306,Gillnet,Dorosoma Cepedianum,Gizzard Shad,2
Calcasieu,1994-08-22,29.83472,-93.37306,Gillnet,Dorosoma Cepedianum,Gizzard Shad,1
Calcasieu,1994-09-20,29.83472,-93.37306,Gillnet,Sciaenops Ocellatus,Red Drum,1
Calcasieu,1994-10-19,29.83472,-93.37306,Gillnet,Dorosoma Cepedianum,Gizzard Shad,1
Calcasieu,1994-12-07,29.83472,-93.37306,Gillnet,Dorosoma Cepedianum,Gizzard Shad,4
Calcasieu,1995-01-31,29.83472,-93.37306,Gillnet,Dorosoma Cepedianum,Gizzard Shad,5
Calcasieu,1995-01-31,29.83472,-93.37306,Gillnet,Mugil Cephalus,Striped Mullet,1
Calcasieu,1995-03-23,29.83472,-93.37306,Gillnet,Dorosoma Cepedianum,Gizzard Shad,23
Calcasieu,1995-04-12,29.83472,-93.37306,Gillnet,Dorosoma Cepedianum,Gizzard Shad,1
Calcasieu,1995-04-12,29.83472,-93.37306,Gillnet,Sciaenops Ocellatus,Red Drum,1
Calcasieu,1995-04-25,29.83472,-93.37306,Gillnet,Dorosoma Cepedianum,Gizzard Shad,1
Calcasieu,1995-05-24,29.83472,-93.37306,Gillnet,Arius Felis,Sea Catfish,1
Calcasieu,1995-05-24,29.83472,-93.37306,Gillnet,Cynoscion Nebulosus,Spotted Seatrout,1
Calcasieu,1995-06-19,29.83472,-93.37306,Gillnet,Sciaenops Ocellatus,Red Drum,1
Calcasieu,1995-07-19,29.83472,-93.37306,Gillnet,Dorosoma Cepedianum,Gizzard Shad,4
Calcasieu,1995-10-09,29.83472,-93.37306,Gillnet,Sciaenops Ocellatus,Red Drum,1
Calcasieu,1995-12-12,29.83472,-93.37306,Gillnet,Dorosoma Cepedianum,Gizzard Shad,2
Calcasieu,1995-12-12,29.83472,-93.37306,Gillnet,Mugil Cephalus,Striped Mullet,1
Calcasieu,1996-01-22,29.83472,-93.37306,Gillnet,Sciaenops Ocellatus,Red Drum,1
Calcasieu,1996-03-28,29.83472,-93.37306,Gillnet,Dorosoma Cepedianum,Gizzard Shad,1
Calcasieu,1996-04-16,29.83472,-93.37306,Gillnet,Dorosoma Cepedianum,Gizzard Shad,2
Calcasieu,1996-05-08,29.83472,-93.37306,Gillnet,Dorosoma Cepedianum,Gizzard Shad,10
Calcasieu,1996-05-21,29.83472,-93.37306,Gillnet,Dorosoma Cepedianum,Gizzard Shad,7
Calcasieu,1996-06-04,29.83472,-93.37306,Gillnet,Arius Felis,Sea Catfish,1
Calcasieu,1996-06-04,29.83472,-93.37306,Gillnet,Dorosoma Cepedianum,Gizzard Shad,30
Calcasieu,1996-06-12,29.83472,-93.37306,Gillnet,Dorosoma Cepedianum,Gizzard Shad,3
Calcasieu,1996-07-09,29.83472,-93.37306,Gillnet,Dorosoma Cepedianum,Gizzard Shad,7
Calcasieu,1996-08-07,29.83472,-93.37306,Gillnet,Dorosoma Cepedianum,Gizzard Shad,2
Calcasieu,1996-09-11,29.83472,-93.37306,Gillnet,Dorosoma Cepedianum,Gizzard Shad,4
Calcasieu,1996-10-09,29.83472,-93.37306,Gillnet,Dorosoma Cepedianum,Gizzard Shad,1
Calcasieu,1996-12-13,29.83472,-93.37306,Gillnet,Dorosoma Cepedianum,Gizzard Shad,5
Calcasieu,1997-05-29,29.83472,-93.37306,Gillnet,Dorosoma Cepedianum,Gizzard Shad,1
Calcasieu,1997-05-30,29.83472,-93.37306,Gillnet,Dorosoma Cepedianum,Gizzard Shad,14
Calcasieu,1997-06-11,29.83472,-93.37306,Gillnet,Dorosoma Cepedianum,Gizzard Shad,4
Calcasieu,1997-06-11,29.83472,-93.37306,Gillnet,Mugil Cephalus,Striped Mullet,1
Calcasieu,1997-06-19,29.83472,-93.37306,Gillnet,Dorosoma Cepedianum,Gizzard Shad,9
Calcasieu,1997-07-07,29.83472,-93.37306,Gillnet,Dorosoma Cepedianum,Gizzard Shad,6
Calcasieu,1997-07-29,29.83472,-93.37306,Gillnet,Dorosoma Cepedianum,Gizzard Shad,9
Calcasieu,1997-09-08,29.83472,-93.37306,Gillnet,Erroneous Entry,Erroneous Entry,1
Calcasieu,1997-09-29,29.83472,-93.37306,Gillnet,Dorosoma Cepedianum,Gizzard Shad,3
Calcasieu,1997-09-29,29.83472,-93.37306,Gillnet,Pogonias Cromis,Black Drum,1
Calcasieu,1997-10-16,29.83472,-93.37306,Gillnet,Dorosoma Cepedianum,Gizzard Shad,1
Calcasieu,1997-10-16,29.83472,-93.37306,Gillnet,Pogonias Cromis,Black Drum,1
Calcasieu,1997-11-25,29.83472,-93.37306,Gillnet,Dorosoma Cepedianum,Gizzard Shad,1
Calcasieu,1997-12-08,29.83472,-93.37306,Gillnet,Dorosoma Cepedianum,Gizzard Shad,1
Calcasieu,1997-12-08,29.83472,-93.37306,Gillnet,Sciaenops Ocellatus,Red Drum,1
Calcasieu,1998-03-26,29.83472,-93.37306,Gillnet,Dorosoma Cepedianum,Gizzard Shad,3
Calcasieu,1998-04-06,29.83472,-93.37306,Gillnet,Dorosoma Cepedianum,Gizzard Shad,7
Calcasieu,1998-04-20,29.83472,-93.37306,Gillnet,Arius Felis,Sea Catfish,1
Calcasieu,1998-04-20,29.83472,-93.37306,Gillnet,Dorosoma Cepedianum,Gizzard Shad,18
Calcasieu,1998-05-11,29.83472,-93.37306,Gillnet,Dorosoma Cepedianum,Gizzard Shad,15
Calcasieu,1998-05-21,29.83472,-93.37306,Gillnet,Dorosoma Cepedianum,Gizzard Shad,4
Calcasieu,1998-06-09,29.83472,-93.37306,Gillnet,Dorosoma Cepedianum,Gizzard Shad,1
Calcasieu,1998-06-09,29.83472,-93.37306,Gillnet,Sciaenops Ocellatus,Red Drum,1
Calcasieu,1998-07-21,29.83472,-93.37306,Gillnet,Dorosoma Cepedianum,Gizzard Shad,2
Calcasieu,1998-08-18,29.83472,-93.37306,Gillnet,Dorosoma Cepedianum,Gizzard Shad,3
Calcasieu,1998-09-22,29.83472,-93.37306,Gillnet,Dorosoma Cepedianum,Gizzard Shad,2
Calcasieu,1998-11-23,29.83472,-93.37306,Gillnet,Dorosoma Cepedianum,Gizzard Shad,3
Calcasieu,1998-12-01,29.83472,-93.37306,Gillnet,Dorosoma Cepedianum,Gizzard Shad,2
Calcasieu,1999-01-25,29.83472,-93.37306,Gillnet,Dorosoma Cepedianum,Gizzard Shad,4
Calcasieu,1999-01-25,29.83472,-93.37306,Gillnet,Sciaenops Ocellatus,Red Drum,1
Calcasieu,1999-02-08,29.83472,-93.37306,Gillnet,Dorosoma Cepedianum,Gizzard Shad,8
Calcasieu,1999-03-22,29.83472,-93.37306,Gillnet,Dorosoma Cepedianum,Gizzard Shad,2
Calcasieu,1999-04-12,29.83472,-93.37306,Gillnet,Sciaenops Ocellatus,Red Drum,1
Calcasieu,1999-04-20,29.83472,-93.37306,Gillnet,Dorosoma Cepedianum,Gizzard Shad,2
Calcasieu,1999-04-20,29.83472,-93.37306,Gillnet,Mugil Cephalus,Striped Mullet,1
Calcasieu,1999-04-20,29.83472,-93.37306,Gillnet,Sciaenops Ocellatus,Red Drum,1
Calcasieu,1999-05-17,29.83472,-93.37306,Gillnet,Dorosoma Cepedianum,Gizzard Shad,5
Calcasieu,1999-05-17,29.83472,-93.37306,Gillnet,Sciaenops Ocellatus,Red Drum,1
Calcasieu,1999-05-26,29.83472,-93.37306,Gillnet,Dorosoma Cepedianum,Gizzard Shad,1
Calcasieu,1999-06-02,29.83472,-93.37306,Gillnet,Bagre Marinus,Gafftopsail Catfish,1
Calcasieu,1999-06-02,29.83472,-93.37306,Gillnet,Dorosoma Cepedianum,Gizzard Shad,5
Calcasieu,1999-06-30,29.83472,-93.37306,Gillnet,Dorosoma Cepedianum,Gizzard Shad,5
Calcasieu,1999-07-20,29.83472,-93.37306,Gillnet,Dorosoma Cepedianum,Gizzard Shad,3
Calcasieu,1999-07-30,29.83472,-93.37306,Gillnet,Dorosoma Cepedianum,Gizzard Shad,8
Calcasieu,1999-07-30,29.83472,-93.37306,Gillnet,Sciaenops Ocellatus,Red Drum,1
Calcasieu,1999-08-03,29.83472,-93.37306,Gillnet,Pogonias Cromis,Black Drum,1
Calcasieu,1999-08-26,29.83472,-93.37306,Gillnet,Dorosoma Cepedianum,Gizzard Shad,1
Calcasieu,1999-09-28,29.83472,-93.37306,Gillnet,Dorosoma Cepedianum,Gizzard Shad,4
Calcasieu,1999-09-28,29.83472,-93.37306,Gillnet,Micropogonias Undulatus,Atlantic Croaker,1
Calcasieu,1999-09-28,29.83472,-93.37306,Gillnet,Pogonias Cromis,Black Drum,1
Calcasieu,1999-11-22,29.83472,-93.37306,Gillnet,Dorosoma Cepedianum,Gizzard Shad,3
Calcasieu,2000-01-25,29.83472,-93.37306,Gillnet,Sciaenops Ocellatus,Red Drum,1
Calcasieu,2000-04-17,29.83472,-93.37306,Gillnet,Dorosoma Cepedianum,Gizzard Shad,4
Calcasieu,2000-04-25,29.83472,-93.37306,Gillnet,Arius Felis,Sea Catfish,2
Calcasieu,2000-04-25,29.83472,-93.37306,Gillnet,Cynoscion Nebulosus,Spotted Seatrout,1
Calcasieu,2000-04-25,29.83472,-93.37306,Gillnet,Dorosoma Cepedianum,Gizzard Shad,1
Calcasieu,2000-04-25,29.83472,-93.37306,Gillnet,Sciaenops Ocellatus,Red Drum,4
Calcasieu,2000-05-15,29.83472,-93.37306,Gillnet,Pogonias Cromis,Black Drum,1
Calcasieu,2000-05-22,29.83472,-93.37306,Gillnet,Dorosoma Cepedianum,Gizzard Shad,2
Calcasieu,2000-06-26,29.83472,-93.37306,Gillnet,Micropogonias Undulatus,Atlantic Croaker,1
Calcasieu,2000-06-26,29.83472,-93.37306,Gillnet,Mugil Cephalus,Striped Mullet,1
Calcasieu,2000-06-26,29.83472,-93.37306,Gillnet,Pogonias Cromis,Black Drum,4
Calcasieu,2000-07-06,29.83472,-93.37306,Gillnet,Dorosoma Cepedianum,Gizzard Shad,1
Calcasieu,2000-07-17,29.83472,-93.37306,Gillnet,Callinectes Sapidus,Blue Crab,4
Calcasieu,2000-08-07,29.83472,-93.37306,Gillnet,Dorosoma Cepedianum,Gizzard Shad,3
Calcasieu,2000-09-18,29.83472,-93.37306,Gillnet,Chaetodipterus Faber,Atlantic Spadefish,1
Calcasieu,2000-09-18,29.83472,-93.37306,Gillnet,Dorosoma Cepedianum,Gizzard Shad,1
Calcasieu,2000-09-27,29.83472,-93.37306,Gillnet,Archosargus Probatocephalus,Sheepshead,1
Calcasieu,2001-01-25,29.83472,-93.37306,Gillnet,Mugil Cephalus,Striped Mullet,1
Calcasieu,2001-02-19,29.83472,-93.37306,Gillnet,Mugil Cephalus,Striped Mullet,1
Calcasieu,2001-04-19,29.83472,-93.37306,Gillnet,Pogonias Cromis,Black Drum,1
Calcasieu,2001-04-26,29.83472,-93.37306,Gillnet,Dorosoma Cepedianum,Gizzard Shad,10
Calcasieu,2001-05-09,29.83472,-93.37306,Gillnet,Dorosoma Cepedianum,Gizzard Shad,6
Calcasieu,2001-05-29,29.83472,-93.37306,Gillnet,Dorosoma Cepedianum,Gizzard Shad,1
Calcasieu,2001-06-25,29.83472,-93.37306,Gillnet,Dorosoma Cepedianum,Gizzard Shad,1
Calcasieu,2001-06-25,29.83472,-93.37306,Gillnet,Pogonias Cromis,Black Drum,1
Calcasieu,2001-07-05,29.83472,-93.37306,Gillnet,Sciaenops Ocellatus,Red Drum,1
Calcasieu,2001-07-09,29.83472,-93.37306,Gillnet,Micropogonias Undulatus,Atlantic Croaker,1
Calcasieu,2001-08-21,29.83472,-93.37306,Gillnet,Pogonias Cromis,Black Drum,1
Calcasieu,2001-09-26,29.83472,-93.37306,Gillnet,Pogonias Cromis,Black Drum,1
Calcasieu,2001-09-26,29.83472,-93.37306,Gillnet,Sciaenops Ocellatus,Red Drum,1
Calcasieu,2001-11-26,29.83472,-93.37306,Gillnet,Dorosoma Cepedianum,Gizzard Shad,3
Calcasieu,2001-12-10,29.83472,-93.37306,Gillnet,Dorosoma Cepedianum,Gizzard Shad,2
Calcasieu,2002-03-18,29.83472,-93.37306,Gillnet,Dorosoma Cepedianum,Gizzard Shad,7
Calcasieu,2002-03-18,29.83472,-93.37306,Gillnet,Pogonias Cromis,Black Drum,1
Calcasieu,2002-05-21,29.83472,-93.37306,Gillnet,Cynoscion Nebulosus,Spotted Seatrout,4
Calcasieu,2002-05-21,29.83472,-93.37306,Gillnet,Dorosoma Cepedianum,Gizzard Shad,1
Calcasieu,2002-05-28,29.83472,-93.37306,Gillnet,Dorosoma Cepedianum,Gizzard Shad,1
Calcasieu,2002-06-12,29.83472,-93.37306,Gillnet,Dorosoma Cepedianum,Gizzard Shad,1
Calcasieu,2002-07-17,29.83472,-93.37306,Gillnet,Dorosoma Cepedianum,Gizzard Shad,2
Calcasieu,2002-07-17,29.83472,-93.37306,Gillnet,Sciaenops Ocellatus,Red Drum,1
Calcasieu,2002-07-23,29.83472,-93.37306,Gillnet,Dorosoma Cepedianum,Gizzard Shad,2
Calcasieu,2002-07-23,29.83472,-93.37306,Gillnet,Pogonias Cromis,Black Drum,1
Calcasieu,2002-08-26,29.83472,-93.37306,Gillnet,Dorosoma Cepedianum,Gizzard Shad,8
Calcasieu,2002-08-26,29.83472,-93.37306,Gillnet,Pogonias Cromis,Black Drum,9
Calcasieu,2002-08-27,29.83472,-93.37306,Gillnet,Callinectes Sapidus,Blue Crab,1
Calcasieu,2002-08-27,29.83472,-93.37306,Gillnet,Dorosoma Cepedianum,Gizzard Shad,1
Calcasieu,2002-09-30,29.83472,-93.37306,Gillnet,Cynoscion Nebulosus,Spotted Seatrout,1
Calcasieu,2002-10-16,29.83472,-93.37306,Gillnet,Cynoscion Nebulosus,Spotted Seatrout,1
Calcasieu,2002-11-20,29.83472,-93.37306,Gillnet,Pogonias Cromis,Black Drum,1
Calcasieu,2002-12-16,29.83472,-93.37306,Gillnet,Dorosoma Cepedianum,Gizzard Shad,3
Calcasieu,2003-03-17,29.83472,-93.37306,Gillnet,Dorosoma Cepedianum,Gizzard Shad,13
Calcasieu,2003-04-14,29.83472,-93.37306,Gillnet,Dorosoma Cepedianum,Gizzard Shad,3
Calcasieu,2003-04-14,29.83472,-93.37306,Gillnet,Sciaenops Ocellatus,Red Drum,1
Calcasieu,2003-04-28,29.83472,-93.37306,Gillnet,Dorosoma Cepedianum,Gizzard Shad,5
Calcasieu,2003-05-28,29.83472,-93.37306,Gillnet,Dorosoma Cepedianum,Gizzard Shad,1
Calcasieu,2003-06-03,29.83472,-93.37306,Gillnet,Dorosoma Cepedianum,Gizzard Shad,1
Calcasieu,2003-06-03,29.83472,-93.37306,Gillnet,Pogonias Cromis,Black Drum,1
Calcasieu,2003-06-03,29.83472,-93.37306,Gillnet,Sciaenops Ocellatus,Red Drum,1
Calcasieu,2003-06-19,29.83472,-93.37306,Gillnet,Dorosoma Cepedianum,Gizzard Shad,2
Calcasieu,2003-07-07,29.83472,-93.37306,Gillnet,Dorosoma Cepedianum,Gizzard Shad,1
Calcasieu,2003-07-22,29.83472,-93.37306,Gillnet,Dorosoma Cepedianum,Gizzard Shad,3
Calcasieu,2003-07-22,29.83472,-93.37306,Gillnet,Sciaenops Ocellatus,Red Drum,4
Calcasieu,2003-08-06,29.83472,-93.37306,Gillnet,Dorosoma Cepedianum,Gizzard Shad,1
Calcasieu,2003-08-19,29.83472,-93.37306,Gillnet,Dorosoma Cepedianum,Gizzard Shad,2
Calcasieu,2003-09-23,29.83472,-93.37306,Gillnet,Dorosoma Cepedianum,Gizzard Shad,2
Calcasieu,2003-10-06,29.83472,-93.37306,Gillnet,Dorosoma Cepedianum,Gizzard Shad,3
Calcasieu,2003-12-09,29.83472,-93.37306,Gillnet,Dorosoma Cepedianum,Gizzard Shad,1
Calcasieu,2004-03-17,29.83472,-93.37306,Gillnet,Dorosoma Cepedianum,Gizzard Shad,5
Calcasieu,2004-03-17,29.83472,-93.37306,Gillnet,Sciaenops Ocellatus,Red Drum,1
Calcasieu,2004-04-07,29.83472,-93.37306,Gillnet,Dorosoma Cepedianum,Gizzard Shad,3
Calcasieu,2004-05-11,29.83472,-93.37306,Gillnet,Dorosoma Cepedianum,Gizzard Shad,8
Calcasieu,2004-05-11,29.83472,-93.37306,Gillnet,Sciaenops Ocellatus,Red Drum,1
Calcasieu,2004-05-19,29.83472,-93.37306,Gillnet,Dorosoma Cepedianum,Gizzard Shad,7
Calcasieu,2004-07-19,29.83472,-93.37306,Gillnet,Dorosoma Cepedianum,Gizzard Shad,4
Calcasieu,2004-07-22,29.83472,-93.37306,Gillnet,Dorosoma Cepedianum,Gizzard Shad,2
Calcasieu,2004-09-14,29.83472,-93.37306,Gillnet,Dorosoma Cepedianum,Gizzard Shad,3
Calcasieu,2004-10-01,29.83472,-93.37306,Gillnet,Dorosoma Cepedianum,Gizzard Shad,6
Calcasieu,2004-11-16,29.83472,-93.37306,Gillnet,Dorosoma Cepedianum,Gizzard Shad,9
Calcasieu,2004-12-07,29.83472,-93.37306,Gillnet,Dorosoma Cepedianum,Gizzard Shad,7
Calcasieu,2005-02-11,29.83472,-93.37306,Gillnet,Paralichthys Lethostigma,Southern Flounder,1
Calcasieu,2005-03-21,29.83472,-93.37306,Gillnet,Dorosoma Cepedianum,Gizzard Shad,34
Calcasieu,2005-04-12,29.83472,-93.37306,Gillnet,Dorosoma Cepedianum,Gizzard Shad,5
Calcasieu,2005-04-19,29.83472,-93.37306,Gillnet,Dorosoma Cepedianum,Gizzard Shad,2
Calcasieu,2005-05-06,29.83472,-93.37306,Gillnet,Dorosoma Cepedianum,Gizzard Shad,6
Calcasieu,2005-05-11,29.83472,-93.37306,Gillnet,Dorosoma Cepedianum,Gizzard Shad,11
Calcasieu,2005-06-07,29.83472,-93.37306,Gillnet,Dorosoma Cepedianum,Gizzard Shad,6
Calcasieu,2005-06-14,29.83472,-93.37306,Gillnet,Dorosoma Cepedianum,Gizzard Shad,7
Calcasieu,2005-08-09,29.83472,-93.37306,Gillnet,Dorosoma Cepedianum,Gizzard Shad,2
Calcasieu,2005-08-09,29.83472,-93.37306,Gillnet,Sciaenops Ocellatus,Red Drum,1
Calcasieu,2005-08-25,29.83472,-93.37306,Gillnet,Sciaenops Ocellatus,Red Drum,1
Calcasieu,2005-11-30,29.83472,-93.37306,Gillnet,Dorosoma Cepedianum,Gizzard Shad,2
Calcasieu,2005-11-30,29.83472,-93.37306,Gillnet,Mugil Cephalus,Striped Mullet,1
Calcasieu,2005-12-12,29.83472,-93.37306,Gillnet,Dorosoma Cepedianum,Gizzard Shad,1
Calcasieu,2006-02-08,29.83472,-93.37306,Gillnet,Dorosoma Cepedianum,Gizzard Shad,1
Calcasieu,2006-03-28,29.83472,-93.37306,Gillnet,Arius Felis,Sea Catfish,1
Calcasieu,2006-03-28,29.83472,-93.37306,Gillnet,Dorosoma Cepedianum,Gizzard Shad,5
Calcasieu,2006-04-12,29.83472,-93.37306,Gillnet,Dorosoma Cepedianum,Gizzard Shad,3
Calcasieu,2006-04-25,29.83472,-93.37306,Gillnet,Dorosoma Cepedianum,Gizzard Shad,1
Calcasieu,2006-05-02,29.83472,-93.37306,Gillnet,Dorosoma Cepedianum,Gizzard Shad,1
Calcasieu,2006-05-23,29.83472,-93.37306,Gillnet,Dorosoma Cepedianum,Gizzard Shad,8
Calcasieu,2006-06-06,29.83472,-93.37306,Gillnet,Bagre Marinus,Gafftopsail Catfish,4
Calcasieu,2006-06-06,29.83472,-93.37306,Gillnet,Cynoscion Nebulosus,Spotted Seatrout,25
Calcasieu,2006-06-06,29.83472,-93.37306,Gillnet,Dorosoma Cepedianum,Gizzard Shad,4
Calcasieu,2006-06-06,29.83472,-93.37306,Gillnet,Sciaenops Ocellatus,Red Drum,1
Calcasieu,2006-06-30,29.83472,-93.37306,Gillnet,Dorosoma Cepedianum,Gizzard Shad,1
Calcasieu,2006-07-18,29.83472,-93.37306,Gillnet,Dorosoma Cepedianum,Gizzard Shad,2
Calcasieu,2006-07-28,29.83472,-93.37306,Gillnet,Callinectes Sapidus,Blue Crab,1
Calcasieu,2006-07-28,29.83472,-93.37306,Gillnet,Micropogonias Undulatus,Atlantic Croaker,1
Calcasieu,2006-09-27,29.83472,-93.37306,Gillnet,Dorosoma Cepedianum,Gizzard Shad,1
Calcasieu,2006-10-10,29.83472,-93.37306,Gillnet,Dorosoma Cepedianum,Gizzard Shad,2
Calcasieu,2006-11-17,29.83472,-93.37306,Gillnet,Sciaenops Ocellatus,Red Drum,1
Calcasieu,2007-02-22,29.83472,-93.37306,Gillnet,Sciaenops Ocellatus,Red Drum,1
Calcasieu,2007-04-11,29.83472,-93.37306,Gillnet,Dorosoma Cepedianum,Gizzard Shad,2
Calcasieu,2007-04-20,29.83472,-93.37306,Gillnet,Dorosoma Cepedianum,Gizzard Shad,3
Calcasieu,2007-05-22,29.83472,-93.37306,Gillnet,Dorosoma Cepedianum,Gizzard Shad,1
Calcasieu,2007-05-30,29.83472,-93.37306,Gillnet,Dorosoma Cepedianum,Gizzard Shad,1
Calcasieu,2007-06-05,29.83472,-93.37306,Gillnet,Dorosoma Cepedianum,Gizzard Shad,2
Calcasieu,2007-06-20,29.83472,-93.37306,Gillnet,Dorosoma Cepedianum,Gizzard Shad,2
Calcasieu,2007-06-20,29.83472,-93.37306,Gillnet,Sciaenops Ocellatus,Red Drum,1
Calcasieu,2007-07-09,29.83472,-93.37306,Gillnet,Dorosoma Cepedianum,Gizzard Shad,2
Calcasieu,2007-07-24,29.83472,-93.37306,Gillnet,Dorosoma Cepedianum,Gizzard Shad,3
Calcasieu,2007-08-07,29.83472,-93.37306,Gillnet,Callinectes Sapidus,Blue Crab,1
Calcasieu,2007-09-20,29.83472,-93.37306,Gillnet,Bagre Marinus,Gafftopsail Catfish,1
Calcasieu,2007-09-27,29.83472,-93.37306,Gillnet,Bairdiella Chrysoura,Silver Perch,1
Calcasieu,2007-09-27,29.83472,-93.37306,Gillnet,Sciaenops Ocellatus,Red Drum,1
Calcasieu,2007-10-03,29.83472,-93.37306,Gillnet,Micropogonias Undulatus,Atlantic Croaker,1
Calcasieu,2008-01-22,29.83472,-93.37306,Gillnet,Dorosoma Cepedianum,Gizzard Shad,13
Calcasieu,2008-02-15,29.83472,-93.37306,Gillnet,Sciaenops Ocellatus,Red Drum,1
Calcasieu,2008-03-26,29.83472,-93.37306,Gillnet,Dorosoma Cepedianum,Gizzard Shad,1
Calcasieu,2008-04-08,29.83472,-93.37306,Gillnet,Dorosoma Cepedianum,Gizzard Shad,11
Calcasieu,2008-04-22,29.83472,-93.37306,Gillnet,Cynoscion Nebulosus,Spotted Seatrout,1
Calcasieu,2008-05-13,29.83472,-93.37306,Gillnet,Sciaenops Ocellatus,Red Drum,1
Calcasieu,2008-06-03,29.83472,-93.37306,Gillnet,Dorosoma Cepedianum,Gizzard Shad,1
Calcasieu,2008-07-25,29.83472,-93.37306,Gillnet,Atractosteus Spatula,Alligator Gar,1
Calcasieu,2008-07-25,29.83472,-93.37306,Gillnet,Dorosoma Cepedianum,Gizzard Shad,1
Calcasieu,2008-08-06,29.83472,-93.37306,Gillnet,Dorosoma Cepedianum,Gizzard Shad,1
Calcasieu,2008-11-20,29.83472,-93.37306,Gillnet,Dorosoma Cepedianum,Gizzard Shad,6
Calcasieu,2008-12-15,29.83472,-93.37306,Gillnet,Sciaenops Ocellatus,Red Drum,4
Calcasieu,2009-01-22,29.83472,-93.37306,Gillnet,Mugil Cephalus,Striped Mullet,1
Calcasieu,2009-01-22,29.83472,-93.37306,Gillnet,Sciaenops Ocellatus,Red Drum,1
Calcasieu,2009-03-11,29.83472,-93.37306,Gillnet,Dorosoma Cepedianum,Gizzard Shad,12
Calcasieu,2009-04-29,29.83472,-93.37306,Gillnet,Dorosoma Cepedianum,Gizzard Shad,2
Calcasieu,2009-05-07,29.83472,-93.37306,Gillnet,Callinectes Sapidus,Blue Crab,1
Calcasieu,2009-05-07,29.83472,-93.37306,Gillnet,Pogonias Cromis,Black Drum,1
Calcasieu,2009-07-14,29.83472,-93.37306,Gillnet,Dorosoma Cepedianum,Gizzard Shad,2
Calcasieu,2009-07-22,29.83472,-93.37306,Gillnet,Dorosoma Cepedianum,Gizzard Shad,1
Calcasieu,2009-08-11,29.83472,-93.37306,Gillnet,Atractosteus Spatula,Alligator Gar,1
Calcasieu,2009-08-11,29.83472,-93.37306,Gillnet,Dorosoma Cepedianum,Gizzard Shad,4
Calcasieu,2010-01-21,29.83472,-93.37306,Gillnet,Pogonias Cromis,Black Drum,1
Calcasieu,2010-02-10,29.83472,-93.37306,Gillnet,Pogonias Cromis,Black Drum,9
Calcasieu,2010-04-26,29.83472,-93.37306,Gillnet,Dorosoma Cepedianum,Gizzard Shad,1
Calcasieu,2010-05-19,29.83472,-93.37306,Gillnet,Atractosteus Spatula,Alligator Gar,1
Calcasieu,2010-05-19,29.83472,-93.37306,Gillnet,Cynoscion Nebulosus,Spotted Seatrout,1
Calcasieu,2010-05-19,29.83472,-93.37306,Gillnet,Dorosoma Cepedianum,Gizzard Shad,3
Calcasieu,2010-05-25,29.83472,-93.37306,Gillnet,Atractosteus Spatula,Alligator Gar,1
Calcasieu,2010-06-07,29.83472,-93.37306,Gillnet,Dorosoma Cepedianum,Gizzard Shad,1
Calcasieu,2010-06-22,29.83472,-93.37306,Gillnet,Dorosoma Cepedianum,Gizzard Shad,1
Calcasieu,2010-07-12,29.83472,-93.37306,Gillnet,Atractosteus Spatula,Alligator Gar,1
Calcasieu,2011-01-27,29.83472,-93.37306,Gillnet,Sciaenops Ocellatus,Red Drum,9
Calcasieu,2011-04-13,29.83472,-93.37306,Gillnet,Menippe Mercenaria,Florida Stone Crab,1
Calcasieu,2011-05-05,29.83472,-93.37306,Gillnet,Cynoscion Nebulosus,Spotted Seatrout,1
Calcasieu,2011-06-08,29.83472,-93.37306,Gillnet,Atractosteus Spatula,Alligator Gar,1
Calcasieu,2011-07-27,29.83472,-93.37306,Gillnet,Arius Felis,Sea Catfish,1
Calcasieu,2011-09-13,29.83472,-93.37306,Gillnet,Dorosoma Cepedianum,Gizzard Shad,1
Calcasieu,2011-10-12,29.83472,-93.37306,Gillnet,Dorosoma Cepedianum,Gizzard Shad,1
Calcasieu,2011-11-29,29.83472,-93.37306,Gillnet,Dorosoma Cepedianum,Gizzard Shad,6
Calcasieu,2011-12-12,29.83472,-93.37306,Gillnet,Pogonias Cromis,Black Drum,1
Calcasieu,2012-01-23,29.83472,-93.37306,Gillnet,Cynoscion Nebulosus,Spotted Seatrout,1
Calcasieu,2012-06-06,29.83472,-93.37306,Gillnet,Dorosoma Cepedianum,Gizzard Shad,2
Calcasieu,2012-07-18,29.83472,-93.37306,Gillnet,Dorosoma Cepedianum,Gizzard Shad,1
Calcasieu,2012-11-20,29.83472,-93.37306,Gillnet,Dorosoma Cepedianum,Gizzard Shad,1
Calcasieu,2012-11-20,29.83472,-93.37306,Gillnet,Pogonias Cromis,Black Drum,1
Calcasieu,2012-12-11,29.83472,-93.37306,Gillnet,Pogonias Cromis,Black Drum,1
Calcasieu,2013-02-15,29.83472,-93.37306,Gillnet,Sciaenops Ocellatus,Red Drum,1
Calcasieu,2013-06-21,29.83472,-93.37306,Gillnet,Bagre Marinus,Gafftopsail Catfish,1
Calcasieu,2014-02-05,29.83472,-93.37306,Gillnet,Sciaenops Ocellatus,Red Drum,1
Calcasieu,2014-04-25,29.83472,-93.37306,Gillnet,Chaetodipterus Faber,Atlantic Spadefish,1
Calcasieu,2014-04-25,29.83472,-93.37306,Gillnet,Sciaenops Ocellatus,Red Drum,4
Calcasieu,2014-05-19,29.83472,-93.37306,Gillnet,Cynoscion Nebulosus,Spotted Seatrout,1
Calcasieu,2014-06-04,29.83472,-93.37306,Gillnet,Micropogonias Undulatus,Atlantic Croaker,1
Calcasieu,2014-06-17,29.83472,-93.37306,Gillnet,Pogonias Cromis,Black Drum,1
Calcasieu,2014-07-23,29.83472,-93.37306,Gillnet,Pogonias Cromis,Black Drum,1
Calcasieu,2014-08-20,29.83472,-93.37306,Gillnet,Bagre Marinus,Gafftopsail Catfish,1
Calcasieu,2014-10-08,29.83472,-93.37306,Gillnet,Pogonias Cromis,Black Drum,1
Calcasieu,2014-12-01,29.83472,-93.37306,Gillnet,Cynoscion Nebulosus,Spotted Seatrout,1
Calcasieu,2015-02-03,29.83472,-93.37306,Gillnet,Pogonias Cromis,Black Drum,1
Calcasieu,2015-04-07,29.83472,-93.37306,Gillnet,Pogonias Cromis,Black Drum,1
Calcasieu,2015-06-18,29.83472,-93.37306,Gillnet,Chaetodipterus Faber,Atlantic Spadefish,2
Calcasieu,2015-06-18,29.83472,-93.37306,Gillnet,Cynoscion Nebulosus,Spotted Seatrout,9
Calcasieu,2015-07-14,29.83472,-93.37306,Gillnet,Cynoscion Nebulosus,Spotted Seatrout,4
Calcasieu,2016-02-10,29.83472,-93.37306,Gillnet,Cynoscion Nebulosus,Spotted Seatrout,1
Calcasieu,2016-02-10,29.83472,-93.37306,Gillnet,Pogonias Cromis,Black Drum,9
Calcasieu,2016-04-28,29.83472,-93.37306,Gillnet,Cynoscion Nebulosus,Spotted Seatrout,9
Calcasieu,2016-05-18,29.83472,-93.37306,Gillnet,Cynoscion Nebulosus,Spotted Seatrout,4
Calcasieu,2016-07-20,29.83472,-93.37306,Gillnet,Bagre Marinus,Gafftopsail Catfish,1
Calcasieu,2017-08-22,29.83472,-93.37306,Gillnet,Pogonias Cromis,Black Drum,1
Calcasieu,2018-02-14,29.83472,-93.37306,Gillnet,Archosargus Probatocephalus,Sheepshead,1
Calcasieu,2018-04-18,29.83472,-93.37306,Gillnet,Pogonias Cromis,Black Drum,1
Calcasieu,2018-09-27,29.83472,-93.37306,Gillnet,Callinectes Sapidus,Blue Crab,1
Calcasieu,2018-09-27,29.83472,-93.37306,Gillnet,Pogonias Cromis,Black Drum,1
Calcasieu,2018-11-08,29.83472,-93.37306,Gillnet,Archosargus Probatocephalus,Sheepshead,1
Calcasieu,2018-11-08,29.83472,-93.37306,Gillnet,Bagre Marinus,Gafftopsail Catfish,4
Calcasieu,1992-03-24,29.87972,-93.38028,Gillnet,Herring Spp.,Herring Spp.,1
Calcasieu,1992-04-22,29.87972,-93.38028,Gillnet,Archosargus Probatocephalus,Sheepshead,1
Calcasieu,1992-04-22,29.87972,-93.38028,Gillnet,Sciaenops Ocellatus,Red Drum,1
Calcasieu,1992-06-04,29.87972,-93.38028,Gillnet,Paralichthys Lethostigma,Southern Flounder,1
Calcasieu,1992-07-08,29.87972,-93.38028,Gillnet,Arius Felis,Sea Catfish,5
Calcasieu,1992-07-08,29.87972,-93.38028,Gillnet,Micropogonias Undulatus,Atlantic Croaker,4
Calcasieu,1992-10-19,29.87972,-93.38028,Gillnet,Dorosoma Cepedianum,Gizzard Shad,2
Calcasieu,1993-01-21,29.87972,-93.38028,Gillnet,Dorosoma Cepedianum,Gizzard Shad,1
Calcasieu,1993-02-22,29.87972,-93.38028,Gillnet,Dorosoma Cepedianum,Gizzard Shad,2
Calcasieu,1993-04-12,29.87972,-93.38028,Gillnet,Dorosoma Cepedianum,Gizzard Shad,1
Calcasieu,1993-05-04,29.87972,-93.38028,Gillnet,Dorosoma Cepedianum,Gizzard Shad,2
Calcasieu,1993-06-10,29.87972,-93.38028,Gillnet,Dorosoma Cepedianum,Gizzard Shad,3
Calcasieu,1993-06-10,29.87972,-93.38028,Gillnet,Lepisosteus Spp,Gar Spp,1
Calcasieu,1993-06-23,29.87972,-93.38028,Gillnet,Pogonias Cromis,Black Drum,1
Calcasieu,1993-08-04,29.87972,-93.38028,Gillnet,Dorosoma Cepedianum,Gizzard Shad,2
Calcasieu,1993-09-08,29.87972,-93.38028,Gillnet,Chaetodipterus Faber,Atlantic Spadefish,1
Calcasieu,1994-03-29,29.87972,-93.38028,Gillnet,Dorosoma Cepedianum,Gizzard Shad,3
Calcasieu,1994-04-27,29.87972,-93.38028,Gillnet,Dorosoma Cepedianum,Gizzard Shad,2
Calcasieu,1994-05-19,29.87972,-93.38028,Gillnet,Arius Felis,Sea Catfish,1
Calcasieu,1994-05-23,29.87972,-93.38028,Gillnet,Arius Felis,Sea Catfish,1
Calcasieu,1994-05-23,29.87972,-93.38028,Gillnet,Dorosoma Cepedianum,Gizzard Shad,4
Calcasieu,1994-05-23,29.87972,-93.38028,Gillnet,Pogonias Cromis,Black Drum,1
Calcasieu,1994-06-20,29.87972,-93.38028,Gillnet,Arius Felis,Sea Catfish,1
Calcasieu,1994-06-20,29.87972,-93.38028,Gillnet,Dorosoma Cepedianum,Gizzard Shad,1
Calcasieu,1994-07-20,29.87972,-93.38028,Gillnet,Arius Felis,Sea Catfish,1
Calcasieu,1994-07-26,29.87972,-93.38028,Gillnet,Dorosoma Cepedianum,Gizzard Shad,2
Calcasieu,1994-08-22,29.87972,-93.38028,Gillnet,Pogonias Cromis,Black Drum,1
Calcasieu,1994-09-13,29.87972,-93.38028,Gillnet,Micropogonias Undulatus,Atlantic Croaker,9
Calcasieu,1994-10-19,29.87972,-93.38028,Gillnet,Dorosoma Cepedianum,Gizzard Shad,1
Calcasieu,1994-11-29,29.87972,-93.38028,Gillnet,Dorosoma Cepedianum,Gizzard Shad,1
Calcasieu,1994-12-07,29.87972,-93.38028,Gillnet,Dorosoma Cepedianum,Gizzard Shad,2
Calcasieu,1994-12-07,29.87972,-93.38028,Gillnet,Pogonias Cromis,Black Drum,1
Calcasieu,1995-03-23,29.87972,-93.38028,Gillnet,Arius Felis,Sea Catfish,2
Calcasieu,1995-03-23,29.87972,-93.38028,Gillnet,Dorosoma Cepedianum,Gizzard Shad,1
Calcasieu,1995-05-24,29.87972,-93.38028,Gillnet,Arius Felis,Sea Catfish,2
Calcasieu,1995-05-24,29.87972,-93.38028,Gillnet,Dorosoma Cepedianum,Gizzard Shad,2
Calcasieu,1995-07-19,29.87972,-93.38028,Gillnet,Arius Felis,Sea Catfish,1
Calcasieu,1995-08-07,29.87972,-93.38028,Gillnet,Pogonias Cromis,Black Drum,1
Calcasieu,1995-08-22,29.87972,-93.38028,Gillnet,Micropogonias Undulatus,Atlantic Croaker,4
Calcasieu,1995-08-22,29.87972,-93.38028,Gillnet,Pogonias Cromis,Black Drum,1
Calcasieu,1995-09-25,29.87972,-93.38028,Gillnet,Dorosoma Cepedianum,Gizzard Shad,1
Calcasieu,1995-10-09,29.87972,-93.38028,Gillnet,Dorosoma Cepedianum,Gizzard Shad,5
Calcasieu,1995-11-15,29.87972,-93.38028,Gillnet,Dorosoma Cepedianum,Gizzard Shad,8
Calcasieu,1995-11-15,29.87972,-93.38028,Gillnet,Sciaenops Ocellatus,Red Drum,16
Calcasieu,1995-12-12,29.87972,-93.38028,Gillnet,Dorosoma Cepedianum,Gizzard Shad,2
Calcasieu,1996-03-25,29.87972,-93.38028,Gillnet,Cynoscion Nebulosus,Spotted Seatrout,1
Calcasieu,1996-03-25,29.87972,-93.38028,Gillnet,Dorosoma Cepedianum,Gizzard Shad,11
Calcasieu,1996-03-25,29.87972,-93.38028,Gillnet,Sciaenops Ocellatus,Red Drum,49
Calcasieu,1996-06-12,29.87972,-93.38028,Gillnet,Dorosoma Cepedianum,Gizzard Shad,6
Calcasieu,1996-07-11,29.87972,-93.38028,Gillnet,Dorosoma Cepedianum,Gizzard Shad,3
Calcasieu,1996-08-07,29.87972,-93.38028,Gillnet,Dorosoma Cepedianum,Gizzard Shad,1
Calcasieu,1996-08-07,29.87972,-93.38028,Gillnet,Micropogonias Undulatus,Atlantic Croaker,1
Calcasieu,1996-08-14,29.87972,-93.38028,Gillnet,Micropogonias Undulatus,Atlantic Croaker,1
Calcasieu,1996-10-09,29.87972,-93.38028,Gillnet,Dorosoma Cepedianum,Gizzard Shad,2
Calcasieu,1996-12-13,29.87972,-93.38028,Gillnet,Dorosoma Cepedianum,Gizzard Shad,12
Calcasieu,1996-12-13,29.87972,-93.38028,Gillnet,Pogonias Cromis,Black Drum,1
Calcasieu,1997-02-18,29.87972,-93.38028,Gillnet,Mugil Cephalus,Striped Mullet,1
Calcasieu,1997-02-18,29.87972,-93.38028,Gillnet,Sciaenops Ocellatus,Red Drum,1
Calcasieu,1997-03-24,29.87972,-93.38028,Gillnet,Dorosoma Cepedianum,Gizzard Shad,13
Calcasieu,1997-03-24,29.87972,-93.38028,Gillnet,Pogonias Cromis,Black Drum,9
Calcasieu,1997-04-10,29.87972,-93.38028,Gillnet,Dorosoma Cepedianum,Gizzard Shad,2
Calcasieu,1997-07-07,29.87972,-93.38028,Gillnet,Cynoscion Nebulosus,Spotted Seatrout,1
Calcasieu,1997-07-07,29.87972,-93.38028,Gillnet,Lepisosteus Oculatus,Spotted Gar,1
Calcasieu,1997-08-06,29.87972,-93.38028,Gillnet,Micropogonias Undulatus,Atlantic Croaker,1
Calcasieu,1997-08-25,29.87972,-93.38028,Gillnet,Micropogonias Undulatus,Atlantic Croaker,1
Calcasieu,1997-09-08,29.87972,-93.38028,Gillnet,Micropogonias Undulatus,Atlantic Croaker,1
Calcasieu,1997-09-08,29.87972,-93.38028,Gillnet,Pogonias Cromis,Black Drum,1
Calcasieu,1997-10-16,29.87972,-93.38028,Gillnet,Dorosoma Cepedianum,Gizzard Shad,2
Calcasieu,1997-12-08,29.87972,-93.38028,Gillnet,Cynoscion Nebulosus,Spotted Seatrout,1
Calcasieu,1998-02-09,29.87972,-93.38028,Gillnet,Cynoscion Nebulosus,Spotted Seatrout,1
Calcasieu,1998-02-09,29.87972,-93.38028,Gillnet,Mugil Cephalus,Striped Mullet,1
Calcasieu,1998-03-26,29.87972,-93.38028,Gillnet,Pogonias Cromis,Black Drum,1
Calcasieu,1998-05-11,29.87972,-93.38028,Gillnet,Dorosoma Cepedianum,Gizzard Shad,8
Calcasieu,1998-05-11,29.87972,-93.38028,Gillnet,Sciaenops Ocellatus,Red Drum,1
Calcasieu,1998-05-21,29.87972,-93.38028,Gillnet,Dorosoma Cepedianum,Gizzard Shad,18
Calcasieu,1998-07-15,29.87972,-93.38028,Gillnet,Arius Felis,Sea Catfish,1
Calcasieu,1998-07-21,29.87972,-93.38028,Gillnet,Micropogonias Undulatus,Atlantic Croaker,1
Calcasieu,1998-08-04,29.87972,-93.38028,Gillnet,Micropogonias Undulatus,Atlantic Croaker,1
Calcasieu,1998-08-18,29.87972,-93.38028,Gillnet,Micropogonias Undulatus,Atlantic Croaker,1
Calcasieu,1998-08-18,29.87972,-93.38028,Gillnet,Pogonias Cromis,Black Drum,1
Calcasieu,1998-09-22,29.87972,-93.38028,Gillnet,Archosargus Probatocephalus,Sheepshead,1
Calcasieu,1998-09-22,29.87972,-93.38028,Gillnet,Dorosoma Cepedianum,Gizzard Shad,3
Calcasieu,1998-09-22,29.87972,-93.38028,Gillnet,Paralichthys Lethostigma,Southern Flounder,1
Calcasieu,1998-10-21,29.87972,-93.38028,Gillnet,Dorosoma Cepedianum,Gizzard Shad,1
Calcasieu,1998-12-01,29.87972,-93.38028,Gillnet,Dorosoma Cepedianum,Gizzard Shad,2
Calcasieu,1999-01-25,29.87972,-93.38028,Gillnet,Dorosoma Cepedianum,Gizzard Shad,2
Calcasieu,1999-02-08,29.87972,-93.38028,Gillnet,Dorosoma Cepedianum,Gizzard Shad,2
Calcasieu,1999-02-08,29.87972,-93.38028,Gillnet,Sciaenops Ocellatus,Red Drum,1
Calcasieu,1999-04-20,29.87972,-93.38028,Gillnet,Dorosoma Cepedianum,Gizzard Shad,1
Calcasieu,1999-05-17,29.87972,-93.38028,Gillnet,Dorosoma Cepedianum,Gizzard Shad,4
Calcasieu,1999-07-20,29.87972,-93.38028,Gillnet,Dorosoma Cepedianum,Gizzard Shad,1
Calcasieu,1999-07-30,29.87972,-93.38028,Gillnet,Micropogonias Undulatus,Atlantic Croaker,1
Calcasieu,1999-08-03,29.87972,-93.38028,Gillnet,Arius Felis,Sea Catfish,1
Calcasieu,1999-08-03,29.87972,-93.38028,Gillnet,Pogonias Cromis,Black Drum,9
Calcasieu,1999-08-26,29.87972,-93.38028,Gillnet,Dorosoma Cepedianum,Gizzard Shad,1
Calcasieu,1999-08-26,29.87972,-93.38028,Gillnet,Micropogonias Undulatus,Atlantic Croaker,1
Calcasieu,1999-08-26,29.87972,-93.38028,Gillnet,Pogonias Cromis,Black Drum,1
Calcasieu,1999-08-26,29.87972,-93.38028,Gillnet,Sciaenops Ocellatus,Red Drum,25
Calcasieu,1999-09-28,29.87972,-93.38028,Gillnet,Chaetodipterus Faber,Atlantic Spadefish,4
Calcasieu,1999-09-28,29.87972,-93.38028,Gillnet,Pogonias Cromis,Black Drum,1
Calcasieu,1999-11-22,29.87972,-93.38028,Gillnet,Dorosoma Cepedianum,Gizzard Shad,1
Calcasieu,1999-11-22,29.87972,-93.38028,Gillnet,Pogonias Cromis,Black Drum,484
Calcasieu,2000-04-17,29.87972,-93.38028,Gillnet,Dorosoma Cepedianum,Gizzard Shad,1
Calcasieu,2000-04-25,29.87972,-93.38028,Gillnet,Mugil Cephalus,Striped Mullet,1
Calcasieu,2000-05-15,29.87972,-93.38028,Gillnet,Dorosoma Cepedianum,Gizzard Shad,1
Calcasieu,2000-05-15,29.87972,-93.38028,Gillnet,Sciaenops Ocellatus,Red Drum,1
Calcasieu,2000-05-22,29.87972,-93.38028,Gillnet,Dorosoma Cepedianum,Gizzard Shad,1
Calcasieu,2000-06-12,29.87972,-93.38028,Gillnet,Dorosoma Cepedianum,Gizzard Shad,3
Calcasieu,2000-06-26,29.87972,-93.38028,Gillnet,Callinectes Sapidus,Blue Crab,1
Calcasieu,2000-06-26,29.87972,-93.38028,Gillnet,Micropogonias Undulatus,Atlantic Croaker,1
Calcasieu,2000-08-07,29.87972,-93.38028,Gillnet,Dorosoma Cepedianum,Gizzard Shad,1
Calcasieu,2000-08-07,29.87972,-93.38028,Gillnet,Micropogonias Undulatus,Atlantic Croaker,1
Calcasieu,2000-08-14,29.87972,-93.38028,Gillnet,Micropogonias Undulatus,Atlantic Croaker,1
Calcasieu,2000-10-12,29.87972,-93.38028,Gillnet,Dorosoma Cepedianum,Gizzard Shad,1
Calcasieu,2001-05-29,29.87972,-93.38028,Gillnet,Dorosoma Cepedianum,Gizzard Shad,1
Calcasieu,2001-05-29,29.87972,-93.38028,Gillnet,Micropogonias Undulatus,Atlantic Croaker,1
Calcasieu,2001-07-05,29.87972,-93.38028,Gillnet,Dorosoma Cepedianum,Gizzard Shad,1
Calcasieu,2001-07-09,29.87972,-93.38028,Gillnet,Dasyatis Americana,Southern Stingray,1
Calcasieu,2001-09-26,29.87972,-93.38028,Gillnet,Dorosoma Cepedianum,Gizzard Shad,1
Calcasieu,2001-12-10,29.87972,-93.38028,Gillnet,Dorosoma Cepedianum,Gizzard Shad,2
Calcasieu,2002-01-28,29.87972,-93.38028,Gillnet,Cynoscion Nebulosus,Spotted Seatrout,1
Calcasieu,2002-01-28,29.87972,-93.38028,Gillnet,Pogonias Cromis,Black Drum,4
Calcasieu,2002-03-18,29.87972,-93.38028,Gillnet,Pogonias Cromis,Black Drum,1
Calcasieu,2002-05-21,29.87972,-93.38028,Gillnet,Cynoscion Nebulosus,Spotted Seatrout,1
Calcasieu,2002-07-17,29.87972,-93.38028,Gillnet,Dorosoma Cepedianum,Gizzard Shad,1
Calcasieu,2002-07-17,29.87972,-93.38028,Gillnet,Pogonias Cromis,Black Drum,9
Calcasieu,2002-07-23,29.87972,-93.38028,Gillnet,Dorosoma Cepedianum,Gizzard Shad,1
Calcasieu,2002-11-20,29.87972,-93.38028,Gillnet,Dorosoma Cepedianum,Gizzard Shad,1
Calcasieu,2002-11-20,29.87972,-93.38028,Gillnet,Pogonias Cromis,Black Drum,1
Calcasieu,2002-12-16,29.87972,-93.38028,Gillnet,Pogonias Cromis,Black Drum,4
Calcasieu,2003-03-17,29.87972,-93.38028,Gillnet,Cynoscion Nebulosus,Spotted Seatrout,9
Calcasieu,2003-04-14,29.87972,-93.38028,Gillnet,Dorosoma Cepedianum,Gizzard Shad,15
Calcasieu,2003-04-28,29.87972,-93.38028,Gillnet,Cynoscion Nebulosus,Spotted Seatrout,4
Calcasieu,2003-05-19,29.87972,-93.38028,Gillnet,Dorosoma Cepedianum,Gizzard Shad,3
Calcasieu,2003-06-03,29.87972,-93.38028,Gillnet,Bagre Marinus,Gafftopsail Catfish,1
Calcasieu,2003-07-07,29.87972,-93.38028,Gillnet,Cynoscion Nebulosus,Spotted Seatrout,1
Calcasieu,2003-07-22,29.87972,-93.38028,Gillnet,Dorosoma Cepedianum,Gizzard Shad,1
Calcasieu,2003-08-06,29.87972,-93.38028,Gillnet,Dorosoma Cepedianum,Gizzard Shad,7
Calcasieu,2003-08-06,29.87972,-93.38028,Gillnet,Micropogonias Undulatus,Atlantic Croaker,1
Calcasieu,2003-08-19,29.87972,-93.38028,Gillnet,Dorosoma Cepedianum,Gizzard Shad,1
Calcasieu,2003-08-19,29.87972,-93.38028,Gillnet,Pogonias Cromis,Black Drum,1
Calcasieu,2003-09-10,29.87972,-93.38028,Gillnet,Pogonias Cromis,Black Drum,1
Calcasieu,2003-09-23,29.87972,-93.38028,Gillnet,Cynoscion Nebulosus,Spotted Seatrout,1
Calcasieu,2003-10-06,29.87972,-93.38028,Gillnet,Cynoscion Nebulosus,Spotted Seatrout,1
Calcasieu,2003-10-06,29.87972,-93.38028,Gillnet,Dorosoma Cepedianum,Gizzard Shad,1
Calcasieu,2003-11-20,29.87972,-93.38028,Gillnet,Dorosoma Cepedianum,Gizzard Shad,2
Calcasieu,2003-11-20,29.87972,-93.38028,Gillnet,Sciaenops Ocellatus,Red Drum,1
Calcasieu,2003-12-09,29.87972,-93.38028,Gillnet,Cynoscion Nebulosus,Spotted Seatrout,4
Calcasieu,2003-12-09,29.87972,-93.38028,Gillnet,Mugil Cephalus,Striped Mullet,1
Calcasieu,2004-02-16,29.87972,-93.38028,Gillnet,Dorosoma Cepedianum,Gizzard Shad,1
Calcasieu,2004-03-17,29.87972,-93.38028,Gillnet,Pogonias Cromis,Black Drum,1
Calcasieu,2004-04-07,29.87972,-93.38028,Gillnet,Cynoscion Nebulosus,Spotted Seatrout,1
Calcasieu,2004-04-15,29.87972,-93.38028,Gillnet,Arius Felis,Sea Catfish,2
Calcasieu,2004-04-15,29.87972,-93.38028,Gillnet,Brevoortia Patronus,Gulf Menhaden,1
Calcasieu,2004-04-15,29.87972,-93.38028,Gillnet,Dorosoma Cepedianum,Gizzard Shad,9
Calcasieu,2004-05-19,29.87972,-93.38028,Gillnet,Bagre Marinus,Gafftopsail Catfish,2
Calcasieu,2004-05-19,29.87972,-93.38028,Gillnet,Dorosoma Cepedianum,Gizzard Shad,1
Calcasieu,2004-06-02,29.87972,-93.38028,Gillnet,Arius Felis,Sea Catfish,1
Calcasieu,2004-06-02,29.87972,-93.38028,Gillnet,Micropogonias Undulatus,Atlantic Croaker,1
Calcasieu,2004-07-19,29.87972,-93.38028,Gillnet,Arius Felis,Sea Catfish,1
Calcasieu,2004-07-19,29.87972,-93.38028,Gillnet,Dorosoma Cepedianum,Gizzard Shad,1
Calcasieu,2004-07-19,29.87972,-93.38028,Gillnet,Pogonias Cromis,Black Drum,1
Calcasieu,2004-07-19,29.87972,-93.38028,Gillnet,Sciaenops Ocellatus,Red Drum,1
Calcasieu,2004-07-22,29.87972,-93.38028,Gillnet,Dorosoma Cepedianum,Gizzard Shad,1
Calcasieu,2004-08-18,29.87972,-93.38028,Gillnet,Dorosoma Cepedianum,Gizzard Shad,1
Calcasieu,2004-08-18,29.87972,-93.38028,Gillnet,Micropogonias Undulatus,Atlantic Croaker,4
Calcasieu,2004-08-18,29.87972,-93.38028,Gillnet,Pogonias Cromis,Black Drum,1
Calcasieu,2004-08-18,29.87972,-93.38028,Gillnet,Sciaenops Ocellatus,Red Drum,1
Calcasieu,2004-08-24,29.87972,-93.38028,Gillnet,Arius Felis,Sea Catfish,1
Calcasieu,2004-08-24,29.87972,-93.38028,Gillnet,Dorosoma Cepedianum,Gizzard Shad,1
Calcasieu,2004-08-24,29.87972,-93.38028,Gillnet,Pogonias Cromis,Black Drum,1
Calcasieu,2004-09-14,29.87972,-93.38028,Gillnet,Dorosoma Cepedianum,Gizzard Shad,2
Calcasieu,2004-09-21,29.87972,-93.38028,Gillnet,Dorosoma Cepedianum,Gizzard Shad,2
Calcasieu,2004-10-01,29.87972,-93.38028,Gillnet,Micropogonias Undulatus,Atlantic Croaker,4
Calcasieu,2004-11-16,29.87972,-93.38028,Gillnet,Cynoscion Nebulosus,Spotted Seatrout,4
Calcasieu,2004-11-16,29.87972,-93.38028,Gillnet,Dorosoma Cepedianum,Gizzard Shad,1
Calcasieu,2004-12-07,29.87972,-93.38028,Gillnet,Dorosoma Cepedianum,Gizzard Shad,33
Calcasieu,2004-12-07,29.87972,-93.38028,Gillnet,Pogonias Cromis,Black Drum,9
Calcasieu,2005-01-20,29.87972,-93.38028,Gillnet,Cynoscion Nebulosus,Spotted Seatrout,4
Calcasieu,2005-01-20,29.87972,-93.38028,Gillnet,Dorosoma Cepedianum,Gizzard Shad,6
Calcasieu,2005-01-20,29.87972,-93.38028,Gillnet,Mugil Cephalus,Striped Mullet,1
Calcasieu,2005-02-11,29.87972,-93.38028,Gillnet,Dorosoma Cepedianum,Gizzard Shad,61
Calcasieu,2005-03-21,29.87972,-93.38028,Gillnet,Micropogonias Undulatus,Atlantic Croaker,4
Calcasieu,2005-04-12,29.87972,-93.38028,Gillnet,Cynoscion Nebulosus,Spotted Seatrout,1
Calcasieu,2005-04-12,29.87972,-93.38028,Gillnet,Dorosoma Cepedianum,Gizzard Shad,3
Calcasieu,2005-04-12,29.87972,-93.38028,Gillnet,Micropogonias Undulatus,Atlantic Croaker,1
Calcasieu,2005-04-12,29.87972,-93.38028,Gillnet,Pogonias Cromis,Black Drum,1
Calcasieu,2005-04-12,29.87972,-93.38028,Gillnet,Sciaenops Ocellatus,Red Drum,4
Calcasieu,2005-04-19,29.87972,-93.38028,Gillnet,Dorosoma Cepedianum,Gizzard Shad,1
Calcasieu,2005-05-06,29.87972,-93.38028,Gillnet,Cynoscion Nebulosus,Spotted Seatrout,1
Calcasieu,2005-05-06,29.87972,-93.38028,Gillnet,Dorosoma Cepedianum,Gizzard Shad,2
Calcasieu,2005-05-06,29.87972,-93.38028,Gillnet,Mugil Cephalus,Striped Mullet,1
Calcasieu,2005-05-10,29.87972,-93.38028,Gillnet,Arius Felis,Sea Catfish,2
Calcasieu,2005-05-10,29.87972,-93.38028,Gillnet,Dorosoma Cepedianum,Gizzard Shad,1
Calcasieu,2005-06-14,29.87972,-93.38028,Gillnet,Arius Felis,Sea Catfish,3
Calcasieu,2005-06-14,29.87972,-93.38028,Gillnet,Dorosoma Cepedianum,Gizzard Shad,13
Calcasieu,2005-06-14,29.87972,-93.38028,Gillnet,Micropogonias Undulatus,Atlantic Croaker,1
Calcasieu,2005-07-08,29.87972,-93.38028,Gillnet,Dorosoma Cepedianum,Gizzard Shad,8
Calcasieu,2005-07-13,29.87972,-93.38028,Gillnet,Arius Felis,Sea Catfish,1
Calcasieu,2005-08-09,29.87972,-93.38028,Gillnet,Arius Felis,Sea Catfish,1
Calcasieu,2005-08-09,29.87972,-93.38028,Gillnet,Callinectes Sapidus,Blue Crab,1
Calcasieu,2005-08-09,29.87972,-93.38028,Gillnet,Dorosoma Cepedianum,Gizzard Shad,1
Calcasieu,2005-08-09,29.87972,-93.38028,Gillnet,Pogonias Cromis,Black Drum,4
Calcasieu,2005-08-25,29.87972,-93.38028,Gillnet,Arius Felis,Sea Catfish,1
Calcasieu,2005-08-25,29.87972,-93.38028,Gillnet,Dorosoma Cepedianum,Gizzard Shad,3
Calcasieu,2005-08-25,29.87972,-93.38028,Gillnet,Pogonias Cromis,Black Drum,64
Calcasieu,2005-09-13,29.87972,-93.38028,Gillnet,Bagre Marinus,Gafftopsail Catfish,1
Calcasieu,2005-09-13,29.87972,-93.38028,Gillnet,Chaetodipterus Faber,Atlantic Spadefish,1
Calcasieu,2005-10-18,29.87972,-93.38028,Gillnet,Callinectes Sapidus,Blue Crab,1
Calcasieu,2005-11-30,29.87972,-93.38028,Gillnet,Dorosoma Cepedianum,Gizzard Shad,9
Calcasieu,2005-11-30,29.87972,-93.38028,Gillnet,Pogonias Cromis,Black Drum,1
Calcasieu,2005-12-12,29.87972,-93.38028,Gillnet,Callinectes Sapidus,Blue Crab,1
Calcasieu,2005-12-12,29.87972,-93.38028,Gillnet,Cynoscion Nebulosus,Spotted Seatrout,1
Calcasieu,2006-02-08,29.87972,-93.38028,Gillnet,Cynoscion Nebulosus,Spotted Seatrout,1
Calcasieu,2006-02-08,29.87972,-93.38028,Gillnet,Dorosoma Cepedianum,Gizzard Shad,1
Calcasieu,2006-02-08,29.87972,-93.38028,Gillnet,Pogonias Cromis,Black Drum,1
Calcasieu,2006-03-28,29.87972,-93.38028,Gillnet,Cynoscion Nebulosus,Spotted Seatrout,1
Calcasieu,2006-04-25,29.87972,-93.38028,Gillnet,Pogonias Cromis,Black Drum,1
Calcasieu,2006-05-02,29.87972,-93.38028,Gillnet,Arius Felis,Sea Catfish,1
Calcasieu,2006-05-02,29.87972,-93.38028,Gillnet,Cynoscion Nebulosus,Spotted Seatrout,1
Calcasieu,2006-05-18,29.87972,-93.38028,Gillnet,Dorosoma Cepedianum,Gizzard Shad,1
Calcasieu,2006-07-18,29.87972,-93.38028,Gillnet,Dorosoma Cepedianum,Gizzard Shad,1
Calcasieu,2006-09-27,29.87972,-93.38028,Gillnet,Cynoscion Nebulosus,Spotted Seatrout,1
Calcasieu,2006-09-27,29.87972,-93.38028,Gillnet,Dorosoma Cepedianum,Gizzard Shad,4
Calcasieu,2006-09-27,29.87972,-93.38028,Gillnet,Micropogonias Undulatus,Atlantic Croaker,1
Calcasieu,2006-09-27,29.87972,-93.38028,Gillnet,Pogonias Cromis,Black Drum,1
Calcasieu,2006-09-29,29.87972,-93.38028,Gillnet,Cynoscion Nebulosus,Spotted Seatrout,1
Calcasieu,2006-09-29,29.87972,-93.38028,Gillnet,Dorosoma Cepedianum,Gizzard Shad,2
Calcasieu,2006-10-10,29.87972,-93.38028,Gillnet,Dorosoma Cepedianum,Gizzard Shad,1
Calcasieu,2006-11-17,29.87972,-93.38028,Gillnet,Dorosoma Cepedianum,Gizzard Shad,2
Calcasieu,2006-12-13,29.87972,-93.38028,Gillnet,Cynoscion Nebulosus,Spotted Seatrout,9
Calcasieu,2006-12-13,29.87972,-93.38028,Gillnet,Dorosoma Cepedianum,Gizzard Shad,3
Calcasieu,2006-12-13,29.87972,-93.38028,Gillnet,Mugil Cephalus,Striped Mullet,1
Calcasieu,2006-12-13,29.87972,-93.38028,Gillnet,Sciaenops Ocellatus,Red Drum,36
Calcasieu,2007-01-26,29.87972,-93.38028,Gillnet,Dorosoma Cepedianum,Gizzard Shad,4
Calcasieu,2007-01-26,29.87972,-93.38028,Gillnet,Sciaenops Ocellatus,Red Drum,4
Calcasieu,2007-02-22,29.87972,-93.38028,Gillnet,Dorosoma Cepedianum,Gizzard Shad,4
Calcasieu,2007-03-09,29.87972,-93.38028,Gillnet,Dorosoma Cepedianum,Gizzard Shad,2
Calcasieu,2007-03-09,29.87972,-93.38028,Gillnet,Sciaenops Ocellatus,Red Drum,16
Calcasieu,2007-04-11,29.87972,-93.38028,Gillnet,Dorosoma Cepedianum,Gizzard Shad,2
Calcasieu,2007-04-20,29.87972,-93.38028,Gillnet,Arius Felis,Sea Catfish,2
Calcasieu,2007-04-20,29.87972,-93.38028,Gillnet,Dorosoma Cepedianum,Gizzard Shad,1
Calcasieu,2007-04-20,29.87972,-93.38028,Gillnet,Pogonias Cromis,Black Drum,4
Calcasieu,2007-04-20,29.87972,-93.38028,Gillnet,Sciaenops Ocellatus,Red Drum,225
Calcasieu,2007-05-22,29.87972,-93.38028,Gillnet,Arius Felis,Sea Catfish,1
Calcasieu,2007-05-22,29.87972,-93.38028,Gillnet,Pogonias Cromis,Black Drum,4
Calcasieu,2007-05-30,29.87972,-93.38028,Gillnet,Callinectes Sapidus,Blue Crab,1
Calcasieu,2007-06-05,29.87972,-93.38028,Gillnet,Arius Felis,Sea Catfish,2
Calcasieu,2007-06-05,29.87972,-93.38028,Gillnet,Cynoscion Nebulosus,Spotted Seatrout,4
Calcasieu,2007-06-05,29.87972,-93.38028,Gillnet,Dorosoma Cepedianum,Gizzard Shad,1
Calcasieu,2007-06-05,29.87972,-93.38028,Gillnet,Pogonias Cromis,Black Drum,1
Calcasieu,2007-06-05,29.87972,-93.38028,Gillnet,Sciaenops Ocellatus,Red Drum,1
Calcasieu,2007-06-20,29.87972,-93.38028,Gillnet,Bagre Marinus,Gafftopsail Catfish,1
Calcasieu,2007-07-09,29.87972,-93.38028,Gillnet,Arius Felis,Sea Catfish,1
Calcasieu,2007-07-09,29.87972,-93.38028,Gillnet,Callinectes Sapidus,Blue Crab,4
Calcasieu,2007-07-09,29.87972,-93.38028,Gillnet,Cynoscion Nebulosus,Spotted Seatrout,1
Calcasieu,2007-07-09,29.87972,-93.38028,Gillnet,Pogonias Cromis,Black Drum,1
Calcasieu,2007-07-24,29.87972,-93.38028,Gillnet,Cynoscion Nebulosus,Spotted Seatrout,1
Calcasieu,2007-07-24,29.87972,-93.38028,Gillnet,Dasyatis Sabina,Atlantic Stingray,1
Calcasieu,2007-08-07,29.87972,-93.38028,Gillnet,Bagre Marinus,Gafftopsail Catfish,1
Calcasieu,2007-08-07,29.87972,-93.38028,Gillnet,Elops Saurus,Ladyfish,1
Calcasieu,2007-09-20,29.87972,-93.38028,Gillnet,Bagre Marinus,Gafftopsail Catfish,1
Calcasieu,2007-09-27,29.87972,-93.38028,Gillnet,Pogonias Cromis,Black Drum,4
Calcasieu,2007-09-27,29.87972,-93.38028,Gillnet,Sciaenops Ocellatus,Red Drum,1
Calcasieu,2007-11-20,29.87972,-93.38028,Gillnet,Micropogonias Undulatus,Atlantic Croaker,1
Calcasieu,2007-11-20,29.87972,-93.38028,Gillnet,Mugil Cephalus,Striped Mullet,1
Calcasieu,2007-11-20,29.87972,-93.38028,Gillnet,Pogonias Cromis,Black Drum,16
Calcasieu,2007-11-20,29.87972,-93.38028,Gillnet,Sciaenops Ocellatus,Red Drum,1
Calcasieu,2007-12-10,29.87972,-93.38028,Gillnet,Pogonias Cromis,Black Drum,9
Calcasieu,2008-01-22,29.87972,-93.38028,Gillnet,Sciaenops Ocellatus,Red Drum,100
Calcasieu,2008-02-15,29.87972,-93.38028,Gillnet,Sciaenops Ocellatus,Red Drum,9
Calcasieu,2008-04-08,29.87972,-93.38028,Gillnet,Arius Felis,Sea Catfish,1
Calcasieu,2008-04-08,29.87972,-93.38028,Gillnet,Micropogonias Undulatus,Atlantic Croaker,1
Calcasieu,2008-04-08,29.87972,-93.38028,Gillnet,Pogonias Cromis,Black Drum,9
Calcasieu,2008-04-08,29.87972,-93.38028,Gillnet,Sciaenops Ocellatus,Red Drum,16
Calcasieu,2008-04-22,29.87972,-93.38028,Gillnet,Arius Felis,Sea Catfish,1
Calcasieu,2008-04-22,29.87972,-93.38028,Gillnet,Pogonias Cromis,Black Drum,1
Calcasieu,2008-04-22,29.87972,-93.38028,Gillnet,Sciaenops Ocellatus,Red Drum,1
Calcasieu,2008-05-13,29.87972,-93.38028,Gillnet,Arius Felis,Sea Catfish,2
Calcasieu,2008-05-13,29.87972,-93.38028,Gillnet,Pogonias Cromis,Black Drum,4
Calcasieu,2008-05-21,29.87972,-93.38028,Gillnet,Arius Felis,Sea Catfish,1
Calcasieu,2008-05-21,29.87972,-93.38028,Gillnet,Dorosoma Cepedianum,Gizzard Shad,3
Calcasieu,2008-05-21,29.87972,-93.38028,Gillnet,Pogonias Cromis,Black Drum,1
Calcasieu,2008-06-03,29.87972,-93.38028,Gillnet,Pogonias Cromis,Black Drum,1
Calcasieu,2008-07-10,29.87972,-93.38028,Gillnet,Pogonias Cromis,Black Drum,1170
Calcasieu,2008-07-10,29.87972,-93.38028,Gillnet,Sciaenops Ocellatus,Red Drum,1
Calcasieu,2008-07-25,29.87972,-93.38028,Gillnet,Arius Felis,Sea Catfish,1
Calcasieu,2008-07-25,29.87972,-93.38028,Gillnet,Pogonias Cromis,Black Drum,1320
Calcasieu,2008-07-25,29.87972,-93.38028,Gillnet,Sciaenops Ocellatus,Red Drum,4
Calcasieu,2008-08-06,29.87972,-93.38028,Gillnet,Arius Felis,Sea Catfish,2
Calcasieu,2008-08-06,29.87972,-93.38028,Gillnet,Cynoscion Nebulosus,Spotted Seatrout,1
Calcasieu,2008-08-06,29.87972,-93.38028,Gillnet,Pogonias Cromis,Black Drum,400
Calcasieu,2008-09-25,29.87972,-93.38028,Gillnet,Micropogonias Undulatus,Atlantic Croaker,1
Calcasieu,2008-09-29,29.87972,-93.38028,Gillnet,Arius Felis,Sea Catfish,1
Calcasieu,2008-09-29,29.87972,-93.38028,Gillnet,Micropogonias Undulatus,Atlantic Croaker,1
Calcasieu,2008-11-20,29.87972,-93.38028,Gillnet,Sciaenops Ocellatus,Red Drum,4
Calcasieu,2008-12-15,29.87972,-93.38028,Gillnet,Micropogonias Undulatus,Atlantic Croaker,1
Calcasieu,2008-12-15,29.87972,-93.38028,Gillnet,Pogonias Cromis,Black Drum,1
Calcasieu,2008-12-15,29.87972,-93.38028,Gillnet,Sciaenops Ocellatus,Red Drum,9
Calcasieu,2009-01-22,29.87972,-93.38028,Gillnet,Sciaenops Ocellatus,Red Drum,16
Calcasieu,2009-03-11,29.87972,-93.38028,Gillnet,Cynoscion Nebulosus,Spotted Seatrout,9
Calcasieu,2009-03-11,29.87972,-93.38028,Gillnet,Pogonias Cromis,Black Drum,4
Calcasieu,2009-04-15,29.87972,-93.38028,Gillnet,Cynoscion Nebulosus,Spotted Seatrout,1
Calcasieu,2009-05-07,29.87972,-93.38028,Gillnet,Arius Felis,Sea Catfish,2
Calcasieu,2009-05-20,29.87972,-93.38028,Gillnet,Arius Felis,Sea Catfish,1
Calcasieu,2009-05-20,29.87972,-93.38028,Gillnet,Cynoscion Nebulosus,Spotted Seatrout,1
Calcasieu,2009-05-20,29.87972,-93.38028,Gillnet,Pogonias Cromis,Black Drum,16
Calcasieu,2009-05-20,29.87972,-93.38028,Gillnet,Sciaenops Ocellatus,Red Drum,1
Calcasieu,2009-06-03,29.87972,-93.38028,Gillnet,Bagre Marinus,Gafftopsail Catfish,1
Calcasieu,2009-07-14,29.87972,-93.38028,Gillnet,Bagre Marinus,Gafftopsail Catfish,4
Calcasieu,2009-07-14,29.87972,-93.38028,Gillnet,Dorosoma Cepedianum,Gizzard Shad,1
Calcasieu,2009-08-11,29.87972,-93.38028,Gillnet,Arius Felis,Sea Catfish,2
Calcasieu,2009-08-11,29.87972,-93.38028,Gillnet,Cynoscion Nebulosus,Spotted Seatrout,1
Calcasieu,2009-08-25,29.87972,-93.38028,Gillnet,Dorosoma Cepedianum,Gizzard Shad,1
Calcasieu,2009-09-16,29.87972,-93.38028,Gillnet,Atractosteus Spatula,Alligator Gar,1
Calcasieu,2009-09-16,29.87972,-93.38028,Gillnet,Bagre Marinus,Gafftopsail Catfish,1
Calcasieu,2009-09-16,29.87972,-93.38028,Gillnet,Elops Saurus,Ladyfish,1
Calcasieu,2009-09-28,29.87972,-93.38028,Gillnet,Bagre Marinus,Gafftopsail Catfish,1
Calcasieu,2009-09-28,29.87972,-93.38028,Gillnet,Cynoscion Arenarius,Sand Seatrout,1
Calcasieu,2009-10-14,29.87972,-93.38028,Gillnet,Pogonias Cromis,Black Drum,1
Calcasieu,2009-12-07,29.87972,-93.38028,Gillnet,Cynoscion Nebulosus,Spotted Seatrout,16
Calcasieu,2010-01-21,29.87972,-93.38028,Gillnet,Pogonias Cromis,Black Drum,1
Calcasieu,2010-03-30,29.87972,-93.38028,Gillnet,Arius Felis,Sea Catfish,1
Calcasieu,2010-03-30,29.87972,-93.38028,Gillnet,Cynoscion Nebulosus,Spotted Seatrout,4
Calcasieu,2010-03-30,29.87972,-93.38028,Gillnet,Sciaenops Ocellatus,Red Drum,9
Calcasieu,2010-04-21,29.87972,-93.38028,Gillnet,Pogonias Cromis,Black Drum,4
Calcasieu,2010-04-26,29.87972,-93.38028,Gillnet,Cynoscion Nebulosus,Spotted Seatrout,1
Calcasieu,2010-05-25,29.87972,-93.38028,Gillnet,Cynoscion Nebulosus,Spotted Seatrout,1
Calcasieu,2010-05-25,29.87972,-93.38028,Gillnet,Dorosoma Cepedianum,Gizzard Shad,2
Calcasieu,2010-05-25,29.87972,-93.38028,Gillnet,Pogonias Cromis,Black Drum,1
Calcasieu,2010-06-07,29.87972,-93.38028,Gillnet,Cynoscion Nebulosus,Spotted Seatrout,1
Calcasieu,2010-06-07,29.87972,-93.38028,Gillnet,Dorosoma Cepedianum,Gizzard Shad,1
Calcasieu,2010-06-07,29.87972,-93.38028,Gillnet,Pogonias Cromis,Black Drum,1
Calcasieu,2010-07-29,29.87972,-93.38028,Gillnet,Dorosoma Cepedianum,Gizzard Shad,1
Calcasieu,2010-08-16,29.87972,-93.38028,Gillnet,Bagre Marinus,Gafftopsail Catfish,1
Calcasieu,2010-08-16,29.87972,-93.38028,Gillnet,Dorosoma Cepedianum,Gizzard Shad,1
Calcasieu,2010-09-29,29.87972,-93.38028,Gillnet,Dasyatis Sabina,Atlantic Stingray,1
Calcasieu,2010-10-07,29.87972,-93.38028,Gillnet,Dorosoma Cepedianum,Gizzard Shad,2
Calcasieu,2010-11-23,29.87972,-93.38028,Gillnet,Dorosoma Cepedianum,Gizzard Shad,2
Calcasieu,2010-11-23,29.87972,-93.38028,Gillnet,Pogonias Cromis,Black Drum,1
Calcasieu,2010-11-23,29.87972,-93.38028,Gillnet,Sciaenops Ocellatus,Red Drum,4
Calcasieu,2010-12-06,29.87972,-93.38028,Gillnet,Sciaenops Ocellatus,Red Drum,4
Calcasieu,2011-03-31,29.87972,-93.38028,Gillnet,Dorosoma Cepedianum,Gizzard Shad,7
Calcasieu,2011-04-13,29.87972,-93.38028,Gillnet,Cynoscion Nebulosus,Spotted Seatrout,1
Calcasieu,2011-05-17,29.87972,-93.38028,Gillnet,Arius Felis,Sea Catfish,1
Calcasieu,2011-05-17,29.87972,-93.38028,Gillnet,Cynoscion Nebulosus,Spotted Seatrout,16
Calcasieu,2011-07-20,29.87972,-93.38028,Gillnet,Bagre Marinus,Gafftopsail Catfish,1
Calcasieu,2011-08-05,29.87972,-93.38028,Gillnet,Arius Felis,Sea Catfish,1
Calcasieu,2011-08-23,29.87972,-93.38028,Gillnet,Arius Felis,Sea Catfish,1
Calcasieu,2011-08-23,29.87972,-93.38028,Gillnet,Cynoscion Nebulosus,Spotted Seatrout,1
Calcasieu,2011-08-23,29.87972,-93.38028,Gillnet,Micropogonias Undulatus,Atlantic Croaker,1
Calcasieu,2011-08-23,29.87972,-93.38028,Gillnet,Pogonias Cromis,Black Drum,25
Calcasieu,2011-11-29,29.87972,-93.38028,Gillnet,Mugil Cephalus,Striped Mullet,4
Calcasieu,2011-12-12,29.87972,-93.38028,Gillnet,Dorosoma Cepedianum,Gizzard Shad,6
Calcasieu,2012-04-10,29.87972,-93.38028,Gillnet,Cynoscion Nebulosus,Spotted Seatrout,1
Calcasieu,2012-04-24,29.87972,-93.38028,Gillnet,Cynoscion Nebulosus,Spotted Seatrout,1
Calcasieu,2012-05-03,29.87972,-93.38028,Gillnet,Cynoscion Nebulosus,Spotted Seatrout,1
Calcasieu,2012-06-06,29.87972,-93.38028,Gillnet,Bagre Marinus,Gafftopsail Catfish,1
Calcasieu,2012-06-06,29.87972,-93.38028,Gillnet,Dorosoma Cepedianum,Gizzard Shad,1
Calcasieu,2012-06-21,29.87972,-93.38028,Gillnet,Arius Felis,Sea Catfish,1
Calcasieu,2012-07-18,29.87972,-93.38028,Gillnet,Bagre Marinus,Gafftopsail Catfish,1
Calcasieu,2012-07-18,29.87972,-93.38028,Gillnet,Pogonias Cromis,Black Drum,1
Calcasieu,2012-09-11,29.87972,-93.38028,Gillnet,Dorosoma Cepedianum,Gizzard Shad,1
Calcasieu,2012-09-24,29.87972,-93.38028,Gillnet,Dorosoma Cepedianum,Gizzard Shad,2
Calcasieu,2012-09-24,29.87972,-93.38028,Gillnet,Pogonias Cromis,Black Drum,1
Calcasieu,2012-11-20,29.87972,-93.38028,Gillnet,Pogonias Cromis,Black Drum,1
Calcasieu,2012-12-11,29.87972,-93.38028,Gillnet,Mugil Cephalus,Striped Mullet,4
Calcasieu,2013-02-15,29.87972,-93.38028,Gillnet,Cynoscion Nebulosus,Spotted Seatrout,1
Calcasieu,2013-02-15,29.87972,-93.38028,Gillnet,Pogonias Cromis,Black Drum,49
Calcasieu,2013-02-15,29.87972,-93.38028,Gillnet,Sciaenops Ocellatus,Red Drum,1
Calcasieu,2013-05-13,29.87972,-93.38028,Gillnet,Bagre Marinus,Gafftopsail Catfish,4
Calcasieu,2013-05-13,29.87972,-93.38028,Gillnet,Cynoscion Nebulosus,Spotted Seatrout,1
Calcasieu,2013-05-24,29.87972,-93.38028,Gillnet,Arius Felis,Sea Catfish,2
Calcasieu,2013-05-24,29.87972,-93.38028,Gillnet,Pogonias Cromis,Black Drum,16
Calcasieu,2013-06-21,29.87972,-93.38028,Gillnet,Arius Felis,Sea Catfish,4
Calcasieu,2013-06-21,29.87972,-93.38028,Gillnet,Pogonias Cromis,Black Drum,36
Calcasieu,2013-07-19,29.87972,-93.38028,Gillnet,Pogonias Cromis,Black Drum,1
Calcasieu,2013-11-19,29.87972,-93.38028,Gillnet,Cynoscion Nebulosus,Spotted Seatrout,16
Calcasieu,2013-11-19,29.87972,-93.38028,Gillnet,Dorosoma Cepedianum,Gizzard Shad,2
Calcasieu,2013-11-19,29.87972,-93.38028,Gillnet,Pogonias Cromis,Black Drum,4
Calcasieu,2013-11-19,29.87972,-93.38028,Gillnet,Sciaenops Ocellatus,Red Drum,4
Calcasieu,2013-12-04,29.87972,-93.38028,Gillnet,Pogonias Cromis,Black Drum,4
Calcasieu,2014-01-22,29.87972,-93.38028,Gillnet,Mugil Cephalus,Striped Mullet,9
Calcasieu,2014-03-14,29.87972,-93.38028,Gillnet,Cynoscion Nebulosus,Spotted Seatrout,1
Calcasieu,2014-03-14,29.87972,-93.38028,Gillnet,Pogonias Cromis,Black Drum,1
Calcasieu,2014-05-19,29.87972,-93.38028,Gillnet,Cynoscion Nebulosus,Spotted Seatrout,1
Calcasieu,2014-07-23,29.87972,-93.38028,Gillnet,Cynoscion Nebulosus,Spotted Seatrout,1
Calcasieu,2014-08-20,29.87972,-93.38028,Gillnet,Bagre Marinus,Gafftopsail Catfish,1
Calcasieu,2014-12-01,29.87972,-93.38028,Gillnet,Pogonias Cromis,Black Drum,81
Calcasieu,2014-12-01,29.87972,-93.38028,Gillnet,Sciaenops Ocellatus,Red Drum,1
Calcasieu,2015-01-06,29.87972,-93.38028,Gillnet,Archosargus Probatocephalus,Sheepshead,1
Calcasieu,2015-05-04,29.87972,-93.38028,Gillnet,Pogonias Cromis,Black Drum,4
Calcasieu,2015-05-04,29.87972,-93.38028,Gillnet,Sciaenops Ocellatus,Red Drum,1
Calcasieu,2015-06-18,29.87972,-93.38028,Gillnet,Pogonias Cromis,Black Drum,1
Calcasieu,2015-07-21,29.87972,-93.38028,Gillnet,Callinectes Sapidus,Blue Crab,1
Calcasieu,2015-11-03,29.87972,-93.38028,Gillnet,Bagre Marinus,Gafftopsail Catfish,1
Calcasieu,2016-01-05,29.87972,-93.38028,Gillnet,Mugil Cephalus,Striped Mullet,4
Calcasieu,2016-03-02,29.87972,-93.38028,Gillnet,Dorosoma Cepedianum,Gizzard Shad,2
Calcasieu,2016-08-10,29.87972,-93.38028,Gillnet,Arius Felis,Sea Catfish,2
Calcasieu,2016-08-10,29.87972,-93.38028,Gillnet,Callinectes Sapidus,Blue Crab,1
Calcasieu,2017-05-23,29.87972,-93.38028,Gillnet,Cynoscion Nebulosus,Spotted Seatrout,1
Calcasieu,2017-05-23,29.87972,-93.38028,Gillnet,Pogonias Cromis,Black Drum,1
Calcasieu,2018-04-18,29.87972,-93.38028,Gillnet,Bagre Marinus,Gafftopsail Catfish,1
Calcasieu,2018-05-03,29.87972,-93.38028,Gillnet,Bagre Marinus,Gafftopsail Catfish,1
Calcasieu,2018-07-18,29.87972,-93.38028,Gillnet,Bagre Marinus,Gafftopsail Catfish,1
Calcasieu,2018-09-13,29.87972,-93.38028,Gillnet,Bagre Marinus,Gafftopsail Catfish,1
Calcasieu,2018-09-27,29.87972,-93.38028,Gillnet,Arius Felis,Sea Catfish,1
Calcasieu,2018-09-27,29.87972,-93.38028,Gillnet,Bagre Marinus,Gafftopsail Catfish,1
Calcasieu,2018-09-27,29.87972,-93.38028,Gillnet,Brevoortia Patronus,Gulf Menhaden,9
Calcasieu,2018-09-27,29.87972,-93.38028,Gillnet,Leiostomus Xanthurus,Spot,1
Calcasieu,2018-09-27,29.87972,-93.38028,Gillnet,Micropogonias Undulatus,Atlantic Croaker,1
Calcasieu,2018-09-27,29.87972,-93.38028,Gillnet,Penaeus Setiferus,White Shrimp,16
Calcasieu,1991-11-25,30.04861,-93.31833,Gillnet,Cynoscion Nebulosus,Spotted Seatrout,4
Calcasieu,1991-11-25,30.04861,-93.31833,Gillnet,Pogonias Cromis,Black Drum,4
Calcasieu,1991-11-25,30.04861,-93.31833,Gillnet,Sciaenops Ocellatus,Red Drum,16
Calcasieu,1992-01-15,30.04861,-93.31833,Gillnet,Dorosoma Cepedianum,Gizzard Shad,5
Calcasieu,1992-02-27,30.04861,-93.31833,Gillnet,Dorosoma Cepedianum,Gizzard Shad,2
Calcasieu,1992-03-12,30.04861,-93.31833,Gillnet,Dorosoma Cepedianum,Gizzard Shad,1
Calcasieu,1992-03-12,30.04861,-93.31833,Gillnet,Sciaenops Ocellatus,Red Drum,1
Calcasieu,1992-03-26,30.04861,-93.31833,Gillnet,Dorosoma Cepedianum,Gizzard Shad,1
Calcasieu,1992-03-26,30.04861,-93.31833,Gillnet,Sciaenops Ocellatus,Red Drum,1
Calcasieu,1992-04-07,30.04861,-93.31833,Gillnet,Cynoscion Nebulosus,Spotted Seatrout,4
Calcasieu,1992-04-28,30.04861,-93.31833,Gillnet,Micropogonias Undulatus,Atlantic Croaker,1
Calcasieu,1992-05-07,30.04861,-93.31833,Gillnet,Micropogonias Undulatus,Atlantic Croaker,1
Calcasieu,1992-05-27,30.04861,-93.31833,Gillnet,Dorosoma Cepedianum,Gizzard Shad,1
Calcasieu,1992-05-27,30.04861,-93.31833,Gillnet,Micropogonias Undulatus,Atlantic Croaker,2
Calcasieu,1992-05-27,30.04861,-93.31833,Gillnet,Paralichthys Lethostigma,Southern Flounder,1
Calcasieu,1992-05-27,30.04861,-93.31833,Gillnet,Pogonias Cromis,Black Drum,1
Calcasieu,1992-05-27,30.04861,-93.31833,Gillnet,Sciaenops Ocellatus,Red Drum,4
Calcasieu,1992-06-09,30.04861,-93.31833,Gillnet,Cynoscion Nebulosus,Spotted Seatrout,1
Calcasieu,1992-06-09,30.04861,-93.31833,Gillnet,Dorosoma Cepedianum,Gizzard Shad,2
Calcasieu,1992-06-09,30.04861,-93.31833,Gillnet,Pogonias Cromis,Black Drum,4
Calcasieu,1992-06-09,30.04861,-93.31833,Gillnet,Sciaenops Ocellatus,Red Drum,4
Calcasieu,1992-06-18,30.04861,-93.31833,Gillnet,Dorosoma Cepedianum,Gizzard Shad,1
Calcasieu,1992-06-18,30.04861,-93.31833,Gillnet,Micropogonias Undulatus,Atlantic Croaker,2
Calcasieu,1992-06-18,30.04861,-93.31833,Gillnet,Mugil Cephalus,Striped Mullet,1
Calcasieu,1992-06-18,30.04861,-93.31833,Gillnet,Pogonias Cromis,Black Drum,1
Calcasieu,1992-06-18,30.04861,-93.31833,Gillnet,Sciaenops Ocellatus,Red Drum,1
Calcasieu,1992-08-04,30.04861,-93.31833,Gillnet,Cynoscion Nebulosus,Spotted Seatrout,4
Calcasieu,1992-08-06,30.04861,-93.31833,Gillnet,Cynoscion Nebulosus,Spotted Seatrout,1
Calcasieu,1992-08-06,30.04861,-93.31833,Gillnet,Sciaenops Ocellatus,Red Drum,4
Calcasieu,1992-09-17,30.04861,-93.31833,Gillnet,Cynoscion Nebulosus,Spotted Seatrout,1
Calcasieu,1992-10-12,30.04861,-93.31833,Gillnet,Dorosoma Cepedianum,Gizzard Shad,4
Calcasieu,1993-01-06,30.04861,-93.31833,Gillnet,Cynoscion Nebulosus,Spotted Seatrout,1
Calcasieu,1993-02-02,30.04861,-93.31833,Gillnet,Sciaenops Ocellatus,Red Drum,1
Calcasieu,1993-05-26,30.04861,-93.31833,Gillnet,Dorosoma Cepedianum,Gizzard Shad,1
Calcasieu,1993-07-19,30.04861,-93.31833,Gillnet,Dorosoma Cepedianum,Gizzard Shad,1
Calcasieu,1993-07-19,30.04861,-93.31833,Gillnet,Micropogonias Undulatus,Atlantic Croaker,1
Calcasieu,1993-07-19,30.04861,-93.31833,Gillnet,Pogonias Cromis,Black Drum,1
Calcasieu,1993-07-26,30.04861,-93.31833,Gillnet,Sciaenops Ocellatus,Red Drum,1
Calcasieu,1993-08-11,30.04861,-93.31833,Gillnet,Dorosoma Cepedianum,Gizzard Shad,1
Calcasieu,1993-08-11,30.04861,-93.31833,Gillnet,Sciaenops Ocellatus,Red Drum,4
Calcasieu,1993-08-24,30.04861,-93.31833,Gillnet,Elops Saurus,Ladyfish,1
Calcasieu,1993-10-05,30.04861,-93.31833,Gillnet,Dorosoma Cepedianum,Gizzard Shad,6
Calcasieu,1993-10-05,30.04861,-93.31833,Gillnet,Micropogonias Undulatus,Atlantic Croaker,1
Calcasieu,1993-11-17,30.04861,-93.31833,Gillnet,Pogonias Cromis,Black Drum,9
Calcasieu,1993-11-17,30.04861,-93.31833,Gillnet,Sciaenops Ocellatus,Red Drum,1
Calcasieu,1994-01-19,30.04861,-93.31833,Gillnet,Alosa Chrysochloris,Skipjack Herring,1
Calcasieu,1994-03-03,30.04861,-93.31833,Gillnet,Archosargus Probatocephalus,Sheepshead,1
Calcasieu,1994-03-03,30.04861,-93.31833,Gillnet,Dorosoma Cepedianum,Gizzard Shad,1
Calcasieu,1994-05-04,30.04861,-93.31833,Gillnet,Cynoscion Nebulosus,Spotted Seatrout,1
Calcasieu,1994-05-04,30.04861,-93.31833,Gillnet,Dorosoma Cepedianum,Gizzard Shad,4
Calcasieu,1994-05-09,30.04861,-93.31833,Gillnet,Arius Felis,Sea Catfish,1
Calcasieu,1994-06-29,30.04861,-93.31833,Gillnet,Arius Felis,Sea Catfish,2
Calcasieu,1994-06-29,30.04861,-93.31833,Gillnet,Pogonias Cromis,Black Drum,1
Calcasieu,1994-07-06,30.04861,-93.31833,Gillnet,Dorosoma Cepedianum,Gizzard Shad,10
Calcasieu,1994-07-06,30.04861,-93.31833,Gillnet,Micropogonias Undulatus,Atlantic Croaker,1
Calcasieu,1994-07-26,30.04861,-93.31833,Gillnet,Dorosoma Cepedianum,Gizzard Shad,3
Calcasieu,1994-07-26,30.04861,-93.31833,Gillnet,Micropogonias Undulatus,Atlantic Croaker,9
Calcasieu,1994-07-26,30.04861,-93.31833,Gillnet,Pogonias Cromis,Black Drum,1
Calcasieu,1994-08-09,30.04861,-93.31833,Gillnet,Micropogonias Undulatus,Atlantic Croaker,1
Calcasieu,1994-08-15,30.04861,-93.31833,Gillnet,Paralichthys Lethostigma,Southern Flounder,1
Calcasieu,1994-09-15,30.04861,-93.31833,Gillnet,Pogonias Cromis,Black Drum,1
Calcasieu,1994-09-19,30.04861,-93.31833,Gillnet,Cynoscion Nebulosus,Spotted Seatrout,1
Calcasieu,1994-09-19,30.04861,-93.31833,Gillnet,Dorosoma Cepedianum,Gizzard Shad,3
Calcasieu,1994-09-19,30.04861,-93.31833,Gillnet,Micropogonias Undulatus,Atlantic Croaker,1
Calcasieu,1994-10-04,30.04861,-93.31833,Gillnet,Pogonias Cromis,Black Drum,1
Calcasieu,1995-01-25,30.04861,-93.31833,Gillnet,Cynoscion Nebulosus,Spotted Seatrout,81
Calcasieu,1995-01-25,30.04861,-93.31833,Gillnet,Dorosoma Cepedianum,Gizzard Shad,1
Calcasieu,1995-05-10,30.04861,-93.31833,Gillnet,Cynoscion Nebulosus,Spotted Seatrout,1
Calcasieu,1995-05-10,30.04861,-93.31833,Gillnet,Sciaenops Ocellatus,Red Drum,1
Calcasieu,1995-05-22,30.04861,-93.31833,Gillnet,Cynoscion Nebulosus,Spotted Seatrout,1
Calcasieu,1995-05-22,30.04861,-93.31833,Gillnet,Dorosoma Cepedianum,Gizzard Shad,2
Calcasieu,1995-06-05,30.04861,-93.31833,Gillnet,Dorosoma Cepedianum,Gizzard Shad,1
Calcasieu,1995-06-20,30.04861,-93.31833,Gillnet,Dorosoma Cepedianum,Gizzard Shad,1
Calcasieu,1995-06-20,30.04861,-93.31833,Gillnet,Pogonias Cromis,Black Drum,1
Calcasieu,1995-08-02,30.04861,-93.31833,Gillnet,Dorosoma Cepedianum,Gizzard Shad,1
Calcasieu,1995-08-15,30.04861,-93.31833,Gillnet,Dorosoma Cepedianum,Gizzard Shad,2
Calcasieu,1995-08-15,30.04861,-93.31833,Gillnet,Pogonias Cromis,Black Drum,1
Calcasieu,1995-09-12,30.04861,-93.31833,Gillnet,Dorosoma Cepedianum,Gizzard Shad,1
Calcasieu,1995-09-12,30.04861,-93.31833,Gillnet,Pogonias Cromis,Black Drum,1
Calcasieu,1995-10-02,30.04861,-93.31833,Gillnet,Dorosoma Cepedianum,Gizzard Shad,6
Calcasieu,1995-12-11,30.04861,-93.31833,Gillnet,Sciaenops Ocellatus,Red Drum,1
Calcasieu,1996-01-29,30.04861,-93.31833,Gillnet,Dorosoma Cepedianum,Gizzard Shad,5
Calcasieu,1996-02-06,30.04861,-93.31833,Gillnet,Dorosoma Cepedianum,Gizzard Shad,1
Calcasieu,1996-03-21,30.04861,-93.31833,Gillnet,Dorosoma Cepedianum,Gizzard Shad,3
Calcasieu,1996-03-21,30.04861,-93.31833,Gillnet,Pogonias Cromis,Black Drum,4
Calcasieu,1996-05-14,30.04861,-93.31833,Gillnet,Micropogonias Undulatus,Atlantic Croaker,4
Calcasieu,1996-05-28,30.04861,-93.31833,Gillnet,Cynoscion Nebulosus,Spotted Seatrout,1
Calcasieu,1996-05-28,30.04861,-93.31833,Gillnet,Dorosoma Cepedianum,Gizzard Shad,3
Calcasieu,1996-07-15,30.04861,-93.31833,Gillnet,Chaetodipterus Faber,Atlantic Spadefish,1
Calcasieu,1996-07-15,30.04861,-93.31833,Gillnet,Pogonias Cromis,Black Drum,4
Calcasieu,1996-08-01,30.04861,-93.31833,Gillnet,Pogonias Cromis,Black Drum,1
Calcasieu,1996-08-26,30.04861,-93.31833,Gillnet,Dorosoma Cepedianum,Gizzard Shad,2
Calcasieu,1996-08-26,30.04861,-93.31833,Gillnet,Elops Saurus,Ladyfish,1
Calcasieu,1996-09-18,30.04861,-93.31833,Gillnet,Dorosoma Cepedianum,Gizzard Shad,2
Calcasieu,1997-01-30,30.04861,-93.31833,Gillnet,Cynoscion Nebulosus,Spotted Seatrout,400
Calcasieu,1997-03-20,30.04861,-93.31833,Gillnet,Dorosoma Cepedianum,Gizzard Shad,1
Calcasieu,1997-05-29,30.04861,-93.31833,Gillnet,Dorosoma Cepedianum,Gizzard Shad,3
Calcasieu,1997-06-23,30.04861,-93.31833,Gillnet,Callinectes Sapidus,Blue Crab,1
Calcasieu,1997-07-02,30.04861,-93.31833,Gillnet,Callinectes Sapidus,Blue Crab,1
Calcasieu,1997-07-02,30.04861,-93.31833,Gillnet,Dorosoma Cepedianum,Gizzard Shad,2
Calcasieu,1997-07-02,30.04861,-93.31833,Gillnet,Lepisosteus Oculatus,Spotted Gar,1
Calcasieu,1997-07-10,30.04861,-93.31833,Gillnet,Dorosoma Cepedianum,Gizzard Shad,1
Calcasieu,1997-10-06,30.04861,-93.31833,Gillnet,Dorosoma Cepedianum,Gizzard Shad,1
Calcasieu,1997-11-20,30.04861,-93.31833,Gillnet,Cynoscion Nebulosus,Spotted Seatrout,4
Calcasieu,1997-11-20,30.04861,-93.31833,Gillnet,Sciaenops Ocellatus,Red Drum,1
Calcasieu,1997-12-01,30.04861,-93.31833,Gillnet,Dorosoma Cepedianum,Gizzard Shad,3
Calcasieu,1998-04-08,30.04861,-93.31833,Gillnet,Cynoscion Nebulosus,Spotted Seatrout,1
Calcasieu,1998-04-20,30.04861,-93.31833,Gillnet,Cynoscion Nebulosus,Spotted Seatrout,1
Calcasieu,1998-05-19,30.04861,-93.31833,Gillnet,Micropogonias Undulatus,Atlantic Croaker,1
Calcasieu,1998-07-21,30.04861,-93.31833,Gillnet,Callinectes Sapidus,Blue Crab,1
Calcasieu,1998-07-21,30.04861,-93.31833,Gillnet,Dasyatis Americana,Southern Stingray,1
Calcasieu,1998-07-21,30.04861,-93.31833,Gillnet,Micropogonias Undulatus,Atlantic Croaker,1
Calcasieu,1998-09-01,30.04861,-93.31833,Gillnet,Dorosoma Cepedianum,Gizzard Shad,1
Calcasieu,1998-09-01,30.04861,-93.31833,Gillnet,Pogonias Cromis,Black Drum,16
Calcasieu,1998-10-16,30.04861,-93.31833,Gillnet,Callinectes Sapidus,Blue Crab,1
Calcasieu,1998-10-16,30.04861,-93.31833,Gillnet,Pogonias Cromis,Black Drum,9
Calcasieu,1998-12-01,30.04861,-93.31833,Gillnet,Pogonias Cromis,Black Drum,9
Calcasieu,1999-01-25,30.04861,-93.31833,Gillnet,Sciaenops Ocellatus,Red Drum,1
Calcasieu,1999-03-22,30.04861,-93.31833,Gillnet,Cynoscion Nebulosus,Spotted Seatrout,9
Calcasieu,1999-04-06,30.04861,-93.31833,Gillnet,Micropogonias Undulatus,Atlantic Croaker,1
Calcasieu,1999-04-06,30.04861,-93.31833,Gillnet,Sciaenops Ocellatus,Red Drum,16
Calcasieu,1999-05-06,30.04861,-93.31833,Gillnet,Cynoscion Nebulosus,Spotted Seatrout,1
Calcasieu,1999-05-19,30.04861,-93.31833,Gillnet,Dorosoma Cepedianum,Gizzard Shad,1
Calcasieu,1999-06-09,30.04861,-93.31833,Gillnet,Cynoscion Nebulosus,Spotted Seatrout,1
Calcasieu,1999-06-09,30.04861,-93.31833,Gillnet,Micropogonias Undulatus,Atlantic Croaker,1
Calcasieu,1999-06-15,30.04861,-93.31833,Gillnet,Micropogonias Undulatus,Atlantic Croaker,4
Calcasieu,1999-08-18,30.04861,-93.31833,Gillnet,Dorosoma Cepedianum,Gizzard Shad,3
Calcasieu,1999-10-11,30.04861,-93.31833,Gillnet,Dorosoma Cepedianum,Gizzard Shad,1
Calcasieu,1999-11-22,30.04861,-93.31833,Gillnet,Sciaenops Ocellatus,Red Drum,1
Calcasieu,2000-04-11,30.04861,-93.31833,Gillnet,Cynoscion Nebulosus,Spotted Seatrout,1
Calcasieu,2000-04-11,30.04861,-93.31833,Gillnet,Pogonias Cromis,Black Drum,1
Calcasieu,2000-04-11,30.04861,-93.31833,Gillnet,Sciaenops Ocellatus,Red Drum,4
Calcasieu,2000-04-17,30.04861,-93.31833,Gillnet,Brevoortia Patronus,Gulf Menhaden,1
Calcasieu,2000-05-15,30.04861,-93.31833,Gillnet,Pogonias Cromis,Black Drum,4
Calcasieu,2000-05-15,30.04861,-93.31833,Gillnet,Sciaenops Ocellatus,Red Drum,1
Calcasieu,2000-06-07,30.04861,-93.31833,Gillnet,Pogonias Cromis,Black Drum,4
Calcasieu,2000-07-06,30.04861,-93.31833,Gillnet,Cynoscion Nebulosus,Spotted Seatrout,1
Calcasieu,2000-08-14,30.04861,-93.31833,Gillnet,Pogonias Cromis,Black Drum,4
Calcasieu,2000-09-05,30.04861,-93.31833,Gillnet,Micropogonias Undulatus,Atlantic Croaker,4
Calcasieu,2000-09-20,30.04861,-93.31833,Gillnet,Micropogonias Undulatus,Atlantic Croaker,9
Calcasieu,2000-09-20,30.04861,-93.31833,Gillnet,Pogonias Cromis,Black Drum,1
Calcasieu,2000-10-03,30.04861,-93.31833,Gillnet,Brevoortia Patronus,Gulf Menhaden,1
Calcasieu,2000-10-03,30.04861,-93.31833,Gillnet,Dorosoma Cepedianum,Gizzard Shad,13
Calcasieu,2001-01-22,30.04861,-93.31833,Gillnet,Pogonias Cromis,Black Drum,1
Calcasieu,2001-02-12,30.04861,-93.31833,Gillnet,Pogonias Cromis,Black Drum,1
Calcasieu,2001-02-12,30.04861,-93.31833,Gillnet,Sciaenops Ocellatus,Red Drum,1
Calcasieu,2001-03-13,30.04861,-93.31833,Gillnet,Cynoscion Nebulosus,Spotted Seatrout,1
Calcasieu,2001-03-13,30.04861,-93.31833,Gillnet,Pogonias Cromis,Black Drum,4
Calcasieu,2001-04-19,30.04861,-93.31833,Gillnet,Pogonias Cromis,Black Drum,1
Calcasieu,2001-04-26,30.04861,-93.31833,Gillnet,Arius Felis,Sea Catfish,1
Calcasieu,2001-04-26,30.04861,-93.31833,Gillnet,Pogonias Cromis,Black Drum,1
Calcasieu,2001-05-14,30.04861,-93.31833,Gillnet,Pogonias Cromis,Black Drum,1
Calcasieu,2001-06-11,30.04861,-93.31833,Gillnet,Pogonias Cromis,Black Drum,4
Calcasieu,2001-06-19,30.04861,-93.31833,Gillnet,Micropogonias Undulatus,Atlantic Croaker,9
Calcasieu,2001-07-03,30.04861,-93.31833,Gillnet,Cynoscion Nebulosus,Spotted Seatrout,4
Calcasieu,2001-07-03,30.04861,-93.31833,Gillnet,Pogonias Cromis,Black Drum,1
Calcasieu,2001-07-09,30.04861,-93.31833,Gillnet,Micropogonias Undulatus,Atlantic Croaker,9
Calcasieu,2001-07-09,30.04861,-93.31833,Gillnet,Pogonias Cromis,Black Drum,1
Calcasieu,2001-09-26,30.04861,-93.31833,Gillnet,Cynoscion Arenarius,Sand Seatrout,1
Calcasieu,2001-09-26,30.04861,-93.31833,Gillnet,Pogonias Cromis,Black Drum,4
Calcasieu,2001-10-02,30.04861,-93.31833,Gillnet,Micropogonias Undulatus,Atlantic Croaker,1
Calcasieu,2001-11-13,30.04861,-93.31833,Gillnet,Cynoscion Nebulosus,Spotted Seatrout,1
Calcasieu,2001-11-13,30.04861,-93.31833,Gillnet,Dorosoma Cepedianum,Gizzard Shad,1
Calcasieu,2001-11-13,30.04861,-93.31833,Gillnet,Pogonias Cromis,Black Drum,1
Calcasieu,2001-11-13,30.04861,-93.31833,Gillnet,Sciaenops Ocellatus,Red Drum,1
Calcasieu,2002-03-13,30.04861,-93.31833,Gillnet,Pogonias Cromis,Black Drum,4
Calcasieu,2002-05-28,30.04861,-93.31833,Gillnet,Cynoscion Nebulosus,Spotted Seatrout,1
Calcasieu,2002-06-18,30.04861,-93.31833,Gillnet,Cynoscion Nebulosus,Spotted Seatrout,1
Calcasieu,2002-06-18,30.04861,-93.31833,Gillnet,Dorosoma Cepedianum,Gizzard Shad,2
Calcasieu,2002-06-18,30.04861,-93.31833,Gillnet,Pogonias Cromis,Black Drum,16
Calcasieu,2002-06-18,30.04861,-93.31833,Gillnet,Sciaenops Ocellatus,Red Drum,1
Calcasieu,2002-07-17,30.04861,-93.31833,Gillnet,Dorosoma Cepedianum,Gizzard Shad,4
Calcasieu,2002-07-17,30.04861,-93.31833,Gillnet,Pogonias Cromis,Black Drum,4
Calcasieu,2002-07-23,30.04861,-93.31833,Gillnet,Micropogonias Undulatus,Atlantic Croaker,1
Calcasieu,2002-07-23,30.04861,-93.31833,Gillnet,Pogonias Cromis,Black Drum,4
Calcasieu,2002-07-23,30.04861,-93.31833,Gillnet,Sciaenops Ocellatus,Red Drum,1
Calcasieu,2002-08-19,30.04861,-93.31833,Gillnet,Dorosoma Cepedianum,Gizzard Shad,2
Calcasieu,2002-08-19,30.04861,-93.31833,Gillnet,Pogonias Cromis,Black Drum,4
Calcasieu,2002-08-27,30.04861,-93.31833,Gillnet,Pogonias Cromis,Black Drum,4
Calcasieu,2002-09-11,30.04861,-93.31833,Gillnet,Pogonias Cromis,Black Drum,1
Calcasieu,2003-01-28,30.04861,-93.31833,Gillnet,Pogonias Cromis,Black Drum,4
Calcasieu,2003-02-11,30.04861,-93.31833,Gillnet,Cynoscion Nebulosus,Spotted Seatrout,1
Calcasieu,2003-02-11,30.04861,-93.31833,Gillnet,Dorosoma Cepedianum,Gizzard Shad,2
Calcasieu,2003-02-11,30.04861,-93.31833,Gillnet,Pogonias Cromis,Black Drum,9
Calcasieu,2003-02-11,30.04861,-93.31833,Gillnet,Sciaenops Ocellatus,Red Drum,1
Calcasieu,2003-03-17,30.04861,-93.31833,Gillnet,Pogonias Cromis,Black Drum,1
Calcasieu,2003-04-14,30.04861,-93.31833,Gillnet,Micropogonias Undulatus,Atlantic Croaker,1
Calcasieu,2003-04-14,30.04861,-93.31833,Gillnet,Pogonias Cromis,Black Drum,1
Calcasieu,2003-04-22,30.04861,-93.31833,Gillnet,Pogonias Cromis,Black Drum,1
Calcasieu,2003-05-12,30.04861,-93.31833,Gillnet,Pogonias Cromis,Black Drum,9
Calcasieu,2003-05-28,30.04861,-93.31833,Gillnet,Pogonias Cromis,Black Drum,9
Calcasieu,2003-06-09,30.04861,-93.31833,Gillnet,Sciaenops Ocellatus,Red Drum,1
Calcasieu,2003-06-23,30.04861,-93.31833,Gillnet,Arius Felis,Sea Catfish,2
Calcasieu,2003-06-23,30.04861,-93.31833,Gillnet,Micropogonias Undulatus,Atlantic Croaker,1
Calcasieu,2003-07-01,30.04861,-93.31833,Gillnet,Dorosoma Cepedianum,Gizzard Shad,2
Calcasieu,2003-07-01,30.04861,-93.31833,Gillnet,Pogonias Cromis,Black Drum,1
Calcasieu,2003-08-12,30.04861,-93.31833,Gillnet,Pogonias Cromis,Black Drum,9
Calcasieu,2003-08-12,30.04861,-93.31833,Gillnet,Sciaenops Ocellatus,Red Drum,1
Calcasieu,2003-09-16,30.04861,-93.31833,Gillnet,Dorosoma Cepedianum,Gizzard Shad,1
Calcasieu,2003-09-16,30.04861,-93.31833,Gillnet,Micropogonias Undulatus,Atlantic Croaker,1
Calcasieu,2003-10-01,30.04861,-93.31833,Gillnet,Cynoscion Nebulosus,Spotted Seatrout,1
Calcasieu,2003-11-25,30.04861,-93.31833,Gillnet,Dorosoma Cepedianum,Gizzard Shad,2
Calcasieu,2003-11-25,30.04861,-93.31833,Gillnet,Micropogonias Undulatus,Atlantic Croaker,1
Calcasieu,2003-12-02,30.04861,-93.31833,Gillnet,Dorosoma Cepedianum,Gizzard Shad,5
Calcasieu,2004-01-21,30.04861,-93.31833,Gillnet,Dorosoma Cepedianum,Gizzard Shad,1
Calcasieu,2004-02-03,30.04861,-93.31833,Gillnet,Cynoscion Nebulosus,Spotted Seatrout,144
Calcasieu,2004-03-26,30.04861,-93.31833,Gillnet,Micropogonias Undulatus,Atlantic Croaker,4
Calcasieu,2004-04-01,30.04861,-93.31833,Gillnet,Dorosoma Cepedianum,Gizzard Shad,1
Calcasieu,2004-04-01,30.04861,-93.31833,Gillnet,Micropogonias Undulatus,Atlantic Croaker,4
Calcasieu,2004-04-27,30.04861,-93.31833,Gillnet,Dorosoma Cepedianum,Gizzard Shad,1
Calcasieu,2004-04-27,30.04861,-93.31833,Gillnet,Pogonias Cromis,Black Drum,4
Calcasieu,2004-05-04,30.04861,-93.31833,Gillnet,Cynoscion Nebulosus,Spotted Seatrout,1
Calcasieu,2004-05-04,30.04861,-93.31833,Gillnet,Pogonias Cromis,Black Drum,1
Calcasieu,2004-05-25,30.04861,-93.31833,Gillnet,Micropogonias Undulatus,Atlantic Croaker,4
Calcasieu,2004-06-08,30.04861,-93.31833,Gillnet,Cynoscion Nebulosus,Spotted Seatrout,1
Calcasieu,2004-06-08,30.04861,-93.31833,Gillnet,Micropogonias Undulatus,Atlantic Croaker,16
Calcasieu,2004-06-08,30.04861,-93.31833,Gillnet,Pogonias Cromis,Black Drum,1
Calcasieu,2004-06-24,30.04861,-93.31833,Gillnet,Cynoscion Nebulosus,Spotted Seatrout,1
Calcasieu,2004-06-24,30.04861,-93.31833,Gillnet,Micropogonias Undulatus,Atlantic Croaker,81
Calcasieu,2004-06-24,30.04861,-93.31833,Gillnet,Pogonias Cromis,Black Drum,1
Calcasieu,2004-07-19,30.04861,-93.31833,Gillnet,Micropogonias Undulatus,Atlantic Croaker,1
Calcasieu,2004-08-03,30.04861,-93.31833,Gillnet,Callinectes Sapidus,Blue Crab,1
Calcasieu,2004-08-03,30.04861,-93.31833,Gillnet,Cynoscion Nebulosus,Spotted Seatrout,4
Calcasieu,2004-08-03,30.04861,-93.31833,Gillnet,Micropogonias Undulatus,Atlantic Croaker,1
Calcasieu,2004-08-03,30.04861,-93.31833,Gillnet,Pogonias Cromis,Black Drum,1
Calcasieu,2004-09-03,30.04861,-93.31833,Gillnet,Dorosoma Cepedianum,Gizzard Shad,1
Calcasieu,2004-09-03,30.04861,-93.31833,Gillnet,Micropogonias Undulatus,Atlantic Croaker,1
Calcasieu,2004-10-05,30.04861,-93.31833,Gillnet,Pogonias Cromis,Black Drum,1
Calcasieu,2004-12-02,30.04861,-93.31833,Gillnet,Cynoscion Nebulosus,Spotted Seatrout,16
Calcasieu,2005-02-03,30.04861,-93.31833,Gillnet,Cynoscion Nebulosus,Spotted Seatrout,9
Calcasieu,2005-02-03,30.04861,-93.31833,Gillnet,Pogonias Cromis,Black Drum,9
Calcasieu,2005-03-23,30.04861,-93.31833,Gillnet,Cynoscion Nebulosus,Spotted Seatrout,1
Calcasieu,2005-03-23,30.04861,-93.31833,Gillnet,Pogonias Cromis,Black Drum,1
Calcasieu,2005-03-23,30.04861,-93.31833,Gillnet,Sciaenops Ocellatus,Red Drum,1
Calcasieu,2005-04-07,30.04861,-93.31833,Gillnet,Cynoscion Nebulosus,Spotted Seatrout,36
Calcasieu,2005-04-27,30.04861,-93.31833,Gillnet,Cynoscion Nebulosus,Spotted Seatrout,36
Calcasieu,2005-04-27,30.04861,-93.31833,Gillnet,Pogonias Cromis,Black Drum,1
Calcasieu,2005-05-17,30.04861,-93.31833,Gillnet,Dorosoma Cepedianum,Gizzard Shad,2
Calcasieu,2005-05-17,30.04861,-93.31833,Gillnet,Micropogonias Undulatus,Atlantic Croaker,4
Calcasieu,2005-06-01,30.04861,-93.31833,Gillnet,Micropogonias Undulatus,Atlantic Croaker,1
Calcasieu,2005-06-20,30.04861,-93.31833,Gillnet,Cynoscion Nebulosus,Spotted Seatrout,1
Calcasieu,2005-06-20,30.04861,-93.31833,Gillnet,Micropogonias Undulatus,Atlantic Croaker,4
Calcasieu,2005-07-26,30.04861,-93.31833,Gillnet,Dorosoma Cepedianum,Gizzard Shad,3
Calcasieu,2005-07-26,30.04861,-93.31833,Gillnet,Micropogonias Undulatus,Atlantic Croaker,1
Calcasieu,2005-08-02,30.04861,-93.31833,Gillnet,Arius Felis,Sea Catfish,1
Calcasieu,2005-08-02,30.04861,-93.31833,Gillnet,Micropogonias Undulatus,Atlantic Croaker,4
Calcasieu,2005-09-08,30.04861,-93.31833,Gillnet,Micropogonias Undulatus,Atlantic Croaker,1
Calcasieu,2005-10-11,30.04861,-93.31833,Gillnet,Cynoscion Nebulosus,Spotted Seatrout,4
Calcasieu,2005-11-22,30.04861,-93.31833,Gillnet,Pogonias Cromis,Black Drum,1
Calcasieu,2005-12-06,30.04861,-93.31833,Gillnet,Cynoscion Nebulosus,Spotted Seatrout,1
Calcasieu,2005-12-06,30.04861,-93.31833,Gillnet,Dorosoma Cepedianum,Gizzard Shad,1
Calcasieu,2005-12-06,30.04861,-93.31833,Gillnet,Pogonias Cromis,Black Drum,1
Calcasieu,2006-01-24,30.04861,-93.31833,Gillnet,Dorosoma Cepedianum,Gizzard Shad,2
Calcasieu,2006-02-03,30.04861,-93.31833,Gillnet,Cynoscion Nebulosus,Spotted Seatrout,9
Calcasieu,2006-03-22,30.04861,-93.31833,Gillnet,Dorosoma Cepedianum,Gizzard Shad,1
Calcasieu,2006-04-04,30.04861,-93.31833,Gillnet,Brevoortia Patronus,Gulf Menhaden,1
Calcasieu,2006-04-19,30.04861,-93.31833,Gillnet,Cynoscion Nebulosus,Spotted Seatrout,9
Calcasieu,2006-04-19,30.04861,-93.31833,Gillnet,Pogonias Cromis,Black Drum,4
Calcasieu,2006-05-12,30.04861,-93.31833,Gillnet,Cynoscion Nebulosus,Spotted Seatrout,1
Calcasieu,2006-05-12,30.04861,-93.31833,Gillnet,Micropogonias Undulatus,Atlantic Croaker,1
Calcasieu,2006-05-12,30.04861,-93.31833,Gillnet,Sciaenops Ocellatus,Red Drum,1
Calcasieu,2006-06-01,30.04861,-93.31833,Gillnet,Micropogonias Undulatus,Atlantic Croaker,1
Calcasieu,2006-06-01,30.04861,-93.31833,Gillnet,Pogonias Cromis,Black Drum,4
Calcasieu,2006-06-22,30.04861,-93.31833,Gillnet,Micropogonias Undulatus,Atlantic Croaker,1
Calcasieu,2006-07-06,30.04861,-93.31833,Gillnet,Callinectes Sapidus,Blue Crab,1
Calcasieu,2006-08-02,30.04861,-93.31833,Gillnet,Dorosoma Cepedianum,Gizzard Shad,1
Calcasieu,2006-09-14,30.04861,-93.31833,Gillnet,Brevoortia Patronus,Gulf Menhaden,1
Calcasieu,2006-09-26,30.04861,-93.31833,Gillnet,Archosargus Probatocephalus,Sheepshead,1
Calcasieu,2006-09-26,30.04861,-93.31833,Gillnet,Micropogonias Undulatus,Atlantic Croaker,4
Calcasieu,2006-09-26,30.04861,-93.31833,Gillnet,Paralichthys Lethostigma,Southern Flounder,1
Calcasieu,2006-10-04,30.04861,-93.31833,Gillnet,Micropogonias Undulatus,Atlantic Croaker,1
Calcasieu,2006-11-21,30.04861,-93.31833,Gillnet,Cynoscion Nebulosus,Spotted Seatrout,1
Calcasieu,2006-12-06,30.04861,-93.31833,Gillnet,Pogonias Cromis,Black Drum,1
Calcasieu,2007-01-18,30.04861,-93.31833,Gillnet,Dorosoma Cepedianum,Gizzard Shad,6
Calcasieu,2007-02-06,30.04861,-93.31833,Gillnet,Cynoscion Nebulosus,Spotted Seatrout,49
Calcasieu,2007-03-15,30.04861,-93.31833,Gillnet,Cynoscion Nebulosus,Spotted Seatrout,9
Calcasieu,2007-04-12,30.04861,-93.31833,Gillnet,Cynoscion Nebulosus,Spotted Seatrout,9
Calcasieu,2007-04-12,30.04861,-93.31833,Gillnet,Micropogonias Undulatus,Atlantic Croaker,1
Calcasieu,2007-04-17,30.04861,-93.31833,Gillnet,Cynoscion Nebulosus,Spotted Seatrout,1
Calcasieu,2007-04-17,30.04861,-93.31833,Gillnet,Sciaenops Ocellatus,Red Drum,1
Calcasieu,2007-05-09,30.04861,-93.31833,Gillnet,Callinectes Sapidus,Blue Crab,1
Calcasieu,2007-05-09,30.04861,-93.31833,Gillnet,Pogonias Cromis,Black Drum,4
Calcasieu,2007-05-15,30.04861,-93.31833,Gillnet,Brevoortia Patronus,Gulf Menhaden,1
Calcasieu,2007-05-15,30.04861,-93.31833,Gillnet,Cynoscion Nebulosus,Spotted Seatrout,1
Calcasieu,2007-06-12,30.04861,-93.31833,Gillnet,Arius Felis,Sea Catfish,1
Calcasieu,2007-06-12,30.04861,-93.31833,Gillnet,Cynoscion Nebulosus,Spotted Seatrout,1
Calcasieu,2007-06-12,30.04861,-93.31833,Gillnet,Pogonias Cromis,Black Drum,9
Calcasieu,2007-06-12,30.04861,-93.31833,Gillnet,Sciaenops Ocellatus,Red Drum,1
Calcasieu,2007-06-13,30.04861,-93.31833,Gillnet,Arius Felis,Sea Catfish,5
Calcasieu,2007-06-13,30.04861,-93.31833,Gillnet,Cynoscion Nebulosus,Spotted Seatrout,36
Calcasieu,2007-06-13,30.04861,-93.31833,Gillnet,Sciaenops Ocellatus,Red Drum,1
Calcasieu,2007-07-17,30.04861,-93.31833,Gillnet,Cynoscion Nebulosus,Spotted Seatrout,9
Calcasieu,2007-07-17,30.04861,-93.31833,Gillnet,Dorosoma Cepedianum,Gizzard Shad,1
Calcasieu,2007-07-17,30.04861,-93.31833,Gillnet,Sciaenops Ocellatus,Red Drum,1
Calcasieu,2007-07-31,30.04861,-93.31833,Gillnet,Pogonias Cromis,Black Drum,1
Calcasieu,2007-08-15,30.04861,-93.31833,Gillnet,Elops Saurus,Ladyfish,1
Calcasieu,2007-10-02,30.04861,-93.31833,Gillnet,Callinectes Sapidus,Blue Crab,4
Calcasieu,2007-10-02,30.04861,-93.31833,Gillnet,Cynoscion Nebulosus,Spotted Seatrout,1
Calcasieu,2007-11-28,30.04861,-93.31833,Gillnet,Cynoscion Nebulosus,Spotted Seatrout,16
Calcasieu,2007-11-28,30.04861,-93.31833,Gillnet,Dorosoma Cepedianum,Gizzard Shad,3
Calcasieu,2007-11-28,30.04861,-93.31833,Gillnet,Pogonias Cromis,Black Drum,1
Calcasieu,2007-12-05,30.04861,-93.31833,Gillnet,Cynoscion Nebulosus,Spotted Seatrout,1
Calcasieu,2007-12-05,30.04861,-93.31833,Gillnet,Pogonias Cromis,Black Drum,1
Calcasieu,2007-12-05,30.04861,-93.31833,Gillnet,Sciaenops Ocellatus,Red Drum,1
Calcasieu,2008-01-30,30.04861,-93.31833,Gillnet,Dorosoma Cepedianum,Gizzard Shad,3
Calcasieu,2008-02-07,30.04861,-93.31833,Gillnet,Pogonias Cromis,Black Drum,1
Calcasieu,2008-04-15,30.04861,-93.31833,Gillnet,Pogonias Cromis,Black Drum,1
Calcasieu,2008-05-06,30.04861,-93.31833,Gillnet,Cynoscion Nebulosus,Spotted Seatrout,1
Calcasieu,2008-05-28,30.04861,-93.31833,Gillnet,Micropogonias Undulatus,Atlantic Croaker,1
Calcasieu,2008-05-28,30.04861,-93.31833,Gillnet,Pogonias Cromis,Black Drum,1
Calcasieu,2008-06-10,30.04861,-93.31833,Gillnet,Arius Felis,Sea Catfish,1
Calcasieu,2008-06-24,30.04861,-93.31833,Gillnet,Arius Felis,Sea Catfish,1
Calcasieu,2008-06-24,30.04861,-93.31833,Gillnet,Callinectes Sapidus,Blue Crab,1
Calcasieu,2008-06-24,30.04861,-93.31833,Gillnet,Cynoscion Nebulosus,Spotted Seatrout,4
Calcasieu,2008-06-24,30.04861,-93.31833,Gillnet,Micropogonias Undulatus,Atlantic Croaker,1
Calcasieu,2008-06-24,30.04861,-93.31833,Gillnet,Pogonias Cromis,Black Drum,1
Calcasieu,2008-06-24,30.04861,-93.31833,Gillnet,Sciaenops Ocellatus,Red Drum,16
Calcasieu,2008-07-02,30.04861,-93.31833,Gillnet,Brevoortia Patronus,Gulf Menhaden,1
Calcasieu,2008-07-02,30.04861,-93.31833,Gillnet,Cynoscion Nebulosus,Spotted Seatrout,4
Calcasieu,2008-07-02,30.04861,-93.31833,Gillnet,Micropogonias Undulatus,Atlantic Croaker,1
Calcasieu,2008-07-02,30.04861,-93.31833,Gillnet,Pogonias Cromis,Black Drum,4
Calcasieu,2008-07-29,30.04861,-93.31833,Gillnet,Micropogonias Undulatus,Atlantic Croaker,4
Calcasieu,2008-07-29,30.04861,-93.31833,Gillnet,Sciaenops Ocellatus,Red Drum,1
Calcasieu,2008-08-13,30.04861,-93.31833,Gillnet,Cynoscion Nebulosus,Spotted Seatrout,1
Calcasieu,2008-08-13,30.04861,-93.31833,Gillnet,Elops Saurus,Ladyfish,1
Calcasieu,2008-08-13,30.04861,-93.31833,Gillnet,Micropogonias Undulatus,Atlantic Croaker,1
Calcasieu,2008-08-14,30.04861,-93.31833,Gillnet,Arius Felis,Sea Catfish,1
Calcasieu,2008-08-26,30.04861,-93.31833,Gillnet,Arius Felis,Sea Catfish,2
Calcasieu,2008-08-26,30.04861,-93.31833,Gillnet,Dorosoma Cepedianum,Gizzard Shad,2
Calcasieu,2008-08-26,30.04861,-93.31833,Gillnet,Pogonias Cromis,Black Drum,1
Calcasieu,2008-09-09,30.04861,-93.31833,Gillnet,Cynoscion Nebulosus,Spotted Seatrout,1
Calcasieu,2008-09-09,30.04861,-93.31833,Gillnet,Pogonias Cromis,Black Drum,16
Calcasieu,2008-09-23,30.04861,-93.31833,Gillnet,Pogonias Cromis,Black Drum,4
Calcasieu,2008-10-02,30.04861,-93.31833,Gillnet,Pogonias Cromis,Black Drum,1
Calcasieu,2008-11-19,30.04861,-93.31833,Gillnet,Cynoscion Nebulosus,Spotted Seatrout,4
Calcasieu,2008-11-19,30.04861,-93.31833,Gillnet,Dorosoma Cepedianum,Gizzard Shad,1
Calcasieu,2008-12-17,30.04861,-93.31833,Gillnet,Cynoscion Nebulosus,Spotted Seatrout,25
Calcasieu,2008-12-17,30.04861,-93.31833,Gillnet,Sciaenops Ocellatus,Red Drum,4
Calcasieu,2009-01-29,30.04861,-93.31833,Gillnet,Cynoscion Nebulosus,Spotted Seatrout,16
Calcasieu,2009-02-12,30.04861,-93.31833,Gillnet,Dorosoma Cepedianum,Gizzard Shad,3
Calcasieu,2009-04-14,30.04861,-93.31833,Gillnet,Cynoscion Nebulosus,Spotted Seatrout,1
Calcasieu,2009-04-28,30.04861,-93.31833,Gillnet,Pogonias Cromis,Black Drum,1
Calcasieu,2009-05-05,30.04861,-93.31833,Gillnet,Micropogonias Undulatus,Atlantic Croaker,1
Calcasieu,2009-05-05,30.04861,-93.31833,Gillnet,Pogonias Cromis,Black Drum,1
Calcasieu,2009-05-12,30.04861,-93.31833,Gillnet,Pogonias Cromis,Black Drum,4
Calcasieu,2009-06-02,30.04861,-93.31833,Gillnet,Dorosoma Cepedianum,Gizzard Shad,1
Calcasieu,2009-06-23,30.04861,-93.31833,Gillnet,Arius Felis,Sea Catfish,2
Calcasieu,2009-06-23,30.04861,-93.31833,Gillnet,Callinectes Sapidus,Blue Crab,1
Calcasieu,2009-06-23,30.04861,-93.31833,Gillnet,Dorosoma Cepedianum,Gizzard Shad,1
Calcasieu,2009-06-23,30.04861,-93.31833,Gillnet,Pogonias Cromis,Black Drum,4
Calcasieu,2009-07-01,30.04861,-93.31833,Gillnet,Arius Felis,Sea Catfish,3
Calcasieu,2009-07-01,30.04861,-93.31833,Gillnet,Cynoscion Nebulosus,Spotted Seatrout,1
Calcasieu,2009-07-01,30.04861,-93.31833,Gillnet,Micropogonias Undulatus,Atlantic Croaker,1
Calcasieu,2009-07-27,30.04861,-93.31833,Gillnet,Cynoscion Nebulosus,Spotted Seatrout,1
Calcasieu,2009-07-27,30.04861,-93.31833,Gillnet,Pogonias Cromis,Black Drum,25
Calcasieu,2009-08-04,30.04861,-93.31833,Gillnet,Pogonias Cromis,Black Drum,4
Calcasieu,2009-08-13,30.04861,-93.31833,Gillnet,Callinectes Sapidus,Blue Crab,1
Calcasieu,2009-08-13,30.04861,-93.31833,Gillnet,Dorosoma Cepedianum,Gizzard Shad,1
Calcasieu,2009-08-13,30.04861,-93.31833,Gillnet,Micropogonias Undulatus,Atlantic Croaker,4
Calcasieu,2009-09-02,30.04861,-93.31833,Gillnet,Caranx Hippos,Crevalle Jack,2
Calcasieu,2009-09-21,30.04861,-93.31833,Gillnet,Cynoscion Nebulosus,Spotted Seatrout,1
Calcasieu,2009-09-21,30.04861,-93.31833,Gillnet,Micropogonias Undulatus,Atlantic Croaker,4
Calcasieu,2009-10-07,30.04861,-93.31833,Gillnet,Cynoscion Nebulosus,Spotted Seatrout,1
Calcasieu,2009-10-07,30.04861,-93.31833,Gillnet,Dorosoma Cepedianum,Gizzard Shad,3
Calcasieu,2009-10-07,30.04861,-93.31833,Gillnet,Pogonias Cromis,Black Drum,1
Calcasieu,2009-12-03,30.04861,-93.31833,Gillnet,Cynoscion Nebulosus,Spotted Seatrout,121
Calcasieu,2010-02-02,30.04861,-93.31833,Gillnet,Cynoscion Nebulosus,Spotted Seatrout,1
Calcasieu,2010-03-17,30.04861,-93.31833,Gillnet,Cynoscion Nebulosus,Spotted Seatrout,1
Calcasieu,2010-04-13,30.04861,-93.31833,Gillnet,Cynoscion Nebulosus,Spotted Seatrout,1
Calcasieu,2010-06-02,30.04861,-93.31833,Gillnet,Pogonias Cromis,Black Drum,1
Calcasieu,2010-06-14,30.04861,-93.31833,Gillnet,Arius Felis,Sea Catfish,2
Calcasieu,2010-06-14,30.04861,-93.31833,Gillnet,Cynoscion Nebulosus,Spotted Seatrout,36
Calcasieu,2010-07-15,30.04861,-93.31833,Gillnet,Dorosoma Cepedianum,Gizzard Shad,2
Calcasieu,2010-07-15,30.04861,-93.31833,Gillnet,Micropogonias Undulatus,Atlantic Croaker,1
Calcasieu,2010-07-20,30.04861,-93.31833,Gillnet,Pogonias Cromis,Black Drum,1
Calcasieu,2010-08-04,30.04861,-93.31833,Gillnet,Pogonias Cromis,Black Drum,1
Calcasieu,2010-10-05,30.04861,-93.31833,Gillnet,Pogonias Cromis,Black Drum,1
Calcasieu,2010-12-02,30.04861,-93.31833,Gillnet,Cynoscion Nebulosus,Spotted Seatrout,4
Calcasieu,2010-12-02,30.04861,-93.31833,Gillnet,Dorosoma Cepedianum,Gizzard Shad,1
Calcasieu,2010-12-02,30.04861,-93.31833,Gillnet,Pogonias Cromis,Black Drum,1
Calcasieu,2011-04-12,30.04861,-93.31833,Gillnet,Pogonias Cromis,Black Drum,1
Calcasieu,2011-05-04,30.04861,-93.31833,Gillnet,Sciaenops Ocellatus,Red Drum,4
Calcasieu,2011-05-17,30.04861,-93.31833,Gillnet,Cynoscion Nebulosus,Spotted Seatrout,4
Calcasieu,2011-05-17,30.04861,-93.31833,Gillnet,Pogonias Cromis,Black Drum,1
Calcasieu,2011-06-24,30.04861,-93.31833,Gillnet,Chaetodipterus Faber,Atlantic Spadefish,1
Calcasieu,2011-07-28,30.04861,-93.31833,Gillnet,Cynoscion Nebulosus,Spotted Seatrout,1
Calcasieu,2011-11-21,30.04861,-93.31833,Gillnet,Cynoscion Nebulosus,Spotted Seatrout,1
Calcasieu,2011-11-21,30.04861,-93.31833,Gillnet,Dorosoma Cepedianum,Gizzard Shad,3
Calcasieu,2011-12-08,30.04861,-93.31833,Gillnet,Dorosoma Cepedianum,Gizzard Shad,5
Calcasieu,2012-02-06,30.04861,-93.31833,Gillnet,Dorosoma Cepedianum,Gizzard Shad,1
Calcasieu,2012-03-14,30.04861,-93.31833,Gillnet,Cynoscion Nebulosus,Spotted Seatrout,1
Calcasieu,2012-03-14,30.04861,-93.31833,Gillnet,Pogonias Cromis,Black Drum,1
Calcasieu,2012-04-09,30.04861,-93.31833,Gillnet,Cynoscion Nebulosus,Spotted Seatrout,1
Calcasieu,2012-04-09,30.04861,-93.31833,Gillnet,Pogonias Cromis,Black Drum,1
Calcasieu,2012-05-02,30.04861,-93.31833,Gillnet,Micropogonias Undulatus,Atlantic Croaker,1
Calcasieu,2012-06-20,30.04861,-93.31833,Gillnet,Archosargus Probatocephalus,Sheepshead,1
Calcasieu,2012-07-17,30.04861,-93.31833,Gillnet,Cynoscion Nebulosus,Spotted Seatrout,1
Calcasieu,2012-07-25,30.04861,-93.31833,Gillnet,Micropogonias Undulatus,Atlantic Croaker,1
Calcasieu,2012-09-20,30.04861,-93.31833,Gillnet,Micropogonias Undulatus,Atlantic Croaker,1
Calcasieu,2012-10-09,30.04861,-93.31833,Gillnet,Dorosoma Cepedianum,Gizzard Shad,3
Calcasieu,2012-11-19,30.04861,-93.31833,Gillnet,Dorosoma Cepedianum,Gizzard Shad,3
Calcasieu,2012-12-06,30.04861,-93.31833,Gillnet,Dorosoma Cepedianum,Gizzard Shad,8
Calcasieu,2013-02-14,30.04861,-93.31833,Gillnet,Cynoscion Nebulosus,Spotted Seatrout,121
Calcasieu,2013-04-15,30.04861,-93.31833,Gillnet,Cynoscion Nebulosus,Spotted Seatrout,4
Calcasieu,2013-07-23,30.04861,-93.31833,Gillnet,Archosargus Probatocephalus,Sheepshead,1
Calcasieu,2013-07-23,30.04861,-93.31833,Gillnet,Cynoscion Nebulosus,Spotted Seatrout,1
Calcasieu,2013-08-21,30.04861,-93.31833,Gillnet,Pogonias Cromis,Black Drum,1
Calcasieu,2013-11-21,30.04861,-93.31833,Gillnet,Cynoscion Nebulosus,Spotted Seatrout,4
Calcasieu,2013-12-09,30.04861,-93.31833,Gillnet,Dorosoma Cepedianum,Gizzard Shad,1
Calcasieu,2014-05-21,30.04861,-93.31833,Gillnet,Pogonias Cromis,Black Drum,1
Calcasieu,2014-05-21,30.04861,-93.31833,Gillnet,Sciaenops Ocellatus,Red Drum,1
Calcasieu,2014-08-19,30.04861,-93.31833,Gillnet,Pogonias Cromis,Black Drum,1
Calcasieu,2014-09-02,30.04861,-93.31833,Gillnet,Pogonias Cromis,Black Drum,1
Calcasieu,2014-10-07,30.04861,-93.31833,Gillnet,Chaetodipterus Faber,Atlantic Spadefish,1
Calcasieu,2014-11-03,30.04861,-93.31833,Gillnet,Cynoscion Nebulosus,Spotted Seatrout,1
Calcasieu,2014-11-03,30.04861,-93.31833,Gillnet,Micropogonias Undulatus,Atlantic Croaker,1
Calcasieu,2014-12-04,30.04861,-93.31833,Gillnet,Cynoscion Nebulosus,Spotted Seatrout,1
Calcasieu,2014-12-04,30.04861,-93.31833,Gillnet,Dorosoma Cepedianum,Gizzard Shad,2
Calcasieu,2015-01-14,30.04861,-93.31833,Gillnet,Cynoscion Nebulosus,Spotted Seatrout,1
Calcasieu,2015-03-11,30.04861,-93.31833,Gillnet,Archosargus Probatocephalus,Sheepshead,1
Calcasieu,2015-04-30,30.04861,-93.31833,Gillnet,Cynoscion Nebulosus,Spotted Seatrout,1
Calcasieu,2015-05-06,30.04861,-93.31833,Gillnet,Cynoscion Nebulosus,Spotted Seatrout,4
Calcasieu,2015-05-06,30.04861,-93.31833,Gillnet,Pogonias Cromis,Black Drum,1
Calcasieu,2016-04-05,30.04861,-93.31833,Gillnet,Pogonias Cromis,Black Drum,1
Calcasieu,2016-11-10,30.04861,-93.31833,Gillnet,Cynoscion Nebulosus,Spotted Seatrout,16
Calcasieu,2016-11-10,30.04861,-93.31833,Gillnet,Pogonias Cromis,Black Drum,1
Calcasieu,2016-12-07,30.04861,-93.31833,Gillnet,Pogonias Cromis,Black Drum,1
Calcasieu,2017-02-06,30.04861,-93.31833,Gillnet,Archosargus Probatocephalus,Sheepshead,4
Calcasieu,2017-02-06,30.04861,-93.31833,Gillnet,Pogonias Cromis,Black Drum,16
Calcasieu,2017-05-25,30.04861,-93.31833,Gillnet,Cynoscion Nebulosus,Spotted Seatrout,9
Calcasieu,2017-06-14,30.04861,-93.31833,Gillnet,Bagre Marinus,Gafftopsail Catfish,1
Calcasieu,2017-06-14,30.04861,-93.31833,Gillnet,Callinectes Sapidus,Blue Crab,1
Calcasieu,2017-07-25,30.04861,-93.31833,Gillnet,Pogonias Cromis,Black Drum,1
Calcasieu,2017-09-14,30.04861,-93.31833,Gillnet,Bagre Marinus,Gafftopsail Catfish,1
Calcasieu,2017-09-21,30.04861,-93.31833,Gillnet,Sciaenops Ocellatus,Red Drum,1
Calcasieu,2017-12-18,30.04861,-93.31833,Gillnet,Pogonias Cromis,Black Drum,9
Calcasieu,2018-04-09,30.04861,-93.31833,Gillnet,Pogonias Cromis,Black Drum,1
Calcasieu,2018-04-24,30.04861,-93.31833,Gillnet,Pogonias Cromis,Black Drum,4
Calcasieu,2018-05-22,30.04861,-93.31833,Gillnet,Pogonias Cromis,Black Drum,4
Calcasieu,2018-06-27,30.04861,-93.31833,Gillnet,Bagre Marinus,Gafftopsail Catfish,4
Calcasieu,2018-06-27,30.04861,-93.31833,Gillnet,Cynoscion Nebulosus,Spotted Seatrout,4
Calcasieu,2018-06-27,30.04861,-93.31833,Gillnet,Pogonias Cromis,Black Drum,9
Calcasieu,2018-07-26,30.04861,-93.31833,Gillnet,Micropogonias Undulatus,Atlantic Croaker,64
Calcasieu,2018-08-30,30.04861,-93.31833,Gillnet,Bagre Marinus,Gafftopsail Catfish,1
Calcasieu,2018-10-04,30.04861,-93.31833,Gillnet,Cynoscion Nebulosus,Spotted Seatrout,1
Calcasieu,2018-12-03,30.04861,-93.31833,Gillnet,Pogonias Cromis,Black Drum,1
Calcasieu,1992-05-13,29.84417,-93.25889,Gillnet,Cynoscion Nebulosus,Spotted Seatrout,1
Calcasieu,1992-09-30,29.84417,-93.25889,Gillnet,Chaetodipterus Faber,Atlantic Spadefish,1
Calcasieu,1993-04-12,29.84417,-93.25889,Gillnet,Arius Felis,Sea Catfish,11
Calcasieu,1993-08-18,29.84417,-93.25889,Gillnet,Pogonias Cromis,Black Drum,1
Calcasieu,1993-09-08,29.84417,-93.25889,Gillnet,Dorosoma Cepedianum,Gizzard Shad,2
Calcasieu,1993-11-18,29.84417,-93.25889,Gillnet,Dorosoma Cepedianum,Gizzard Shad,4
Calcasieu,1993-11-18,29.84417,-93.25889,Gillnet,Pogonias Cromis,Black Drum,1
Calcasieu,1994-04-27,29.84417,-93.25889,Gillnet,Pogonias Cromis,Black Drum,1
Calcasieu,1994-04-27,29.84417,-93.25889,Gillnet,Sciaenops Ocellatus,Red Drum,1
Calcasieu,1994-05-23,29.84417,-93.25889,Gillnet,Arius Felis,Sea Catfish,1
Calcasieu,1994-05-23,29.84417,-93.25889,Gillnet,Paralichthys Lethostigma,Southern Flounder,1
Calcasieu,1994-11-29,29.84417,-93.25889,Gillnet,Dorosoma Cepedianum,Gizzard Shad,1
Calcasieu,1994-11-29,29.84417,-93.25889,Gillnet,Leiostomus Xanthurus,Spot,1
Calcasieu,1994-12-07,29.84417,-93.25889,Gillnet,Archosargus Probatocephalus,Sheepshead,1
Calcasieu,1995-05-16,29.84417,-93.25889,Gillnet,Dorosoma Cepedianum,Gizzard Shad,1
Calcasieu,1995-06-19,29.84417,-93.25889,Gillnet,Brevoortia Patronus,Gulf Menhaden,1
Calcasieu,1995-06-19,29.84417,-93.25889,Gillnet,Sciaenops Ocellatus,Red Drum,4
Calcasieu,1995-07-19,29.84417,-93.25889,Gillnet,Dorosoma Cepedianum,Gizzard Shad,1
Calcasieu,1995-08-22,29.84417,-93.25889,Gillnet,Dorosoma Cepedianum,Gizzard Shad,5
Calcasieu,1995-09-20,29.84417,-93.25889,Gillnet,Dorosoma Cepedianum,Gizzard Shad,3
Calcasieu,1995-09-25,29.84417,-93.25889,Gillnet,Dorosoma Cepedianum,Gizzard Shad,3
Calcasieu,1995-09-25,29.84417,-93.25889,Gillnet,Sciaenops Ocellatus,Red Drum,4
Calcasieu,1995-10-09,29.84417,-93.25889,Gillnet,Sciaenops Ocellatus,Red Drum,1
Calcasieu,1995-11-15,29.84417,-93.25889,Gillnet,Archosargus Probatocephalus,Sheepshead,1
Calcasieu,1995-11-15,29.84417,-93.25889,Gillnet,Dorosoma Cepedianum,Gizzard Shad,4
Calcasieu,1995-11-15,29.84417,-93.25889,Gillnet,Mugil Cephalus,Striped Mullet,1
Calcasieu,1995-12-12,29.84417,-93.25889,Gillnet,Mugil Cephalus,Striped Mullet,1
Calcasieu,1996-05-21,29.84417,-93.25889,Gillnet,Dorosoma Cepedianum,Gizzard Shad,1
Calcasieu,1996-06-12,29.84417,-93.25889,Gillnet,Dorosoma Cepedianum,Gizzard Shad,1
Calcasieu,1996-07-09,29.84417,-93.25889,Gillnet,Dorosoma Cepedianum,Gizzard Shad,11
Calcasieu,1996-08-07,29.84417,-93.25889,Gillnet,Dorosoma Cepedianum,Gizzard Shad,3
Calcasieu,1996-09-23,29.84417,-93.25889,Gillnet,Dorosoma Cepedianum,Gizzard Shad,2
Calcasieu,1996-12-13,29.84417,-93.25889,Gillnet,Pogonias Cromis,Black Drum,1
Calcasieu,1996-12-13,29.84417,-93.25889,Gillnet,Sciaenops Ocellatus,Red Drum,16
Calcasieu,1997-01-30,29.84417,-93.25889,Gillnet,Dorosoma Cepedianum,Gizzard Shad,2
Calcasieu,1997-02-18,29.84417,-93.25889,Gillnet,Dorosoma Cepedianum,Gizzard Shad,1
Calcasieu,1997-06-19,29.84417,-93.25889,Gillnet,Dorosoma Cepedianum,Gizzard Shad,1
Calcasieu,1997-07-07,29.84417,-93.25889,Gillnet,Callinectes Sapidus,Blue Crab,1
Calcasieu,1997-07-29,29.84417,-93.25889,Gillnet,Dorosoma Cepedianum,Gizzard Shad,4
Calcasieu,1997-08-25,29.84417,-93.25889,Gillnet,Dorosoma Cepedianum,Gizzard Shad,3
Calcasieu,1997-08-25,29.84417,-93.25889,Gillnet,Micropogonias Undulatus,Atlantic Croaker,1
Calcasieu,1997-09-08,29.84417,-93.25889,Gillnet,Erroneous Entry,Erroneous Entry,1
Calcasieu,1997-09-08,29.84417,-93.25889,Gillnet,Pogonias Cromis,Black Drum,1
Calcasieu,1997-09-29,29.84417,-93.25889,Gillnet,Dorosoma Cepedianum,Gizzard Shad,2
Calcasieu,1998-01-28,29.84417,-93.25889,Gillnet,Dorosoma Cepedianum,Gizzard Shad,2
Calcasieu,1998-01-28,29.84417,-93.25889,Gillnet,Harengula Jaguana,Scaled Sardine,1
Calcasieu,1998-02-09,29.84417,-93.25889,Gillnet,Dorosoma Cepedianum,Gizzard Shad,1
Calcasieu,1998-03-26,29.84417,-93.25889,Gillnet,Sciaenops Ocellatus,Red Drum,1
Calcasieu,1998-04-20,29.84417,-93.25889,Gillnet,Dorosoma Cepedianum,Gizzard Shad,1
Calcasieu,1998-05-21,29.84417,-93.25889,Gillnet,Dorosoma Cepedianum,Gizzard Shad,1
Calcasieu,1998-06-09,29.84417,-93.25889,Gillnet,Dorosoma Cepedianum,Gizzard Shad,7
Calcasieu,1999-01-25,29.84417,-93.25889,Gillnet,Mugil Cephalus,Striped Mullet,4
Calcasieu,1999-01-25,29.84417,-93.25889,Gillnet,Paralichthys Lethostigma,Southern Flounder,1
Calcasieu,1999-02-08,29.84417,-93.25889,Gillnet,Dorosoma Cepedianum,Gizzard Shad,1
Calcasieu,1999-02-08,29.84417,-93.25889,Gillnet,Pogonias Cromis,Black Drum,1
Calcasieu,1999-03-22,29.84417,-93.25889,Gillnet,Dorosoma Cepedianum,Gizzard Shad,4
Calcasieu,1999-03-22,29.84417,-93.25889,Gillnet,Paralichthys Lethostigma,Southern Flounder,1
Calcasieu,1999-06-02,29.84417,-93.25889,Gillnet,Brevoortia Patronus,Gulf Menhaden,1
Calcasieu,1999-06-02,29.84417,-93.25889,Gillnet,Dorosoma Cepedianum,Gizzard Shad,2
Calcasieu,1999-08-03,29.84417,-93.25889,Gillnet,Dorosoma Cepedianum,Gizzard Shad,1
Calcasieu,1999-09-28,29.84417,-93.25889,Gillnet,Dorosoma Cepedianum,Gizzard Shad,3
Calcasieu,1999-11-22,29.84417,-93.25889,Gillnet,Dorosoma Cepedianum,Gizzard Shad,11
Calcasieu,2000-04-17,29.84417,-93.25889,Gillnet,Cynoscion Nebulosus,Spotted Seatrout,1
Calcasieu,2000-05-15,29.84417,-93.25889,Gillnet,Pogonias Cromis,Black Drum,4
Calcasieu,2000-05-22,29.84417,-93.25889,Gillnet,Dorosoma Cepedianum,Gizzard Shad,7
Calcasieu,2000-06-12,29.84417,-93.25889,Gillnet,Dorosoma Cepedianum,Gizzard Shad,2
Calcasieu,2000-07-06,29.84417,-93.25889,Gillnet,Cynoscion Nebulosus,Spotted Seatrout,1
Calcasieu,2000-07-17,29.84417,-93.25889,Gillnet,Arius Felis,Sea Catfish,1
Calcasieu,2000-07-17,29.84417,-93.25889,Gillnet,Dorosoma Cepedianum,Gizzard Shad,21
Calcasieu,2000-09-18,29.84417,-93.25889,Gillnet,Micropogonias Undulatus,Atlantic Croaker,1
Calcasieu,2001-04-19,29.84417,-93.25889,Gillnet,Dorosoma Cepedianum,Gizzard Shad,2
Calcasieu,2001-04-26,29.84417,-93.25889,Gillnet,Dorosoma Cepedianum,Gizzard Shad,1
Calcasieu,2001-05-29,29.84417,-93.25889,Gillnet,Bagre Marinus,Gafftopsail Catfish,1
Calcasieu,2001-05-29,29.84417,-93.25889,Gillnet,Dorosoma Cepedianum,Gizzard Shad,2
Calcasieu,2001-06-25,29.84417,-93.25889,Gillnet,Dorosoma Cepedianum,Gizzard Shad,1
Calcasieu,2001-07-05,29.84417,-93.25889,Gillnet,Dorosoma Cepedianum,Gizzard Shad,1
Calcasieu,2001-09-17,29.84417,-93.25889,Gillnet,Dorosoma Cepedianum,Gizzard Shad,1
Calcasieu,2001-09-17,29.84417,-93.25889,Gillnet,Pogonias Cromis,Black Drum,1
Calcasieu,2002-03-18,29.84417,-93.25889,Gillnet,Pogonias Cromis,Black Drum,9
Calcasieu,2002-04-15,29.84417,-93.25889,Gillnet,Cynoscion Nebulosus,Spotted Seatrout,1
Calcasieu,2002-04-15,29.84417,-93.25889,Gillnet,Pogonias Cromis,Black Drum,1
Calcasieu,2002-05-21,29.84417,-93.25889,Gillnet,Dorosoma Cepedianum,Gizzard Shad,1
Calcasieu,2002-11-20,29.84417,-93.25889,Gillnet,Dorosoma Cepedianum,Gizzard Shad,1
Calcasieu,2002-12-16,29.84417,-93.25889,Gillnet,Archosargus Probatocephalus,Sheepshead,1
Calcasieu,2003-04-14,29.84417,-93.25889,Gillnet,Pogonias Cromis,Black Drum,1
Calcasieu,2003-06-19,29.84417,-93.25889,Gillnet,Cynoscion Nebulosus,Spotted Seatrout,1
Calcasieu,2003-08-06,29.84417,-93.25889,Gillnet,Bagre Marinus,Gafftopsail Catfish,4
Calcasieu,2003-09-23,29.84417,-93.25889,Gillnet,Pogonias Cromis,Black Drum,1
Calcasieu,2004-04-07,29.84417,-93.25889,Gillnet,Mugil Cephalus,Striped Mullet,1
Calcasieu,2004-04-15,29.84417,-93.25889,Gillnet,Cynoscion Nebulosus,Spotted Seatrout,1
Calcasieu,2004-05-11,29.84417,-93.25889,Gillnet,Micropogonias Undulatus,Atlantic Croaker,1
Calcasieu,2004-05-19,29.84417,-93.25889,Gillnet,Bagre Marinus,Gafftopsail Catfish,3
Calcasieu,2004-05-19,29.84417,-93.25889,Gillnet,Brevoortia Patronus,Gulf Menhaden,1
Calcasieu,2004-06-02,29.84417,-93.25889,Gillnet,Pogonias Cromis,Black Drum,1
Calcasieu,2004-07-22,29.84417,-93.25889,Gillnet,Bagre Marinus,Gafftopsail Catfish,1
Calcasieu,2004-07-22,29.84417,-93.25889,Gillnet,Elops Saurus,Ladyfish,1
Calcasieu,2004-12-07,29.84417,-93.25889,Gillnet,Dorosoma Cepedianum,Gizzard Shad,1
Calcasieu,2005-03-21,29.84417,-93.25889,Gillnet,Arius Felis,Sea Catfish,1
Calcasieu,2005-03-21,29.84417,-93.25889,Gillnet,Paralichthys Lethostigma,Southern Flounder,1
Calcasieu,2005-04-12,29.84417,-93.25889,Gillnet,Cynoscion Nebulosus,Spotted Seatrout,1
Calcasieu,2005-04-12,29.84417,-93.25889,Gillnet,Pogonias Cromis,Black Drum,4
Calcasieu,2005-08-09,29.84417,-93.25889,Gillnet,Elops Saurus,Ladyfish,1
Calcasieu,2005-10-18,29.84417,-93.25889,Gillnet,Atractosteus Spatula,Alligator Gar,1
Calcasieu,2006-07-18,29.84417,-93.25889,Gillnet,Bagre Marinus,Gafftopsail Catfish,4
Calcasieu,2006-09-27,29.84417,-93.25889,Gillnet,Callinectes Sapidus,Blue Crab,1
Calcasieu,2006-09-27,29.84417,-93.25889,Gillnet,Cynoscion Arenarius,Sand Seatrout,1
Calcasieu,2007-02-22,29.84417,-93.25889,Gillnet,Pogonias Cromis,Black Drum,1
Calcasieu,2007-04-11,29.84417,-93.25889,Gillnet,Arius Felis,Sea Catfish,1
Calcasieu,2007-04-11,29.84417,-93.25889,Gillnet,Cynoscion Nebulosus,Spotted Seatrout,1
Calcasieu,2007-04-11,29.84417,-93.25889,Gillnet,Pogonias Cromis,Black Drum,1
Calcasieu,2007-05-22,29.84417,-93.25889,Gillnet,Cynoscion Nebulosus,Spotted Seatrout,4
Calcasieu,2007-06-05,29.84417,-93.25889,Gillnet,Bagre Marinus,Gafftopsail Catfish,1
Calcasieu,2007-06-05,29.84417,-93.25889,Gillnet,Cynoscion Nebulosus,Spotted Seatrout,1
Calcasieu,2007-07-09,29.84417,-93.25889,Gillnet,Bagre Marinus,Gafftopsail Catfish,1
Calcasieu,2007-07-24,29.84417,-93.25889,Gillnet,Bagre Marinus,Gafftopsail Catfish,1
Calcasieu,2007-08-07,29.84417,-93.25889,Gillnet,Bagre Marinus,Gafftopsail Catfish,4
Calcasieu,2007-08-21,29.84417,-93.25889,Gillnet,Bagre Marinus,Gafftopsail Catfish,1
Calcasieu,2007-12-10,29.84417,-93.25889,Gillnet,Mugil Cephalus,Striped Mullet,1
Calcasieu,2008-01-22,29.84417,-93.25889,Gillnet,Pogonias Cromis,Black Drum,1
Calcasieu,2008-02-15,29.84417,-93.25889,Gillnet,Pogonias Cromis,Black Drum,1
Calcasieu,2008-03-26,29.84417,-93.25889,Gillnet,Arius Felis,Sea Catfish,2
Calcasieu,2008-03-26,29.84417,-93.25889,Gillnet,Callinectes Sapidus,Blue Crab,1
Calcasieu,2008-03-26,29.84417,-93.25889,Gillnet,Pogonias Cromis,Black Drum,1
Calcasieu,2008-04-08,29.84417,-93.25889,Gillnet,Pogonias Cromis,Black Drum,1
Calcasieu,2008-05-21,29.84417,-93.25889,Gillnet,Arius Felis,Sea Catfish,1
Calcasieu,2008-05-21,29.84417,-93.25889,Gillnet,Bagre Marinus,Gafftopsail Catfish,1
Calcasieu,2008-06-03,29.84417,-93.25889,Gillnet,Cynoscion Nebulosus,Spotted Seatrout,1
Calcasieu,2008-06-03,29.84417,-93.25889,Gillnet,Pogonias Cromis,Black Drum,9
Calcasieu,2008-09-25,29.84417,-93.25889,Gillnet,Callinectes Sapidus,Blue Crab,1
Calcasieu,2008-10-09,29.84417,-93.25889,Gillnet,Atractosteus Spatula,Alligator Gar,1
Calcasieu,2008-12-15,29.84417,-93.25889,Gillnet,Cynoscion Nebulosus,Spotted Seatrout,1
Calcasieu,2008-12-15,29.84417,-93.25889,Gillnet,Pogonias Cromis,Black Drum,36
Calcasieu,2009-04-15,29.84417,-93.25889,Gillnet,Arius Felis,Sea Catfish,1
Calcasieu,2009-06-03,29.84417,-93.25889,Gillnet,Bagre Marinus,Gafftopsail Catfish,1
Calcasieu,2009-07-14,29.84417,-93.25889,Gillnet,Bagre Marinus,Gafftopsail Catfish,1
Calcasieu,2009-07-22,29.84417,-93.25889,Gillnet,Callinectes Sapidus,Blue Crab,1
Calcasieu,2009-08-11,29.84417,-93.25889,Gillnet,Pogonias Cromis,Black Drum,4
Calcasieu,2010-01-21,29.84417,-93.25889,Gillnet,Pogonias Cromis,Black Drum,1
Calcasieu,2010-01-21,29.84417,-93.25889,Gillnet,Sciaenops Ocellatus,Red Drum,1
Calcasieu,2010-02-10,29.84417,-93.25889,Gillnet,Pogonias Cromis,Black Drum,1
Calcasieu,2010-03-30,29.84417,-93.25889,Gillnet,Arius Felis,Sea Catfish,3
Calcasieu,2010-04-21,29.84417,-93.25889,Gillnet,Bagre Marinus,Gafftopsail Catfish,1
Calcasieu,2010-07-12,29.84417,-93.25889,Gillnet,Paralichthys Lethostigma,Southern Flounder,1
Calcasieu,2010-07-29,29.84417,-93.25889,Gillnet,Bagre Marinus,Gafftopsail Catfish,1
Calcasieu,2010-07-29,29.84417,-93.25889,Gillnet,Pogonias Cromis,Black Drum,1
Calcasieu,2010-11-23,29.84417,-93.25889,Gillnet,Cynoscion Arenarius,Sand Seatrout,1
Calcasieu,2011-04-13,29.84417,-93.25889,Gillnet,Cynoscion Nebulosus,Spotted Seatrout,1
Calcasieu,2011-05-17,29.84417,-93.25889,Gillnet,Bagre Marinus,Gafftopsail Catfish,1
Calcasieu,2011-06-08,29.84417,-93.25889,Gillnet,Bagre Marinus,Gafftopsail Catfish,4
Calcasieu,2011-06-15,29.84417,-93.25889,Gillnet,Atractosteus Spatula,Alligator Gar,9
Calcasieu,2011-07-08,29.84417,-93.25889,Gillnet,Bagre Marinus,Gafftopsail Catfish,4
Calcasieu,2011-07-27,29.84417,-93.25889,Gillnet,Bagre Marinus,Gafftopsail Catfish,4
Calcasieu,2011-08-05,29.84417,-93.25889,Gillnet,Bagre Marinus,Gafftopsail Catfish,1
Calcasieu,2011-08-23,29.84417,-93.25889,Gillnet,Bagre Marinus,Gafftopsail Catfish,1
Calcasieu,2011-09-13,29.84417,-93.25889,Gillnet,Bagre Marinus,Gafftopsail Catfish,1
Calcasieu,2012-01-23,29.84417,-93.25889,Gillnet,Pogonias Cromis,Black Drum,1
Calcasieu,2012-02-08,29.84417,-93.25889,Gillnet,Arius Felis,Sea Catfish,2
Calcasieu,2012-03-27,29.84417,-93.25889,Gillnet,Pogonias Cromis,Black Drum,1
Calcasieu,2012-04-10,29.84417,-93.25889,Gillnet,Pogonias Cromis,Black Drum,1
Calcasieu,2012-05-03,29.84417,-93.25889,Gillnet,Arius Felis,Sea Catfish,4
Calcasieu,2012-05-03,29.84417,-93.25889,Gillnet,Bagre Marinus,Gafftopsail Catfish,9
Calcasieu,2012-07-30,29.84417,-93.25889,Gillnet,Bagre Marinus,Gafftopsail Catfish,1
Calcasieu,2012-08-02,29.84417,-93.25889,Gillnet,Bagre Marinus,Gafftopsail Catfish,1
Calcasieu,2012-10-17,29.84417,-93.25889,Gillnet,Bagre Marinus,Gafftopsail Catfish,9
Calcasieu,2013-05-13,29.84417,-93.25889,Gillnet,Bagre Marinus,Gafftopsail Catfish,1
Calcasieu,2013-05-24,29.84417,-93.25889,Gillnet,Bagre Marinus,Gafftopsail Catfish,1
Calcasieu,2013-07-19,29.84417,-93.25889,Gillnet,Bagre Marinus,Gafftopsail Catfish,9
Calcasieu,2013-10-02,29.84417,-93.25889,Gillnet,Bagre Marinus,Gafftopsail Catfish,1
Calcasieu,2015-07-21,29.84417,-93.25889,Gillnet,Bagre Marinus,Gafftopsail Catfish,9
Calcasieu,2015-07-21,29.84417,-93.25889,Gillnet,Cynoscion Arenarius,Sand Seatrout,1
Calcasieu,2015-08-03,29.84417,-93.25889,Gillnet,Bagre Marinus,Gafftopsail Catfish,1
Calcasieu,2015-09-08,29.84417,-93.25889,Gillnet,Bagre Marinus,Gafftopsail Catfish,1
Calcasieu,2016-07-07,29.84417,-93.25889,Gillnet,Bagre Marinus,Gafftopsail Catfish,1
Calcasieu,2016-07-20,29.84417,-93.25889,Gillnet,Cynoscion Nebulosus,Spotted Seatrout,1
Calcasieu,2016-08-18,29.84417,-93.25889,Gillnet,Bagre Marinus,Gafftopsail Catfish,1
Calcasieu,2016-09-21,29.84417,-93.25889,Gillnet,Bagre Marinus,Gafftopsail Catfish,1
Calcasieu,2017-06-27,29.84417,-93.25889,Gillnet,Bagre Marinus,Gafftopsail Catfish,1
Calcasieu,2017-06-27,29.84417,-93.25889,Gillnet,Callinectes Sapidus,Blue Crab,1
Calcasieu,2017-07-26,29.84417,-93.25889,Gillnet,Cynoscion Nebulosus,Spotted Seatrout,1
Calcasieu,2017-10-19,29.84417,-93.25889,Gillnet,Bagre Marinus,Gafftopsail Catfish,1
Calcasieu,2018-05-21,29.84417,-93.25889,Gillnet,Arius Felis,Sea Catfish,1
Calcasieu,2018-05-21,29.84417,-93.25889,Gillnet,Micropogonias Undulatus,Atlantic Croaker,1
Calcasieu,2018-06-14,29.84417,-93.25889,Gillnet,Arius Felis,Sea Catfish,1
Calcasieu,2018-06-26,29.84417,-93.25889,Gillnet,Bagre Marinus,Gafftopsail Catfish,1
Calcasieu,2018-07-18,29.84417,-93.25889,Gillnet,Bagre Marinus,Gafftopsail Catfish,1
Calcasieu,2018-07-26,29.84417,-93.25889,Gillnet,Bagre Marinus,Gafftopsail Catfish,1
Calcasieu,2018-10-12,29.84417,-93.25889,Gillnet,Bagre Marinus,Gafftopsail Catfish,1
Calcasieu,2018-11-08,29.84417,-93.25889,Gillnet,Bagre Marinus,Gafftopsail Catfish,1
Calcasieu,2018-11-08,29.84417,-93.25889,Gillnet,Cynoscion Arenarius,Sand Seatrout,1
Calcasieu,1992-01-15,29.97694,-93.27306,Gillnet,Dorosoma Cepedianum,Gizzard Shad,1
Calcasieu,1992-01-30,29.97694,-93.27306,Gillnet,Dorosoma Cepedianum,Gizzard Shad,3
Calcasieu,1992-03-12,29.97694,-93.27306,Gillnet,Micropogonias Undulatus,Atlantic Croaker,1
Calcasieu,1992-03-26,29.97694,-93.27306,Gillnet,Arius Felis,Sea Catfish,3
Calcasieu,1992-03-26,29.97694,-93.27306,Gillnet,Dorosoma Cepedianum,Gizzard Shad,3
Calcasieu,1992-04-28,29.97694,-93.27306,Gillnet,Lepisosteus Spp,Gar Spp,1
Calcasieu,1992-04-28,29.97694,-93.27306,Gillnet,Sciaenops Ocellatus,Red Drum,1
Calcasieu,1992-05-07,29.97694,-93.27306,Gillnet,Arius Felis,Sea Catfish,1
Calcasieu,1992-05-07,29.97694,-93.27306,Gillnet,Sciaenops Ocellatus,Red Drum,1
Calcasieu,1992-05-27,29.97694,-93.27306,Gillnet,Cynoscion Arenarius,Sand Seatrout,1
Calcasieu,1992-05-27,29.97694,-93.27306,Gillnet,Micropogonias Undulatus,Atlantic Croaker,1
Calcasieu,1992-06-09,29.97694,-93.27306,Gillnet,Dorosoma Cepedianum,Gizzard Shad,1
Calcasieu,1992-06-09,29.97694,-93.27306,Gillnet,Pogonias Cromis,Black Drum,1
Calcasieu,1992-06-18,29.97694,-93.27306,Gillnet,Dorosoma Cepedianum,Gizzard Shad,5
Calcasieu,1992-06-18,29.97694,-93.27306,Gillnet,Micropogonias Undulatus,Atlantic Croaker,1
Calcasieu,1992-06-18,29.97694,-93.27306,Gillnet,Pogonias Cromis,Black Drum,196
Calcasieu,1992-07-28,29.97694,-93.27306,Gillnet,Arius Felis,Sea Catfish,1
Calcasieu,1992-07-28,29.97694,-93.27306,Gillnet,Bagre Marinus,Gafftopsail Catfish,1
Calcasieu,1992-07-28,29.97694,-93.27306,Gillnet,Micropogonias Undulatus,Atlantic Croaker,1
Calcasieu,1992-07-28,29.97694,-93.27306,Gillnet,Pogonias Cromis,Black Drum,16
Calcasieu,1992-08-04,29.97694,-93.27306,Gillnet,Cynoscion Nebulosus,Spotted Seatrout,1
Calcasieu,1992-08-04,29.97694,-93.27306,Gillnet,Dorosoma Cepedianum,Gizzard Shad,1
Calcasieu,1992-08-04,29.97694,-93.27306,Gillnet,Micropogonias Undulatus,Atlantic Croaker,4
Calcasieu,1992-08-04,29.97694,-93.27306,Gillnet,Pogonias Cromis,Black Drum,1
Calcasieu,1992-08-06,29.97694,-93.27306,Gillnet,Pogonias Cromis,Black Drum,1
Calcasieu,1992-09-17,29.97694,-93.27306,Gillnet,Dorosoma Cepedianum,Gizzard Shad,1
Calcasieu,1993-01-06,29.97694,-93.27306,Gillnet,Dorosoma Cepedianum,Gizzard Shad,2
Calcasieu,1993-03-10,29.97694,-93.27306,Gillnet,Dorosoma Cepedianum,Gizzard Shad,9
Calcasieu,1993-05-11,29.97694,-93.27306,Gillnet,Dorosoma Cepedianum,Gizzard Shad,1
Calcasieu,1993-05-26,29.97694,-93.27306,Gillnet,Arius Felis,Sea Catfish,1
Calcasieu,1993-05-26,29.97694,-93.27306,Gillnet,Sciaenops Ocellatus,Red Drum,1
Calcasieu,1993-06-25,29.97694,-93.27306,Gillnet,Dorosoma Cepedianum,Gizzard Shad,1
Calcasieu,1993-11-17,29.97694,-93.27306,Gillnet,Mugil Cephalus,Striped Mullet,1
Calcasieu,1993-11-17,29.97694,-93.27306,Gillnet,Pogonias Cromis,Black Drum,1
Calcasieu,1994-04-19,29.97694,-93.27306,Gillnet,Dorosoma Cepedianum,Gizzard Shad,1
Calcasieu,1994-05-09,29.97694,-93.27306,Gillnet,Sciaenops Ocellatus,Red Drum,4
Calcasieu,1994-06-07,29.97694,-93.27306,Gillnet,Dorosoma Cepedianum,Gizzard Shad,1
Calcasieu,1994-09-15,29.97694,-93.27306,Gillnet,Micropogonias Undulatus,Atlantic Croaker,1
Calcasieu,1994-09-19,29.97694,-93.27306,Gillnet,Dorosoma Cepedianum,Gizzard Shad,1
Calcasieu,1994-09-19,29.97694,-93.27306,Gillnet,Micropogonias Undulatus,Atlantic Croaker,1
Calcasieu,1994-11-29,29.97694,-93.27306,Gillnet,Dorosoma Cepedianum,Gizzard Shad,2
Calcasieu,1995-01-25,29.97694,-93.27306,Gillnet,Dorosoma Cepedianum,Gizzard Shad,1
Calcasieu,1995-03-21,29.97694,-93.27306,Gillnet,Dorosoma Cepedianum,Gizzard Shad,1
Calcasieu,1995-04-03,29.97694,-93.27306,Gillnet,Arius Felis,Sea Catfish,1
Calcasieu,1995-08-15,29.97694,-93.27306,Gillnet,Sciaenops Ocellatus,Red Drum,1
Calcasieu,1995-11-20,29.97694,-93.27306,Gillnet,Dorosoma Cepedianum,Gizzard Shad,9
Calcasieu,1995-11-20,29.97694,-93.27306,Gillnet,Mugil Cephalus,Striped Mullet,1
Calcasieu,1995-11-20,29.97694,-93.27306,Gillnet,Sciaenops Ocellatus,Red Drum,1
Calcasieu,1996-01-29,29.97694,-93.27306,Gillnet,Cynoscion Nebulosus,Spotted Seatrout,9
Calcasieu,1996-03-21,29.97694,-93.27306,Gillnet,Dorosoma Cepedianum,Gizzard Shad,1
Calcasieu,1996-04-16,29.97694,-93.27306,Gillnet,Dorosoma Cepedianum,Gizzard Shad,2
Calcasieu,1996-05-14,29.97694,-93.27306,Gillnet,Arius Felis,Sea Catfish,1
Calcasieu,1996-05-14,29.97694,-93.27306,Gillnet,Dorosoma Cepedianum,Gizzard Shad,3
Calcasieu,1996-05-14,29.97694,-93.27306,Gillnet,Micropogonias Undulatus,Atlantic Croaker,1
Calcasieu,1996-07-15,29.97694,-93.27306,Gillnet,Dorosoma Cepedianum,Gizzard Shad,1
Calcasieu,1996-07-24,29.97694,-93.27306,Gillnet,Dorosoma Cepedianum,Gizzard Shad,4
Calcasieu,1996-08-01,29.97694,-93.27306,Gillnet,Lagodon Rhomboides,Pinfish,1
Calcasieu,1996-08-26,29.97694,-93.27306,Gillnet,Micropogonias Undulatus,Atlantic Croaker,1
Calcasieu,1996-09-10,29.97694,-93.27306,Gillnet,Dorosoma Cepedianum,Gizzard Shad,1
Calcasieu,1996-09-18,29.97694,-93.27306,Gillnet,Dorosoma Cepedianum,Gizzard Shad,1
Calcasieu,1996-11-19,29.97694,-93.27306,Gillnet,Dorosoma Cepedianum,Gizzard Shad,5
Calcasieu,1996-11-19,29.97694,-93.27306,Gillnet,Pogonias Cromis,Black Drum,1
Calcasieu,1997-01-30,29.97694,-93.27306,Gillnet,Dorosoma Cepedianum,Gizzard Shad,49
Calcasieu,1997-02-06,29.97694,-93.27306,Gillnet,Cynoscion Nebulosus,Spotted Seatrout,4
Calcasieu,1997-02-06,29.97694,-93.27306,Gillnet,Dorosoma Cepedianum,Gizzard Shad,2
Calcasieu,1997-02-06,29.97694,-93.27306,Gillnet,Micropogonias Undulatus,Atlantic Croaker,9
Calcasieu,1997-03-20,29.97694,-93.27306,Gillnet,Archosargus Probatocephalus,Sheepshead,1
Calcasieu,1997-03-20,29.97694,-93.27306,Gillnet,Cynoscion Nebulosus,Spotted Seatrout,25
Calcasieu,1997-03-20,29.97694,-93.27306,Gillnet,Micropogonias Undulatus,Atlantic Croaker,9
Calcasieu,1997-05-29,29.97694,-93.27306,Gillnet,Dorosoma Cepedianum,Gizzard Shad,4
Calcasieu,1997-05-29,29.97694,-93.27306,Gillnet,Micropogonias Undulatus,Atlantic Croaker,1
Calcasieu,1997-06-06,29.97694,-93.27306,Gillnet,Dorosoma Cepedianum,Gizzard Shad,19
Calcasieu,1997-06-23,29.97694,-93.27306,Gillnet,Dorosoma Cepedianum,Gizzard Shad,1
Calcasieu,1997-07-02,29.97694,-93.27306,Gillnet,Dorosoma Cepedianum,Gizzard Shad,1
Calcasieu,1997-10-06,29.97694,-93.27306,Gillnet,Dorosoma Cepedianum,Gizzard Shad,7
Calcasieu,1997-12-01,29.97694,-93.27306,Gillnet,Archosargus Probatocephalus,Sheepshead,1
Calcasieu,1998-02-04,29.97694,-93.27306,Gillnet,Micropogonias Undulatus,Atlantic Croaker,2
Calcasieu,1998-03-18,29.97694,-93.27306,Gillnet,Micropogonias Undulatus,Atlantic Croaker,4
Calcasieu,1998-04-20,29.97694,-93.27306,Gillnet,Dorosoma Cepedianum,Gizzard Shad,9
Calcasieu,1998-05-19,29.97694,-93.27306,Gillnet,Pogonias Cromis,Black Drum,1
Calcasieu,1998-06-23,29.97694,-93.27306,Gillnet,Callinectes Sapidus,Blue Crab,1
Calcasieu,1998-08-18,29.97694,-93.27306,Gillnet,Dorosoma Cepedianum,Gizzard Shad,1
Calcasieu,1998-10-16,29.97694,-93.27306,Gillnet,Dorosoma Cepedianum,Gizzard Shad,1
Calcasieu,1999-01-25,29.97694,-93.27306,Gillnet,Archosargus Probatocephalus,Sheepshead,1
Calcasieu,1999-01-25,29.97694,-93.27306,Gillnet,Cynoscion Nebulosus,Spotted Seatrout,1
Calcasieu,1999-01-25,29.97694,-93.27306,Gillnet,Pogonias Cromis,Black Drum,9
Calcasieu,1999-02-01,29.97694,-93.27306,Gillnet,Pogonias Cromis,Black Drum,1
Calcasieu,1999-04-06,29.97694,-93.27306,Gillnet,Sciaenops Ocellatus,Red Drum,1
Calcasieu,1999-04-27,29.97694,-93.27306,Gillnet,Micropogonias Undulatus,Atlantic Croaker,1
Calcasieu,1999-06-15,29.97694,-93.27306,Gillnet,Dorosoma Cepedianum,Gizzard Shad,1
Calcasieu,1999-06-15,29.97694,-93.27306,Gillnet,Micropogonias Undulatus,Atlantic Croaker,1
Calcasieu,1999-08-10,29.97694,-93.27306,Gillnet,Micropogonias Undulatus,Atlantic Croaker,1
Calcasieu,1999-09-07,29.97694,-93.27306,Gillnet,Pogonias Cromis,Black Drum,1
Calcasieu,2000-05-10,29.97694,-93.27306,Gillnet,Lepisosteus Spp,Gar Spp,1
Calcasieu,2000-06-07,29.97694,-93.27306,Gillnet,Micropogonias Undulatus,Atlantic Croaker,1
Calcasieu,2000-09-05,29.97694,-93.27306,Gillnet,Micropogonias Undulatus,Atlantic Croaker,1
Calcasieu,2001-03-13,29.97694,-93.27306,Gillnet,Dorosoma Cepedianum,Gizzard Shad,1
Calcasieu,2001-04-26,29.97694,-93.27306,Gillnet,Pogonias Cromis,Black Drum,1
Calcasieu,2001-05-09,29.97694,-93.27306,Gillnet,Pogonias Cromis,Black Drum,4
Calcasieu,2001-05-09,29.97694,-93.27306,Gillnet,Sciaenops Ocellatus,Red Drum,1
Calcasieu,2001-06-11,29.97694,-93.27306,Gillnet,Pogonias Cromis,Black Drum,4
Calcasieu,2001-08-16,29.97694,-93.27306,Gillnet,Micropogonias Undulatus,Atlantic Croaker,4
Calcasieu,2001-08-16,29.97694,-93.27306,Gillnet,Pogonias Cromis,Black Drum,16
Calcasieu,2001-11-13,29.97694,-93.27306,Gillnet,Dorosoma Cepedianum,Gizzard Shad,2
Calcasieu,2002-02-13,29.97694,-93.27306,Gillnet,Dorosoma Cepedianum,Gizzard Shad,5
Calcasieu,2002-04-10,29.97694,-93.27306,Gillnet,Dorosoma Cepedianum,Gizzard Shad,2
Calcasieu,2002-06-18,29.97694,-93.27306,Gillnet,Dorosoma Cepedianum,Gizzard Shad,1
Calcasieu,2002-08-19,29.97694,-93.27306,Gillnet,Dorosoma Cepedianum,Gizzard Shad,1
Calcasieu,2002-09-27,29.97694,-93.27306,Gillnet,Dorosoma Cepedianum,Gizzard Shad,1
Calcasieu,2002-11-14,29.97694,-93.27306,Gillnet,Dorosoma Cepedianum,Gizzard Shad,1
Calcasieu,2003-03-17,29.97694,-93.27306,Gillnet,Dorosoma Cepedianum,Gizzard Shad,1
Calcasieu,2003-03-17,29.97694,-93.27306,Gillnet,Micropogonias Undulatus,Atlantic Croaker,1
Calcasieu,2003-04-14,29.97694,-93.27306,Gillnet,Cynoscion Nebulosus,Spotted Seatrout,1
Calcasieu,2003-04-14,29.97694,-93.27306,Gillnet,Dorosoma Cepedianum,Gizzard Shad,16
Calcasieu,2003-04-22,29.97694,-93.27306,Gillnet,Cynoscion Nebulosus,Spotted Seatrout,4
Calcasieu,2003-06-23,29.97694,-93.27306,Gillnet,Dorosoma Cepedianum,Gizzard Shad,1
Calcasieu,2003-09-03,29.97694,-93.27306,Gillnet,Micropogonias Undulatus,Atlantic Croaker,4
Calcasieu,2003-09-03,29.97694,-93.27306,Gillnet,Pogonias Cromis,Black Drum,9
Calcasieu,2003-09-16,29.97694,-93.27306,Gillnet,Pogonias Cromis,Black Drum,4
Calcasieu,2003-10-01,29.97694,-93.27306,Gillnet,Dorosoma Cepedianum,Gizzard Shad,4
Calcasieu,2004-03-26,29.97694,-93.27306,Gillnet,Dorosoma Cepedianum,Gizzard Shad,18
Calcasieu,2004-06-08,29.97694,-93.27306,Gillnet,Callinectes Sapidus,Blue Crab,1
Calcasieu,2004-07-19,29.97694,-93.27306,Gillnet,Micropogonias Undulatus,Atlantic Croaker,1
Calcasieu,2004-07-19,29.97694,-93.27306,Gillnet,Pogonias Cromis,Black Drum,1
Calcasieu,2004-07-26,29.97694,-93.27306,Gillnet,Callinectes Sapidus,Blue Crab,1
Calcasieu,2004-07-26,29.97694,-93.27306,Gillnet,Pogonias Cromis,Black Drum,1
Calcasieu,2004-08-16,29.97694,-93.27306,Gillnet,Pogonias Cromis,Black Drum,1
Calcasieu,2004-11-29,29.97694,-93.27306,Gillnet,Pogonias Cromis,Black Drum,4
Calcasieu,2004-12-02,29.97694,-93.27306,Gillnet,Cynoscion Nebulosus,Spotted Seatrout,1
Calcasieu,2004-12-02,29.97694,-93.27306,Gillnet,Pogonias Cromis,Black Drum,1
Calcasieu,2005-09-08,29.97694,-93.27306,Gillnet,Cynoscion Nebulosus,Spotted Seatrout,1
Calcasieu,2005-09-08,29.97694,-93.27306,Gillnet,Pogonias Cromis,Black Drum,4
Calcasieu,2005-09-20,29.97694,-93.27306,Gillnet,Pogonias Cromis,Black Drum,1
Calcasieu,2005-10-11,29.97694,-93.27306,Gillnet,Brevoortia Patronus,Gulf Menhaden,1
Calcasieu,2005-10-11,29.97694,-93.27306,Gillnet,Sciaenops Ocellatus,Red Drum,1
Calcasieu,2005-11-22,29.97694,-93.27306,Gillnet,Pogonias Cromis,Black Drum,9
Calcasieu,2005-12-06,29.97694,-93.27306,Gillnet,Pogonias Cromis,Black Drum,1
Calcasieu,2006-01-24,29.97694,-93.27306,Gillnet,Pogonias Cromis,Black Drum,1
Calcasieu,2006-02-03,29.97694,-93.27306,Gillnet,Pogonias Cromis,Black Drum,1
Calcasieu,2006-04-04,29.97694,-93.27306,Gillnet,Pogonias Cromis,Black Drum,4
Calcasieu,2006-04-19,29.97694,-93.27306,Gillnet,Paralichthys Lethostigma,Southern Flounder,1
Calcasieu,2006-06-01,29.97694,-93.27306,Gillnet,Callinectes Sapidus,Blue Crab,1
Calcasieu,2006-07-07,29.97694,-93.27306,Gillnet,Pogonias Cromis,Black Drum,1
Calcasieu,2006-07-31,29.97694,-93.27306,Gillnet,Pogonias Cromis,Black Drum,16
Calcasieu,2006-08-02,29.97694,-93.27306,Gillnet,Micropogonias Undulatus,Atlantic Croaker,1
Calcasieu,2006-09-14,29.97694,-93.27306,Gillnet,Pogonias Cromis,Black Drum,1
Calcasieu,2006-11-21,29.97694,-93.27306,Gillnet,Cynoscion Nebulosus,Spotted Seatrout,1
Calcasieu,2006-11-21,29.97694,-93.27306,Gillnet,Dorosoma Cepedianum,Gizzard Shad,1
Calcasieu,2006-11-21,29.97694,-93.27306,Gillnet,Pogonias Cromis,Black Drum,1
Calcasieu,2007-01-18,29.97694,-93.27306,Gillnet,Sciaenops Ocellatus,Red Drum,1
Calcasieu,2007-03-15,29.97694,-93.27306,Gillnet,Callinectes Sapidus,Blue Crab,1
Calcasieu,2007-03-15,29.97694,-93.27306,Gillnet,Pogonias Cromis,Black Drum,1
Calcasieu,2007-04-12,29.97694,-93.27306,Gillnet,Pogonias Cromis,Black Drum,1
Calcasieu,2007-07-17,29.97694,-93.27306,Gillnet,Arius Felis,Sea Catfish,1
Calcasieu,2007-07-17,29.97694,-93.27306,Gillnet,Pogonias Cromis,Black Drum,36
Calcasieu,2007-07-17,29.97694,-93.27306,Gillnet,Sciaenops Ocellatus,Red Drum,9
Calcasieu,2007-09-11,29.97694,-93.27306,Gillnet,Callinectes Sapidus,Blue Crab,1
Calcasieu,2007-10-02,29.97694,-93.27306,Gillnet,Bagre Marinus,Gafftopsail Catfish,1
Calcasieu,2007-10-02,29.97694,-93.27306,Gillnet,Pogonias Cromis,Black Drum,4
Calcasieu,2007-12-05,29.97694,-93.27306,Gillnet,Dorosoma Cepedianum,Gizzard Shad,4
Calcasieu,2008-01-30,29.97694,-93.27306,Gillnet,Dorosoma Cepedianum,Gizzard Shad,1
Calcasieu,2008-01-30,29.97694,-93.27306,Gillnet,Sciaenops Ocellatus,Red Drum,1
Calcasieu,2008-03-20,29.97694,-93.27306,Gillnet,Pogonias Cromis,Black Drum,1
Calcasieu,2008-05-06,29.97694,-93.27306,Gillnet,Pogonias Cromis,Black Drum,16
Calcasieu,2008-05-28,29.97694,-93.27306,Gillnet,Pogonias Cromis,Black Drum,1080
Calcasieu,2008-06-10,29.97694,-93.27306,Gillnet,Arius Felis,Sea Catfish,1
Calcasieu,2008-06-10,29.97694,-93.27306,Gillnet,Pogonias Cromis,Black Drum,196
Calcasieu,2008-06-24,29.97694,-93.27306,Gillnet,Pogonias Cromis,Black Drum,990
Calcasieu,2008-08-13,29.97694,-93.27306,Gillnet,Callinectes Sapidus,Blue Crab,1
Calcasieu,2008-08-13,29.97694,-93.27306,Gillnet,Pogonias Cromis,Black Drum,9
Calcasieu,2008-08-14,29.97694,-93.27306,Gillnet,Pogonias Cromis,Black Drum,729
Calcasieu,2008-09-09,29.97694,-93.27306,Gillnet,Bagre Marinus,Gafftopsail Catfish,1
Calcasieu,2008-11-19,29.97694,-93.27306,Gillnet,Pogonias Cromis,Black Drum,4
Calcasieu,2009-01-29,29.97694,-93.27306,Gillnet,Pogonias Cromis,Black Drum,1
Calcasieu,2009-03-18,29.97694,-93.27306,Gillnet,Cynoscion Nebulosus,Spotted Seatrout,1
Calcasieu,2009-03-18,29.97694,-93.27306,Gillnet,Pogonias Cromis,Black Drum,9
Calcasieu,2009-04-28,29.97694,-93.27306,Gillnet,Callinectes Sapidus,Blue Crab,1
Calcasieu,2009-05-05,29.97694,-93.27306,Gillnet,Cynoscion Nebulosus,Spotted Seatrout,4
Calcasieu,2009-05-05,29.97694,-93.27306,Gillnet,Pogonias Cromis,Black Drum,64
Calcasieu,2009-05-12,29.97694,-93.27306,Gillnet,Bagre Marinus,Gafftopsail Catfish,1
Calcasieu,2009-06-02,29.97694,-93.27306,Gillnet,Pogonias Cromis,Black Drum,64
Calcasieu,2009-06-23,29.97694,-93.27306,Gillnet,Callinectes Sapidus,Blue Crab,1
Calcasieu,2009-06-23,29.97694,-93.27306,Gillnet,Pogonias Cromis,Black Drum,4
Calcasieu,2009-07-27,29.97694,-93.27306,Gillnet,Pogonias Cromis,Black Drum,36
Calcasieu,2009-08-04,29.97694,-93.27306,Gillnet,Pogonias Cromis,Black Drum,484
Calcasieu,2009-09-21,29.97694,-93.27306,Gillnet,Chaetodipterus Faber,Atlantic Spadefish,1
Calcasieu,2009-09-21,29.97694,-93.27306,Gillnet,Cynoscion Nebulosus,Spotted Seatrout,1
Calcasieu,2009-09-21,29.97694,-93.27306,Gillnet,Pogonias Cromis,Black Drum,36
Calcasieu,2009-10-07,29.97694,-93.27306,Gillnet,Brevoortia Patronus,Gulf Menhaden,1
Calcasieu,2009-10-07,29.97694,-93.27306,Gillnet,Pogonias Cromis,Black Drum,25
Calcasieu,2009-10-07,29.97694,-93.27306,Gillnet,Sciaenops Ocellatus,Red Drum,1
Calcasieu,2010-04-13,29.97694,-93.27306,Gillnet,Pogonias Cromis,Black Drum,9
Calcasieu,2010-04-20,29.97694,-93.27306,Gillnet,Pogonias Cromis,Black Drum,1
Calcasieu,2010-06-14,29.97694,-93.27306,Gillnet,Pogonias Cromis,Black Drum,9
Calcasieu,2010-07-15,29.97694,-93.27306,Gillnet,Cynoscion Nebulosus,Spotted Seatrout,1
Calcasieu,2010-07-15,29.97694,-93.27306,Gillnet,Pogonias Cromis,Black Drum,1
Calcasieu,2010-08-04,29.97694,-93.27306,Gillnet,Pogonias Cromis,Black Drum,1
Calcasieu,2010-08-23,29.97694,-93.27306,Gillnet,Bagre Marinus,Gafftopsail Catfish,1
Calcasieu,2010-09-21,29.97694,-93.27306,Gillnet,Pogonias Cromis,Black Drum,9
Calcasieu,2010-09-28,29.97694,-93.27306,Gillnet,Menippe Mercenaria,Florida Stone Crab,1
Calcasieu,2010-09-28,29.97694,-93.27306,Gillnet,Pogonias Cromis,Black Drum,1
Calcasieu,2010-12-02,29.97694,-93.27306,Gillnet,Sciaenops Ocellatus,Red Drum,1
Calcasieu,2011-04-12,29.97694,-93.27306,Gillnet,Pogonias Cromis,Black Drum,9
Calcasieu,2011-04-12,29.97694,-93.27306,Gillnet,Sciaenops Ocellatus,Red Drum,4
Calcasieu,2011-04-28,29.97694,-93.27306,Gillnet,Pogonias Cromis,Black Drum,1
Calcasieu,2011-05-05,29.97694,-93.27306,Gillnet,Pogonias Cromis,Black Drum,1
Calcasieu,2011-06-08,29.97694,-93.27306,Gillnet,Arius Felis,Sea Catfish,4
Calcasieu,2011-06-15,29.97694,-93.27306,Gillnet,Bagre Marinus,Gafftopsail Catfish,4
Calcasieu,2011-06-15,29.97694,-93.27306,Gillnet,Sciaenops Ocellatus,Red Drum,4
Calcasieu,2011-06-15,29.97694,-93.27306,Gillnet,Sphyrna Tiburo,Bonnethead Shark,1
Calcasieu,2011-07-08,29.97694,-93.27306,Gillnet,Brevoortia Patronus,Gulf Menhaden,9
Calcasieu,2011-08-05,29.97694,-93.27306,Gillnet,Bagre Marinus,Gafftopsail Catfish,1
Calcasieu,2011-08-16,29.97694,-93.27306,Gillnet,Pogonias Cromis,Black Drum,16
Calcasieu,2012-01-18,29.97694,-93.27306,Gillnet,Archosargus Probatocephalus,Sheepshead,1
Calcasieu,2012-01-18,29.97694,-93.27306,Gillnet,Dorosoma Cepedianum,Gizzard Shad,7
Calcasieu,2012-02-06,29.97694,-93.27306,Gillnet,Cynoscion Nebulosus,Spotted Seatrout,4
Calcasieu,2012-05-14,29.97694,-93.27306,Gillnet,Brevoortia Patronus,Gulf Menhaden,1
Calcasieu,2012-09-06,29.97694,-93.27306,Gillnet,Cynoscion Nebulosus,Spotted Seatrout,1
Calcasieu,2012-09-06,29.97694,-93.27306,Gillnet,Pogonias Cromis,Black Drum,4
Calcasieu,2012-09-06,29.97694,-93.27306,Gillnet,Sciaenops Ocellatus,Red Drum,1
Calcasieu,2013-02-14,29.97694,-93.27306,Gillnet,Pogonias Cromis,Black Drum,1
Calcasieu,2013-03-27,29.97694,-93.27306,Gillnet,Pogonias Cromis,Black Drum,1
Calcasieu,2013-04-01,29.97694,-93.27306,Gillnet,Arius Felis,Sea Catfish,1
Calcasieu,2013-05-23,29.97694,-93.27306,Gillnet,Paralichthys Lethostigma,Southern Flounder,1
Calcasieu,2013-07-23,29.97694,-93.27306,Gillnet,Bagre Marinus,Gafftopsail Catfish,1
Calcasieu,2014-04-10,29.97694,-93.27306,Gillnet,Pogonias Cromis,Black Drum,1
Calcasieu,2014-05-07,29.97694,-93.27306,Gillnet,Bagre Marinus,Gafftopsail Catfish,4
Calcasieu,2014-05-07,29.97694,-93.27306,Gillnet,Peprilus Alepidotus,Harvestfish,1
Calcasieu,2014-05-07,29.97694,-93.27306,Gillnet,Pogonias Cromis,Black Drum,1
Calcasieu,2014-06-12,29.97694,-93.27306,Gillnet,Pogonias Cromis,Black Drum,4
Calcasieu,2014-07-16,29.97694,-93.27306,Gillnet,Brevoortia Patronus,Gulf Menhaden,4
Calcasieu,2014-07-16,29.97694,-93.27306,Gillnet,Callinectes Sapidus,Blue Crab,1
Calcasieu,2014-07-16,29.97694,-93.27306,Gillnet,Cynoscion Nebulosus,Spotted Seatrout,4
Calcasieu,2014-07-16,29.97694,-93.27306,Gillnet,Pogonias Cromis,Black Drum,1440
Calcasieu,2014-09-02,29.97694,-93.27306,Gillnet,Bagre Marinus,Gafftopsail Catfish,4
Calcasieu,2014-09-02,29.97694,-93.27306,Gillnet,Peprilus Alepidotus,Harvestfish,1
Calcasieu,2014-09-02,29.97694,-93.27306,Gillnet,Pogonias Cromis,Black Drum,4
Calcasieu,2015-03-11,29.97694,-93.27306,Gillnet,Pogonias Cromis,Black Drum,1
Calcasieu,2015-07-15,29.97694,-93.27306,Gillnet,Callinectes Sapidus,Blue Crab,1
Calcasieu,2015-07-22,29.97694,-93.27306,Gillnet,Pogonias Cromis,Black Drum,4
Calcasieu,2015-10-07,29.97694,-93.27306,Gillnet,Bagre Marinus,Gafftopsail Catfish,1
Calcasieu,2016-02-11,29.97694,-93.27306,Gillnet,Pogonias Cromis,Black Drum,4
Calcasieu,2017-04-24,29.97694,-93.27306,Gillnet,Pogonias Cromis,Black Drum,9
Calcasieu,2017-06-28,29.97694,-93.27306,Gillnet,Pogonias Cromis,Black Drum,4
Calcasieu,2017-09-21,29.97694,-93.27306,Gillnet,Bagre Marinus,Gafftopsail Catfish,1
Calcasieu,2018-07-17,29.97694,-93.27306,Gillnet,Bagre Marinus,Gafftopsail Catfish,4
Calcasieu,2018-07-26,29.97694,-93.27306,Gillnet,Pogonias Cromis,Black Drum,36
Calcasieu,1992-02-19,30.01139,-93.27,Gillnet,Dorosoma Cepedianum,Gizzard Shad,4
Calcasieu,1992-03-26,30.01139,-93.27,Gillnet,Arius Felis,Sea Catfish,1
Calcasieu,1992-03-26,30.01139,-93.27,Gillnet,Sciaenops Ocellatus,Red Drum,1
Calcasieu,1992-04-28,30.01139,-93.27,Gillnet,Sciaenops Ocellatus,Red Drum,1
Calcasieu,1992-05-07,30.01139,-93.27,Gillnet,Arius Felis,Sea Catfish,3
Calcasieu,1992-05-07,30.01139,-93.27,Gillnet,Sciaenops Ocellatus,Red Drum,16
Calcasieu,1992-05-27,30.01139,-93.27,Gillnet,Dorosoma Cepedianum,Gizzard Shad,1
Calcasieu,1992-05-27,30.01139,-93.27,Gillnet,Micropogonias Undulatus,Atlantic Croaker,1
Calcasieu,1992-06-09,30.01139,-93.27,Gillnet,Cynoscion Nebulosus,Spotted Seatrout,1
Calcasieu,1992-06-09,30.01139,-93.27,Gillnet,Dorosoma Cepedianum,Gizzard Shad,5
Calcasieu,1992-06-09,30.01139,-93.27,Gillnet,Micropogonias Undulatus,Atlantic Croaker,1
Calcasieu,1992-06-09,30.01139,-93.27,Gillnet,Pogonias Cromis,Black Drum,9
Calcasieu,1992-07-14,30.01139,-93.27,Gillnet,Pogonias Cromis,Black Drum,1
Calcasieu,1992-07-28,30.01139,-93.27,Gillnet,Arius Felis,Sea Catfish,1
Calcasieu,1992-07-28,30.01139,-93.27,Gillnet,Pogonias Cromis,Black Drum,1
Calcasieu,1993-03-10,30.01139,-93.27,Gillnet,Dorosoma Cepedianum,Gizzard Shad,1
Calcasieu,1993-03-10,30.01139,-93.27,Gillnet,Morone Saxatilis,Striped Bass,1
Calcasieu,1993-04-22,30.01139,-93.27,Gillnet,Dorosoma Cepedianum,Gizzard Shad,1
Calcasieu,1993-04-27,30.01139,-93.27,Gillnet,Arius Felis,Sea Catfish,1
Calcasieu,1993-07-19,30.01139,-93.27,Gillnet,Dorosoma Cepedianum,Gizzard Shad,1
Calcasieu,1993-11-17,30.01139,-93.27,Gillnet,Mugil Cephalus,Striped Mullet,1
Calcasieu,1994-03-03,30.01139,-93.27,Gillnet,Dorosoma Cepedianum,Gizzard Shad,1
Calcasieu,1994-04-19,30.01139,-93.27,Gillnet,Dorosoma Cepedianum,Gizzard Shad,2
Calcasieu,1994-06-07,30.01139,-93.27,Gillnet,Cynoscion Nebulosus,Spotted Seatrout,1
Calcasieu,1994-06-07,30.01139,-93.27,Gillnet,Dorosoma Cepedianum,Gizzard Shad,4
Calcasieu,1994-07-26,30.01139,-93.27,Gillnet,Dorosoma Cepedianum,Gizzard Shad,6
Calcasieu,1994-08-15,30.01139,-93.27,Gillnet,Dorosoma Cepedianum,Gizzard Shad,1
Calcasieu,1994-08-15,30.01139,-93.27,Gillnet,Micropogonias Undulatus,Atlantic Croaker,1
Calcasieu,1994-10-04,30.01139,-93.27,Gillnet,Dorosoma Cepedianum,Gizzard Shad,1
Calcasieu,1995-03-21,30.01139,-93.27,Gillnet,Sciaenops Ocellatus,Red Drum,9
Calcasieu,1995-05-10,30.01139,-93.27,Gillnet,Arius Felis,Sea Catfish,5
Calcasieu,1995-05-10,30.01139,-93.27,Gillnet,Sciaenops Ocellatus,Red Drum,9
Calcasieu,1995-06-20,30.01139,-93.27,Gillnet,Dorosoma Cepedianum,Gizzard Shad,2
Calcasieu,1995-07-11,30.01139,-93.27,Gillnet,Arius Felis,Sea Catfish,2
Calcasieu,1995-07-11,30.01139,-93.27,Gillnet,Dorosoma Cepedianum,Gizzard Shad,3
Calcasieu,1995-08-02,30.01139,-93.27,Gillnet,Dorosoma Cepedianum,Gizzard Shad,3
Calcasieu,1995-09-12,30.01139,-93.27,Gillnet,Dorosoma Cepedianum,Gizzard Shad,1
Calcasieu,1995-11-20,30.01139,-93.27,Gillnet,Dorosoma Cepedianum,Gizzard Shad,8
Calcasieu,1995-11-20,30.01139,-93.27,Gillnet,Pogonias Cromis,Black Drum,4
Calcasieu,1995-11-20,30.01139,-93.27,Gillnet,Sciaenops Ocellatus,Red Drum,1
Calcasieu,1996-03-21,30.01139,-93.27,Gillnet,Dorosoma Cepedianum,Gizzard Shad,1
Calcasieu,1996-04-16,30.01139,-93.27,Gillnet,Arius Felis,Sea Catfish,1
Calcasieu,1996-05-14,30.01139,-93.27,Gillnet,Arius Felis,Sea Catfish,2
Calcasieu,1996-05-14,30.01139,-93.27,Gillnet,Dorosoma Cepedianum,Gizzard Shad,3
Calcasieu,1996-05-28,30.01139,-93.27,Gillnet,Dorosoma Cepedianum,Gizzard Shad,1
Calcasieu,1996-06-10,30.01139,-93.27,Gillnet,Dorosoma Cepedianum,Gizzard Shad,2
Calcasieu,1996-06-26,30.01139,-93.27,Gillnet,Dorosoma Cepedianum,Gizzard Shad,3
Calcasieu,1996-08-26,30.01139,-93.27,Gillnet,Dorosoma Cepedianum,Gizzard Shad,1
Calcasieu,1997-03-20,30.01139,-93.27,Gillnet,Cynoscion Nebulosus,Spotted Seatrout,9
Calcasieu,1997-03-20,30.01139,-93.27,Gillnet,Dorosoma Cepedianum,Gizzard Shad,2
Calcasieu,1997-03-20,30.01139,-93.27,Gillnet,Sciaenops Ocellatus,Red Drum,4
Calcasieu,1997-04-08,30.01139,-93.27,Gillnet,Micropogonias Undulatus,Atlantic Croaker,1
Calcasieu,1997-04-15,30.01139,-93.27,Gillnet,Arius Felis,Sea Catfish,1
Calcasieu,1997-05-29,30.01139,-93.27,Gillnet,Dorosoma Cepedianum,Gizzard Shad,22
Calcasieu,1997-06-06,30.01139,-93.27,Gillnet,Dorosoma Cepedianum,Gizzard Shad,1
Calcasieu,1997-06-23,30.01139,-93.27,Gillnet,Dorosoma Cepedianum,Gizzard Shad,3
Calcasieu,1997-09-03,30.01139,-93.27,Gillnet,Cynoscion Nebulosus,Spotted Seatrout,1
Calcasieu,1998-04-08,30.01139,-93.27,Gillnet,Dorosoma Cepedianum,Gizzard Shad,3
Calcasieu,1998-05-19,30.01139,-93.27,Gillnet,Dorosoma Cepedianum,Gizzard Shad,1
Calcasieu,1998-05-19,30.01139,-93.27,Gillnet,Lepisosteus Spp,Gar Spp,1
Calcasieu,1998-08-11,30.01139,-93.27,Gillnet,Arius Felis,Sea Catfish,1
Calcasieu,1998-08-11,30.01139,-93.27,Gillnet,Bagre Marinus,Gafftopsail Catfish,4
Calcasieu,1998-08-11,30.01139,-93.27,Gillnet,Elops Saurus,Ladyfish,3
Calcasieu,1998-11-23,30.01139,-93.27,Gillnet,Dorosoma Cepedianum,Gizzard Shad,3
Calcasieu,1998-12-01,30.01139,-93.27,Gillnet,Dorosoma Cepedianum,Gizzard Shad,1
Calcasieu,1998-12-01,30.01139,-93.27,Gillnet,Pogonias Cromis,Black Drum,1
Calcasieu,1999-02-01,30.01139,-93.27,Gillnet,Cynoscion Nebulosus,Spotted Seatrout,1
Calcasieu,1999-05-19,30.01139,-93.27,Gillnet,Dorosoma Cepedianum,Gizzard Shad,1
Calcasieu,1999-06-09,30.01139,-93.27,Gillnet,Callinectes Sapidus,Blue Crab,1
Calcasieu,1999-07-26,30.01139,-93.27,Gillnet,Dorosoma Cepedianum,Gizzard Shad,3
Calcasieu,1999-09-07,30.01139,-93.27,Gillnet,Dorosoma Cepedianum,Gizzard Shad,1
Calcasieu,2000-05-10,30.01139,-93.27,Gillnet,Lepisosteus Spp,Gar Spp,1
Calcasieu,2000-06-12,30.01139,-93.27,Gillnet,Micropogonias Undulatus,Atlantic Croaker,1
Calcasieu,2000-07-10,30.01139,-93.27,Gillnet,Micropogonias Undulatus,Atlantic Croaker,1
Calcasieu,2000-08-14,30.01139,-93.27,Gillnet,Elops Saurus,Ladyfish,1
Calcasieu,2000-09-05,30.01139,-93.27,Gillnet,Micropogonias Undulatus,Atlantic Croaker,4
Calcasieu,2000-09-05,30.01139,-93.27,Gillnet,Pogonias Cromis,Black Drum,16
Calcasieu,2000-09-20,30.01139,-93.27,Gillnet,Dorosoma Cepedianum,Gizzard Shad,1
Calcasieu,2001-05-09,30.01139,-93.27,Gillnet,Dorosoma Cepedianum,Gizzard Shad,1
Calcasieu,2001-05-14,30.01139,-93.27,Gillnet,Dorosoma Cepedianum,Gizzard Shad,3
Calcasieu,2001-06-19,30.01139,-93.27,Gillnet,Micropogonias Undulatus,Atlantic Croaker,1
Calcasieu,2001-07-09,30.01139,-93.27,Gillnet,Dorosoma Cepedianum,Gizzard Shad,1
Calcasieu,2001-10-02,30.01139,-93.27,Gillnet,Dorosoma Cepedianum,Gizzard Shad,2
Calcasieu,2001-11-13,30.01139,-93.27,Gillnet,Pogonias Cromis,Black Drum,1
Calcasieu,2002-02-13,30.01139,-93.27,Gillnet,Dorosoma Cepedianum,Gizzard Shad,7
Calcasieu,2002-02-13,30.01139,-93.27,Gillnet,Pogonias Cromis,Black Drum,1
Calcasieu,2002-03-13,30.01139,-93.27,Gillnet,Dorosoma Cepedianum,Gizzard Shad,2
Calcasieu,2002-03-13,30.01139,-93.27,Gillnet,Sciaenops Ocellatus,Red Drum,1
Calcasieu,2002-04-22,30.01139,-93.27,Gillnet,Arius Felis,Sea Catfish,2
Calcasieu,2002-05-28,30.01139,-93.27,Gillnet,Dorosoma Cepedianum,Gizzard Shad,1
Calcasieu,2002-06-18,30.01139,-93.27,Gillnet,Dorosoma Cepedianum,Gizzard Shad,2
Calcasieu,2002-06-18,30.01139,-93.27,Gillnet,Micropogonias Undulatus,Atlantic Croaker,1
Calcasieu,2002-09-11,30.01139,-93.27,Gillnet,Pogonias Cromis,Black Drum,1
Calcasieu,2002-10-16,30.01139,-93.27,Gillnet,Ictalurus Spp (Bullheads),Bullhead (Mudcat),1
Calcasieu,2003-04-14,30.01139,-93.27,Gillnet,Atractosteus Spatula,Alligator Gar,1
Calcasieu,2003-04-14,30.01139,-93.27,Gillnet,Dorosoma Cepedianum,Gizzard Shad,3
Calcasieu,2003-04-22,30.01139,-93.27,Gillnet,Atractosteus Spatula,Alligator Gar,4
Calcasieu,2003-04-22,30.01139,-93.27,Gillnet,Dorosoma Cepedianum,Gizzard Shad,2
Calcasieu,2003-06-23,30.01139,-93.27,Gillnet,Arius Felis,Sea Catfish,1
Calcasieu,2003-06-23,30.01139,-93.27,Gillnet,Dorosoma Cepedianum,Gizzard Shad,7
Calcasieu,2003-07-01,30.01139,-93.27,Gillnet,Dorosoma Cepedianum,Gizzard Shad,5
Calcasieu,2003-07-01,30.01139,-93.27,Gillnet,Micropogonias Undulatus,Atlantic Croaker,1
Calcasieu,2003-08-12,30.01139,-93.27,Gillnet,Dorosoma Cepedianum,Gizzard Shad,1
Calcasieu,2003-08-26,30.01139,-93.27,Gillnet,Pogonias Cromis,Black Drum,1
Calcasieu,2003-09-03,30.01139,-93.27,Gillnet,Bagre Marinus,Gafftopsail Catfish,1
Calcasieu,2003-09-03,30.01139,-93.27,Gillnet,Dorosoma Cepedianum,Gizzard Shad,2
Calcasieu,2003-09-03,30.01139,-93.27,Gillnet,Sciaenops Ocellatus,Red Drum,1
Calcasieu,2003-09-16,30.01139,-93.27,Gillnet,Micropogonias Undulatus,Atlantic Croaker,1
Calcasieu,2003-09-16,30.01139,-93.27,Gillnet,Sciaenops Ocellatus,Red Drum,4
Calcasieu,2004-03-26,30.01139,-93.27,Gillnet,Dorosoma Cepedianum,Gizzard Shad,11
Calcasieu,2004-03-26,30.01139,-93.27,Gillnet,Micropogonias Undulatus,Atlantic Croaker,1
Calcasieu,2004-04-01,30.01139,-93.27,Gillnet,Sciaenops Ocellatus,Red Drum,1
Calcasieu,2004-04-27,30.01139,-93.27,Gillnet,Dorosoma Cepedianum,Gizzard Shad,4
Calcasieu,2004-04-27,30.01139,-93.27,Gillnet,Pogonias Cromis,Black Drum,1
Calcasieu,2004-05-26,30.01139,-93.27,Gillnet,Arius Felis,Sea Catfish,1
Calcasieu,2004-06-08,30.01139,-93.27,Gillnet,Callinectes Sapidus,Blue Crab,1
Calcasieu,2004-06-28,30.01139,-93.27,Gillnet,Callinectes Sapidus,Blue Crab,1
Calcasieu,2004-08-16,30.01139,-93.27,Gillnet,Dorosoma Cepedianum,Gizzard Shad,4
Calcasieu,2004-08-16,30.01139,-93.27,Gillnet,Micropogonias Undulatus,Atlantic Croaker,1
Calcasieu,2004-09-03,30.01139,-93.27,Gillnet,Dorosoma Cepedianum,Gizzard Shad,1
Calcasieu,2004-09-10,30.01139,-93.27,Gillnet,Dorosoma Cepedianum,Gizzard Shad,6
Calcasieu,2004-09-10,30.01139,-93.27,Gillnet,Micropogonias Undulatus,Atlantic Croaker,4
Calcasieu,2004-11-29,30.01139,-93.27,Gillnet,Dorosoma Cepedianum,Gizzard Shad,17
Calcasieu,2004-12-02,30.01139,-93.27,Gillnet,Archosargus Probatocephalus,Sheepshead,1
Calcasieu,2004-12-02,30.01139,-93.27,Gillnet,Dorosoma Cepedianum,Gizzard Shad,3
Calcasieu,2005-03-21,30.01139,-93.27,Gillnet,Dorosoma Cepedianum,Gizzard Shad,5
Calcasieu,2005-04-27,30.01139,-93.27,Gillnet,Dorosoma Cepedianum,Gizzard Shad,3
Calcasieu,2005-05-02,30.01139,-93.27,Gillnet,Dorosoma Cepedianum,Gizzard Shad,3
Calcasieu,2005-05-17,30.01139,-93.27,Gillnet,Dorosoma Cepedianum,Gizzard Shad,6
Calcasieu,2005-06-01,30.01139,-93.27,Gillnet,Dasyatis Sabina,Atlantic Stingray,1
Calcasieu,2005-06-01,30.01139,-93.27,Gillnet,Dorosoma Cepedianum,Gizzard Shad,1
Calcasieu,2005-06-01,30.01139,-93.27,Gillnet,Micropogonias Undulatus,Atlantic Croaker,1
Calcasieu,2005-06-20,30.01139,-93.27,Gillnet,Dorosoma Cepedianum,Gizzard Shad,2
Calcasieu,2005-08-16,30.01139,-93.27,Gillnet,Dorosoma Cepedianum,Gizzard Shad,5
Calcasieu,2005-09-08,30.01139,-93.27,Gillnet,Callinectes Sapidus,Blue Crab,1
Calcasieu,2005-09-08,30.01139,-93.27,Gillnet,Pogonias Cromis,Black Drum,1
Calcasieu,2005-09-20,30.01139,-93.27,Gillnet,Dorosoma Cepedianum,Gizzard Shad,3
Calcasieu,2005-10-11,30.01139,-93.27,Gillnet,Cynoscion Nebulosus,Spotted Seatrout,1
Calcasieu,2005-10-11,30.01139,-93.27,Gillnet,Dorosoma Cepedianum,Gizzard Shad,1
Calcasieu,2005-11-22,30.01139,-93.27,Gillnet,Cynoscion Nebulosus,Spotted Seatrout,1
Calcasieu,2005-11-22,30.01139,-93.27,Gillnet,Pogonias Cromis,Black Drum,1
Calcasieu,2005-11-22,30.01139,-93.27,Gillnet,Sciaenops Ocellatus,Red Drum,1
Calcasieu,2006-02-03,30.01139,-93.27,Gillnet,Pogonias Cromis,Black Drum,1
Calcasieu,2006-03-15,30.01139,-93.27,Gillnet,Arius Felis,Sea Catfish,1
Calcasieu,2006-04-04,30.01139,-93.27,Gillnet,Arius Felis,Sea Catfish,2
Calcasieu,2006-04-19,30.01139,-93.27,Gillnet,Arius Felis,Sea Catfish,4
Calcasieu,2006-04-19,30.01139,-93.27,Gillnet,Cynoscion Nebulosus,Spotted Seatrout,1
Calcasieu,2006-05-12,30.01139,-93.27,Gillnet,Arius Felis,Sea Catfish,4
Calcasieu,2006-05-12,30.01139,-93.27,Gillnet,Cynoscion Nebulosus,Spotted Seatrout,4
Calcasieu,2006-05-12,30.01139,-93.27,Gillnet,Dorosoma Cepedianum,Gizzard Shad,1
Calcasieu,2006-05-12,30.01139,-93.27,Gillnet,Pogonias Cromis,Black Drum,1
Calcasieu,2006-05-16,30.01139,-93.27,Gillnet,Arius Felis,Sea Catfish,2
Calcasieu,2006-05-16,30.01139,-93.27,Gillnet,Callinectes Sapidus,Blue Crab,1
Calcasieu,2006-05-16,30.01139,-93.27,Gillnet,Cynoscion Nebulosus,Spotted Seatrout,1
Calcasieu,2006-05-16,30.01139,-93.27,Gillnet,Mugil Cephalus,Striped Mullet,1
Calcasieu,2006-06-22,30.01139,-93.27,Gillnet,Arius Felis,Sea Catfish,1
Calcasieu,2006-07-07,30.01139,-93.27,Gillnet,Arius Felis,Sea Catfish,2
Calcasieu,2006-07-07,30.01139,-93.27,Gillnet,Atractosteus Spatula,Alligator Gar,1
Calcasieu,2006-07-07,30.01139,-93.27,Gillnet,Dorosoma Cepedianum,Gizzard Shad,4
Calcasieu,2006-07-07,30.01139,-93.27,Gillnet,Pogonias Cromis,Black Drum,9
Calcasieu,2006-11-21,30.01139,-93.27,Gillnet,Mugil Cephalus,Striped Mullet,1
Calcasieu,2006-12-06,30.01139,-93.27,Gillnet,Mugil Cephalus,Striped Mullet,1
Calcasieu,2007-01-18,30.01139,-93.27,Gillnet,Dorosoma Cepedianum,Gizzard Shad,1
Calcasieu,2007-02-06,30.01139,-93.27,Gillnet,Dorosoma Cepedianum,Gizzard Shad,3
Calcasieu,2007-02-06,30.01139,-93.27,Gillnet,Pogonias Cromis,Black Drum,100
Calcasieu,2007-04-17,30.01139,-93.27,Gillnet,Sciaenops Ocellatus,Red Drum,1
Calcasieu,2007-05-09,30.01139,-93.27,Gillnet,Micropogonias Undulatus,Atlantic Croaker,1
Calcasieu,2007-05-15,30.01139,-93.27,Gillnet,Arius Felis,Sea Catfish,3
Calcasieu,2007-05-15,30.01139,-93.27,Gillnet,Dorosoma Cepedianum,Gizzard Shad,2
Calcasieu,2007-06-12,30.01139,-93.27,Gillnet,Arius Felis,Sea Catfish,2
Calcasieu,2007-06-12,30.01139,-93.27,Gillnet,Pogonias Cromis,Black Drum,484
Calcasieu,2007-06-13,30.01139,-93.27,Gillnet,Arius Felis,Sea Catfish,2
Calcasieu,2007-06-13,30.01139,-93.27,Gillnet,Pogonias Cromis,Black Drum,4
Calcasieu,2007-07-17,30.01139,-93.27,Gillnet,Arius Felis,Sea Catfish,2
Calcasieu,2007-07-17,30.01139,-93.27,Gillnet,Bagre Marinus,Gafftopsail Catfish,1
Calcasieu,2007-07-17,30.01139,-93.27,Gillnet,Cynoscion Arenarius,Sand Seatrout,1
Calcasieu,2007-07-17,30.01139,-93.27,Gillnet,Dorosoma Cepedianum,Gizzard Shad,1
Calcasieu,2007-07-17,30.01139,-93.27,Gillnet,Micropogonias Undulatus,Atlantic Croaker,1
Calcasieu,2007-07-17,30.01139,-93.27,Gillnet,Pogonias Cromis,Black Drum,64
Calcasieu,2007-08-10,30.01139,-93.27,Gillnet,Pogonias Cromis,Black Drum,25
Calcasieu,2007-08-15,30.01139,-93.27,Gillnet,Pogonias Cromis,Black Drum,4
Calcasieu,2007-09-11,30.01139,-93.27,Gillnet,Pogonias Cromis,Black Drum,4
Calcasieu,2007-09-18,30.01139,-93.27,Gillnet,Pogonias Cromis,Black Drum,4
Calcasieu,2007-10-02,30.01139,-93.27,Gillnet,Pogonias Cromis,Black Drum,25
Calcasieu,2007-11-28,30.01139,-93.27,Gillnet,Dorosoma Cepedianum,Gizzard Shad,3
Calcasieu,2007-11-28,30.01139,-93.27,Gillnet,Pogonias Cromis,Black Drum,121
Calcasieu,2007-12-05,30.01139,-93.27,Gillnet,Pogonias Cromis,Black Drum,4
Calcasieu,2008-01-30,30.01139,-93.27,Gillnet,Cynoscion Nebulosus,Spotted Seatrout,4
Calcasieu,2008-02-07,30.01139,-93.27,Gillnet,Cynoscion Nebulosus,Spotted Seatrout,4
Calcasieu,2008-02-07,30.01139,-93.27,Gillnet,Dorosoma Cepedianum,Gizzard Shad,3
Calcasieu,2008-02-07,30.01139,-93.27,Gillnet,Pogonias Cromis,Black Drum,1
Calcasieu,2008-03-20,30.01139,-93.27,Gillnet,Pogonias Cromis,Black Drum,1
Calcasieu,2008-04-02,30.01139,-93.27,Gillnet,Pogonias Cromis,Black Drum,1
Calcasieu,2008-04-15,30.01139,-93.27,Gillnet,Dorosoma Cepedianum,Gizzard Shad,1
Calcasieu,2008-07-02,30.01139,-93.27,Gillnet,Pogonias Cromis,Black Drum,4
Calcasieu,2008-07-29,30.01139,-93.27,Gillnet,Bagre Marinus,Gafftopsail Catfish,1
Calcasieu,2008-07-29,30.01139,-93.27,Gillnet,Elops Saurus,Ladyfish,1
Calcasieu,2008-07-29,30.01139,-93.27,Gillnet,Pogonias Cromis,Black Drum,9
Calcasieu,2008-08-13,30.01139,-93.27,Gillnet,Pogonias Cromis,Black Drum,9
Calcasieu,2008-09-09,30.01139,-93.27,Gillnet,Pogonias Cromis,Black Drum,1
Calcasieu,2008-09-23,30.01139,-93.27,Gillnet,Pogonias Cromis,Black Drum,100
Calcasieu,2008-10-02,30.01139,-93.27,Gillnet,Pogonias Cromis,Black Drum,16
Calcasieu,2008-11-19,30.01139,-93.27,Gillnet,Pogonias Cromis,Black Drum,1
Calcasieu,2008-12-17,30.01139,-93.27,Gillnet,Pogonias Cromis,Black Drum,1
Calcasieu,2009-02-12,30.01139,-93.27,Gillnet,Pogonias Cromis,Black Drum,1
Calcasieu,2009-02-12,30.01139,-93.27,Gillnet,Sciaenops Ocellatus,Red Drum,1
Calcasieu,2009-04-28,30.01139,-93.27,Gillnet,Arius Felis,Sea Catfish,1
Calcasieu,2009-04-28,30.01139,-93.27,Gillnet,Cynoscion Nebulosus,Spotted Seatrout,1
Calcasieu,2009-04-28,30.01139,-93.27,Gillnet,Pogonias Cromis,Black Drum,16
Calcasieu,2009-05-05,30.01139,-93.27,Gillnet,Pogonias Cromis,Black Drum,1
Calcasieu,2009-06-02,30.01139,-93.27,Gillnet,Pogonias Cromis,Black Drum,4
Calcasieu,2009-08-04,30.01139,-93.27,Gillnet,Bagre Marinus,Gafftopsail Catfish,3
Calcasieu,2009-08-13,30.01139,-93.27,Gillnet,Arius Felis,Sea Catfish,1
Calcasieu,2009-08-13,30.01139,-93.27,Gillnet,Micropogonias Undulatus,Atlantic Croaker,1
Calcasieu,2009-08-13,30.01139,-93.27,Gillnet,Pogonias Cromis,Black Drum,1
Calcasieu,2009-09-02,30.01139,-93.27,Gillnet,Pogonias Cromis,Black Drum,1
Calcasieu,2009-09-21,30.01139,-93.27,Gillnet,Dorosoma Cepedianum,Gizzard Shad,1
Calcasieu,2010-01-26,30.01139,-93.27,Gillnet,Cynoscion Nebulosus,Spotted Seatrout,1
Calcasieu,2010-03-17,30.01139,-93.27,Gillnet,Sciaenops Ocellatus,Red Drum,1
Calcasieu,2010-06-14,30.01139,-93.27,Gillnet,Bagre Marinus,Gafftopsail Catfish,1
Calcasieu,2010-07-15,30.01139,-93.27,Gillnet,Micropogonias Undulatus,Atlantic Croaker,1
Calcasieu,2010-07-15,30.01139,-93.27,Gillnet,Pogonias Cromis,Black Drum,4
Calcasieu,2010-07-20,30.01139,-93.27,Gillnet,Arius Felis,Sea Catfish,1
Calcasieu,2010-07-20,30.01139,-93.27,Gillnet,Bagre Marinus,Gafftopsail Catfish,1
Calcasieu,2010-08-04,30.01139,-93.27,Gillnet,Bagre Marinus,Gafftopsail Catfish,1
Calcasieu,2010-08-04,30.01139,-93.27,Gillnet,Pogonias Cromis,Black Drum,1
Calcasieu,2010-08-23,30.01139,-93.27,Gillnet,Bagre Marinus,Gafftopsail Catfish,1
Calcasieu,2011-04-12,30.01139,-93.27,Gillnet,Pogonias Cromis,Black Drum,1
Calcasieu,2011-06-01,30.01139,-93.27,Gillnet,Sphyrna Tiburo,Bonnethead Shark,1
Calcasieu,2011-11-21,30.01139,-93.27,Gillnet,Dorosoma Cepedianum,Gizzard Shad,1
Calcasieu,2012-01-18,30.01139,-93.27,Gillnet,Archosargus Probatocephalus,Sheepshead,1
Calcasieu,2012-05-14,30.01139,-93.27,Gillnet,Archosargus Probatocephalus,Sheepshead,1
Calcasieu,2012-08-22,30.01139,-93.27,Gillnet,Pogonias Cromis,Black Drum,1
Calcasieu,2012-09-06,30.01139,-93.27,Gillnet,Cynoscion Nebulosus,Spotted Seatrout,1
Calcasieu,2013-02-14,30.01139,-93.27,Gillnet,Pogonias Cromis,Black Drum,1
Calcasieu,2013-02-14,30.01139,-93.27,Gillnet,Sciaenops Ocellatus,Red Drum,1
Calcasieu,2013-05-07,30.01139,-93.27,Gillnet,Cynoscion Nebulosus,Spotted Seatrout,9
Calcasieu,2013-06-13,30.01139,-93.27,Gillnet,Atractosteus Spatula,Alligator Gar,1
Calcasieu,2013-06-13,30.01139,-93.27,Gillnet,Cynoscion Nebulosus,Spotted Seatrout,1
Calcasieu,2013-07-23,30.01139,-93.27,Gillnet,Bagre Marinus,Gafftopsail Catfish,1
Calcasieu,2014-04-23,30.01139,-93.27,Gillnet,Pogonias Cromis,Black Drum,1
Calcasieu,2014-05-21,30.01139,-93.27,Gillnet,Pogonias Cromis,Black Drum,1
Calcasieu,2014-06-03,30.01139,-93.27,Gillnet,Micropogonias Undulatus,Atlantic Croaker,1
Calcasieu,2014-07-16,30.01139,-93.27,Gillnet,Peprilus Alepidotus,Harvestfish,1
Calcasieu,2015-01-14,30.01139,-93.27,Gillnet,Dorosoma Cepedianum,Gizzard Shad,1
Calcasieu,2015-03-11,30.01139,-93.27,Gillnet,Pogonias Cromis,Black Drum,4
Calcasieu,2015-04-21,30.01139,-93.27,Gillnet,Cynoscion Nebulosus,Spotted Seatrout,1
Calcasieu,2015-04-21,30.01139,-93.27,Gillnet,Mugil Cephalus,Striped Mullet,1
Calcasieu,2015-04-21,30.01139,-93.27,Gillnet,Pogonias Cromis,Black Drum,4
Calcasieu,2015-06-22,30.01139,-93.27,Gillnet,Paralichthys Lethostigma,Southern Flounder,1
Calcasieu,2015-07-15,30.01139,-93.27,Gillnet,Callinectes Sapidus,Blue Crab,4
Calcasieu,2015-07-15,30.01139,-93.27,Gillnet,Micropogonias Undulatus,Atlantic Croaker,9
Calcasieu,2015-08-24,30.01139,-93.27,Gillnet,Bagre Marinus,Gafftopsail Catfish,1
Calcasieu,2015-08-24,30.01139,-93.27,Gillnet,Pogonias Cromis,Black Drum,1
Calcasieu,2015-09-14,30.01139,-93.27,Gillnet,Bagre Marinus,Gafftopsail Catfish,1
Calcasieu,2015-11-09,30.01139,-93.27,Gillnet,Archosargus Probatocephalus,Sheepshead,1
Calcasieu,2016-04-05,30.01139,-93.27,Gillnet,Cynoscion Nebulosus,Spotted Seatrout,4
Calcasieu,2016-06-07,30.01139,-93.27,Gillnet,Bagre Marinus,Gafftopsail Catfish,1
Calcasieu,2016-06-07,30.01139,-93.27,Gillnet,Pogonias Cromis,Black Drum,1
Calcasieu,2017-01-09,30.01139,-93.27,Gillnet,Dorosoma Cepedianum,Gizzard Shad,13
Calcasieu,2017-07-17,30.01139,-93.27,Gillnet,Callinectes Sapidus,Blue Crab,1
Calcasieu,2018-06-27,30.01139,-93.27,Gillnet,Bagre Marinus,Gafftopsail Catfish,4
Calcasieu,2018-07-17,30.01139,-93.27,Gillnet,Arius Felis,Sea Catfish,3
Calcasieu,2018-07-17,30.01139,-93.27,Gillnet,Brevoortia Patronus,Gulf Menhaden,9
Calcasieu,2018-07-17,30.01139,-93.27,Gillnet,Elops Saurus,Ladyfish,1
Calcasieu,2018-07-17,30.01139,-93.27,Gillnet,Micropogonias Undulatus,Atlantic Croaker,4
Calcasieu,2018-07-17,30.01139,-93.27,Gillnet,Mugil Cephalus,Striped Mullet,1
Calcasieu,2018-07-17,30.01139,-93.27,Gillnet,Penaeus Setiferus,White Shrimp,1
Calcasieu,2018-12-03,30.01139,-93.27,Gillnet,Pogonias Cromis,Black Drum,9
