basin,date,lat,lon,gear,sci_name,species,n
Pontchartrain,1992-02-19,30.12222,-89.71889,Gillnet,Lepomis Microlophus,Redear Sunfish,1
Pontchartrain,1992-03-24,30.12222,-89.71889,Gillnet,Dorosoma Cepedianum,Gizzard Shad,1
Pontchartrain,1992-03-24,30.12222,-89.71889,Gillnet,Sciaenops Ocellatus,Red Drum,4
Pontchartrain,1992-04-13,30.12222,-89.71889,Gillnet,Lepisosteus Oculatus,Spotted Gar,1
Pontchartrain,1992-06-17,30.12222,-89.71889,Gillnet,Arius Felis,Sea Catfish,2
Pontchartrain,1992-06-17,30.12222,-89.71889,Gillnet,Atractosteus Spatula,Alligator Gar,1
Pontchartrain,1992-06-17,30.12222,-89.71889,Gillnet,Micropterus Salmoides,Largemouth Bass,1
Pontchartrain,1992-06-17,30.12222,-89.71889,Gillnet,Sciaenops Ocellatus,Red Drum,25
Pontchartrain,1992-07-22,30.12222,-89.71889,Gillnet,Arius Felis,Sea Catfish,1
Pontchartrain,1992-07-22,30.12222,-89.71889,Gillnet,Dorosoma Cepedianum,Gizzard Shad,1
Pontchartrain,1992-07-22,30.12222,-89.71889,Gillnet,Sciaenops Ocellatus,Red Drum,4
Pontchartrain,1992-08-12,30.12222,-89.71889,Gillnet,Dorosoma Cepedianum,Gizzard Shad,3
Pontchartrain,1992-08-12,30.12222,-89.71889,Gillnet,Lepomis Microlophus,Redear Sunfish,1
Pontchartrain,1992-08-12,30.12222,-89.71889,Gillnet,Pogonias Cromis,Black Drum,1
Pontchartrain,1992-08-12,30.12222,-89.71889,Gillnet,Sciaenops Ocellatus,Red Drum,9
Pontchartrain,1993-03-24,30.12222,-89.71889,Gillnet,Dorosoma Cepedianum,Gizzard Shad,3
Pontchartrain,1993-03-24,30.12222,-89.71889,Gillnet,Paralichthys Lethostigma,Southern Flounder,1
Pontchartrain,1993-03-24,30.12222,-89.71889,Gillnet,Sciaenops Ocellatus,Red Drum,1
Pontchartrain,1993-06-14,30.12222,-89.71889,Gillnet,Arius Felis,Sea Catfish,3
Pontchartrain,1993-06-14,30.12222,-89.71889,Gillnet,Dorosoma Cepedianum,Gizzard Shad,3
Pontchartrain,1993-06-14,30.12222,-89.71889,Gillnet,Pogonias Cromis,Black Drum,1
Pontchartrain,1993-07-14,30.12222,-89.71889,Gillnet,Dorosoma Cepedianum,Gizzard Shad,1
Pontchartrain,1993-08-03,30.12222,-89.71889,Gillnet,Arius Felis,Sea Catfish,1
Pontchartrain,1993-08-03,30.12222,-89.71889,Gillnet,Dorosoma Cepedianum,Gizzard Shad,3
Pontchartrain,1993-08-03,30.12222,-89.71889,Gillnet,Sciaenops Ocellatus,Red Drum,1
Pontchartrain,1993-11-23,30.12222,-89.71889,Gillnet,Sciaenops Ocellatus,Red Drum,1
Pontchartrain,1994-02-25,30.12222,-89.71889,Gillnet,Lepomis Microlophus,Redear Sunfish,1
Pontchartrain,1994-02-25,30.12222,-89.71889,Gillnet,Sciaenops Ocellatus,Red Drum,1
Pontchartrain,1994-07-20,30.12222,-89.71889,Gillnet,Arius Felis,Sea Catfish,1
Pontchartrain,1994-07-20,30.12222,-89.71889,Gillnet,Dorosoma Cepedianum,Gizzard Shad,1
Pontchartrain,1994-07-20,30.12222,-89.71889,Gillnet,Sciaenops Ocellatus,Red Drum,1
Pontchartrain,1994-09-21,30.12222,-89.71889,Gillnet,Dorosoma Cepedianum,Gizzard Shad,1
Pontchartrain,1994-09-21,30.12222,-89.71889,Gillnet,Sciaenops Ocellatus,Red Drum,9
Pontchartrain,1995-05-04,30.12222,-89.71889,Gillnet,Sciaenops Ocellatus,Red Drum,4
Pontchartrain,1995-05-22,30.12222,-89.71889,Gillnet,Dorosoma Cepedianum,Gizzard Shad,1
Pontchartrain,1995-06-07,30.12222,-89.71889,Gillnet,Dorosoma Cepedianum,Gizzard Shad,1
Pontchartrain,1995-06-07,30.12222,-89.71889,Gillnet,Pogonias Cromis,Black Drum,1
Pontchartrain,1995-06-07,30.12222,-89.71889,Gillnet,Sciaenops Ocellatus,Red Drum,1
Pontchartrain,1995-07-17,30.12222,-89.71889,Gillnet,Bagre Marinus,Gafftopsail Catfish,1
Pontchartrain,1995-07-17,30.12222,-89.71889,Gillnet,Pogonias Cromis,Black Drum,1
Pontchartrain,1995-08-16,30.12222,-89.71889,Gillnet,Arius Felis,Sea Catfish,1
Pontchartrain,1995-08-16,30.12222,-89.71889,Gillnet,Bagre Marinus,Gafftopsail Catfish,2
Pontchartrain,1995-08-16,30.12222,-89.71889,Gillnet,Dorosoma Cepedianum,Gizzard Shad,3
Pontchartrain,1995-08-29,30.12222,-89.71889,Gillnet,Sciaenops Ocellatus,Red Drum,9
Pontchartrain,1995-09-20,30.12222,-89.71889,Gillnet,Bagre Marinus,Gafftopsail Catfish,1
Pontchartrain,1995-09-20,30.12222,-89.71889,Gillnet,Dorosoma Cepedianum,Gizzard Shad,7
Pontchartrain,1995-09-20,30.12222,-89.71889,Gillnet,Micropogonias Undulatus,Atlantic Croaker,1
Pontchartrain,1995-09-25,30.12222,-89.71889,Gillnet,Arius Felis,Sea Catfish,1
Pontchartrain,1995-09-25,30.12222,-89.71889,Gillnet,Dorosoma Cepedianum,Gizzard Shad,3
Pontchartrain,1995-10-05,30.12222,-89.71889,Gillnet,Dorosoma Cepedianum,Gizzard Shad,2
Pontchartrain,1995-10-05,30.12222,-89.71889,Gillnet,Sciaenops Ocellatus,Red Drum,4
Pontchartrain,1996-02-22,30.12222,-89.71889,Gillnet,Dorosoma Cepedianum,Gizzard Shad,3
Pontchartrain,1996-02-22,30.12222,-89.71889,Gillnet,Micropterus Salmoides,Largemouth Bass,1
Pontchartrain,1996-04-11,30.12222,-89.71889,Gillnet,Lepisosteus Oculatus,Spotted Gar,1
Pontchartrain,1996-04-30,30.12222,-89.71889,Gillnet,Arius Felis,Sea Catfish,1
Pontchartrain,1996-04-30,30.12222,-89.71889,Gillnet,Dorosoma Cepedianum,Gizzard Shad,1
Pontchartrain,1996-05-07,30.12222,-89.71889,Gillnet,Arius Felis,Sea Catfish,3
Pontchartrain,1996-05-07,30.12222,-89.71889,Gillnet,Dorosoma Cepedianum,Gizzard Shad,2
Pontchartrain,1996-05-07,30.12222,-89.71889,Gillnet,Paralichthys Lethostigma,Southern Flounder,1
Pontchartrain,1996-05-21,30.12222,-89.71889,Gillnet,Arius Felis,Sea Catfish,5
Pontchartrain,1996-05-21,30.12222,-89.71889,Gillnet,Dorosoma Cepedianum,Gizzard Shad,3
Pontchartrain,1996-05-21,30.12222,-89.71889,Gillnet,Sciaenops Ocellatus,Red Drum,1
Pontchartrain,1996-06-05,30.12222,-89.71889,Gillnet,Dorosoma Cepedianum,Gizzard Shad,1
Pontchartrain,1996-06-11,30.12222,-89.71889,Gillnet,Arius Felis,Sea Catfish,6
Pontchartrain,1996-06-11,30.12222,-89.71889,Gillnet,Bagre Marinus,Gafftopsail Catfish,1
Pontchartrain,1996-06-11,30.12222,-89.71889,Gillnet,Dorosoma Cepedianum,Gizzard Shad,1
Pontchartrain,1996-06-11,30.12222,-89.71889,Gillnet,Sciaenops Ocellatus,Red Drum,1
Pontchartrain,1996-07-22,30.12222,-89.71889,Gillnet,Arius Felis,Sea Catfish,4
Pontchartrain,1996-07-22,30.12222,-89.71889,Gillnet,Dorosoma Cepedianum,Gizzard Shad,7
Pontchartrain,1996-07-30,30.12222,-89.71889,Gillnet,Arius Felis,Sea Catfish,1
Pontchartrain,1996-07-30,30.12222,-89.71889,Gillnet,Dorosoma Cepedianum,Gizzard Shad,3
Pontchartrain,1996-08-05,30.12222,-89.71889,Gillnet,Arius Felis,Sea Catfish,1
Pontchartrain,1996-08-05,30.12222,-89.71889,Gillnet,Dorosoma Cepedianum,Gizzard Shad,5
Pontchartrain,1996-09-12,30.12222,-89.71889,Gillnet,Dorosoma Cepedianum,Gizzard Shad,1
Pontchartrain,1996-09-24,30.12222,-89.71889,Gillnet,Dorosoma Cepedianum,Gizzard Shad,2
Pontchartrain,1996-10-17,30.12222,-89.71889,Gillnet,Dorosoma Cepedianum,Gizzard Shad,1
Pontchartrain,1997-03-03,30.12222,-89.71889,Gillnet,Dorosoma Cepedianum,Gizzard Shad,1
Pontchartrain,1997-04-16,30.12222,-89.71889,Gillnet,Dorosoma Cepedianum,Gizzard Shad,2
Pontchartrain,1997-06-02,30.12222,-89.71889,Gillnet,Dorosoma Cepedianum,Gizzard Shad,2
Pontchartrain,1997-06-13,30.12222,-89.71889,Gillnet,Arius Felis,Sea Catfish,1
Pontchartrain,1997-06-13,30.12222,-89.71889,Gillnet,Dorosoma Cepedianum,Gizzard Shad,2
Pontchartrain,1997-07-01,30.12222,-89.71889,Gillnet,Bagre Marinus,Gafftopsail Catfish,1
Pontchartrain,1997-07-10,30.12222,-89.71889,Gillnet,Dorosoma Cepedianum,Gizzard Shad,2
Pontchartrain,1997-08-14,30.12222,-89.71889,Gillnet,Arius Felis,Sea Catfish,1
Pontchartrain,1997-08-14,30.12222,-89.71889,Gillnet,Sciaenops Ocellatus,Red Drum,1
Pontchartrain,1997-11-05,30.12222,-89.71889,Gillnet,Dorosoma Cepedianum,Gizzard Shad,2
Pontchartrain,1998-01-06,30.12222,-89.71889,Gillnet,Archosargus Probatocephalus,Sheepshead,1
Pontchartrain,1998-01-06,30.12222,-89.71889,Gillnet,Dorosoma Cepedianum,Gizzard Shad,3
Pontchartrain,1998-04-23,30.12222,-89.71889,Gillnet,Cynoscion Nebulosus,Spotted Seatrout,1
Pontchartrain,1998-06-03,30.12222,-89.71889,Gillnet,Arius Felis,Sea Catfish,3
Pontchartrain,1998-06-03,30.12222,-89.71889,Gillnet,Dorosoma Cepedianum,Gizzard Shad,1
Pontchartrain,1998-06-24,30.12222,-89.71889,Gillnet,Callinectes Sapidus,Blue Crab,1
Pontchartrain,1998-07-15,30.12222,-89.71889,Gillnet,Bagre Marinus,Gafftopsail Catfish,1
Pontchartrain,1998-07-15,30.12222,-89.71889,Gillnet,Dorosoma Cepedianum,Gizzard Shad,4
Pontchartrain,1998-07-15,30.12222,-89.71889,Gillnet,Pogonias Cromis,Black Drum,1
Pontchartrain,1998-07-22,30.12222,-89.71889,Gillnet,Dorosoma Cepedianum,Gizzard Shad,6
Pontchartrain,1998-08-05,30.12222,-89.71889,Gillnet,Dorosoma Cepedianum,Gizzard Shad,2
Pontchartrain,1998-08-17,30.12222,-89.71889,Gillnet,Dorosoma Cepedianum,Gizzard Shad,1
Pontchartrain,1998-09-17,30.12222,-89.71889,Gillnet,Bagre Marinus,Gafftopsail Catfish,1
Pontchartrain,1998-11-17,30.12222,-89.71889,Gillnet,Dorosoma Cepedianum,Gizzard Shad,12
Pontchartrain,1998-12-14,30.12222,-89.71889,Gillnet,Dorosoma Petenense,Threadfin Shad,2
Pontchartrain,1999-04-19,30.12222,-89.71889,Gillnet,Dorosoma Cepedianum,Gizzard Shad,1
Pontchartrain,1999-04-28,30.12222,-89.71889,Gillnet,Dorosoma Cepedianum,Gizzard Shad,2
Pontchartrain,1999-05-11,30.12222,-89.71889,Gillnet,Arius Felis,Sea Catfish,1
Pontchartrain,1999-06-14,30.12222,-89.71889,Gillnet,Dorosoma Cepedianum,Gizzard Shad,1
Pontchartrain,1999-07-22,30.12222,-89.71889,Gillnet,Dorosoma Cepedianum,Gizzard Shad,1
Pontchartrain,1999-08-23,30.12222,-89.71889,Gillnet,Bagre Marinus,Gafftopsail Catfish,1
Pontchartrain,1999-08-23,30.12222,-89.71889,Gillnet,Dorosoma Cepedianum,Gizzard Shad,3
Pontchartrain,1999-09-09,30.12222,-89.71889,Gillnet,Dorosoma Cepedianum,Gizzard Shad,1
Pontchartrain,1999-09-21,30.12222,-89.71889,Gillnet,Bagre Marinus,Gafftopsail Catfish,1
Pontchartrain,1999-09-21,30.12222,-89.71889,Gillnet,Dorosoma Cepedianum,Gizzard Shad,4
Pontchartrain,1999-11-17,30.12222,-89.71889,Gillnet,Cynoscion Nebulosus,Spotted Seatrout,1
Pontchartrain,2000-03-20,30.12222,-89.71889,Gillnet,Dorosoma Cepedianum,Gizzard Shad,3
Pontchartrain,2000-04-10,30.12222,-89.71889,Gillnet,Dorosoma Cepedianum,Gizzard Shad,28
Pontchartrain,2000-04-19,30.12222,-89.71889,Gillnet,Dorosoma Cepedianum,Gizzard Shad,1
Pontchartrain,2000-05-03,30.12222,-89.71889,Gillnet,Arius Felis,Sea Catfish,1
Pontchartrain,2000-05-03,30.12222,-89.71889,Gillnet,Dorosoma Cepedianum,Gizzard Shad,1
Pontchartrain,2000-05-03,30.12222,-89.71889,Gillnet,Sciaenops Ocellatus,Red Drum,1
Pontchartrain,2000-05-11,30.12222,-89.71889,Gillnet,Cynoscion Nebulosus,Spotted Seatrout,1
Pontchartrain,2000-05-11,30.12222,-89.71889,Gillnet,Dorosoma Cepedianum,Gizzard Shad,1
Pontchartrain,2000-06-05,30.12222,-89.71889,Gillnet,Arius Felis,Sea Catfish,1
Pontchartrain,2000-06-05,30.12222,-89.71889,Gillnet,Dorosoma Cepedianum,Gizzard Shad,1
Pontchartrain,2000-06-23,30.12222,-89.71889,Gillnet,Arius Felis,Sea Catfish,19
Pontchartrain,2000-06-23,30.12222,-89.71889,Gillnet,Dorosoma Cepedianum,Gizzard Shad,1
Pontchartrain,2000-06-23,30.12222,-89.71889,Gillnet,Lagodon Rhomboides,Pinfish,1
Pontchartrain,2000-06-23,30.12222,-89.71889,Gillnet,Pogonias Cromis,Black Drum,9
Pontchartrain,2000-06-23,30.12222,-89.71889,Gillnet,Sciaenops Ocellatus,Red Drum,4
Pontchartrain,2000-07-05,30.12222,-89.71889,Gillnet,Carcharhinus Leucas,Bull Shark,1
Pontchartrain,2000-07-05,30.12222,-89.71889,Gillnet,Dorosoma Cepedianum,Gizzard Shad,1
Pontchartrain,2000-07-20,30.12222,-89.71889,Gillnet,Brevoortia Patronus,Gulf Menhaden,1
Pontchartrain,2000-07-20,30.12222,-89.71889,Gillnet,Dorosoma Cepedianum,Gizzard Shad,4
Pontchartrain,2000-08-01,30.12222,-89.71889,Gillnet,Arius Felis,Sea Catfish,3
Pontchartrain,2000-08-01,30.12222,-89.71889,Gillnet,Carcharhinus Leucas,Bull Shark,1
Pontchartrain,2000-08-01,30.12222,-89.71889,Gillnet,Dorosoma Cepedianum,Gizzard Shad,11
Pontchartrain,2000-08-01,30.12222,-89.71889,Gillnet,Micropogonias Undulatus,Atlantic Croaker,1
Pontchartrain,2000-08-01,30.12222,-89.71889,Gillnet,Sciaenops Ocellatus,Red Drum,1
Pontchartrain,2000-08-14,30.12222,-89.71889,Gillnet,Dorosoma Cepedianum,Gizzard Shad,8
Pontchartrain,2000-08-14,30.12222,-89.71889,Gillnet,Sciaenops Ocellatus,Red Drum,4
Pontchartrain,2000-09-13,30.12222,-89.71889,Gillnet,Dorosoma Cepedianum,Gizzard Shad,8
Pontchartrain,2000-09-25,30.12222,-89.71889,Gillnet,Arius Felis,Sea Catfish,2
Pontchartrain,2000-09-25,30.12222,-89.71889,Gillnet,Dorosoma Cepedianum,Gizzard Shad,3
Pontchartrain,2000-09-25,30.12222,-89.71889,Gillnet,Lagodon Rhomboides,Pinfish,2
Pontchartrain,2000-10-02,30.12222,-89.71889,Gillnet,Bagre Marinus,Gafftopsail Catfish,1
Pontchartrain,2000-10-02,30.12222,-89.71889,Gillnet,Dorosoma Cepedianum,Gizzard Shad,16
Pontchartrain,2000-10-02,30.12222,-89.71889,Gillnet,Pogonias Cromis,Black Drum,4
Pontchartrain,2001-03-01,30.12222,-89.71889,Gillnet,Sciaenops Ocellatus,Red Drum,1
Pontchartrain,2001-04-18,30.12222,-89.71889,Gillnet,Arius Felis,Sea Catfish,2
Pontchartrain,2001-04-18,30.12222,-89.71889,Gillnet,Cynoscion Nebulosus,Spotted Seatrout,1
Pontchartrain,2001-04-18,30.12222,-89.71889,Gillnet,Dorosoma Cepedianum,Gizzard Shad,7
Pontchartrain,2001-05-02,30.12222,-89.71889,Gillnet,Arius Felis,Sea Catfish,1
Pontchartrain,2001-05-18,30.12222,-89.71889,Gillnet,Bagre Marinus,Gafftopsail Catfish,1
Pontchartrain,2001-06-13,30.12222,-89.71889,Gillnet,Arius Felis,Sea Catfish,2
Pontchartrain,2001-06-13,30.12222,-89.71889,Gillnet,Bagre Marinus,Gafftopsail Catfish,1
Pontchartrain,2001-06-13,30.12222,-89.71889,Gillnet,Dorosoma Cepedianum,Gizzard Shad,2
Pontchartrain,2001-06-13,30.12222,-89.71889,Gillnet,Pogonias Cromis,Black Drum,1
Pontchartrain,2001-06-13,30.12222,-89.71889,Gillnet,Sciaenops Ocellatus,Red Drum,1
Pontchartrain,2001-07-10,30.12222,-89.71889,Gillnet,Arius Felis,Sea Catfish,4
Pontchartrain,2001-07-10,30.12222,-89.71889,Gillnet,Bagre Marinus,Gafftopsail Catfish,4
Pontchartrain,2001-07-10,30.12222,-89.71889,Gillnet,Brevoortia Patronus,Gulf Menhaden,4
Pontchartrain,2001-09-06,30.12222,-89.71889,Gillnet,Arius Felis,Sea Catfish,1
Pontchartrain,2001-09-06,30.12222,-89.71889,Gillnet,Dorosoma Cepedianum,Gizzard Shad,3
Pontchartrain,2001-09-19,30.12222,-89.71889,Gillnet,Bagre Marinus,Gafftopsail Catfish,1
Pontchartrain,2001-09-19,30.12222,-89.71889,Gillnet,Dorosoma Cepedianum,Gizzard Shad,1
Pontchartrain,2001-09-19,30.12222,-89.71889,Gillnet,Pogonias Cromis,Black Drum,4
Pontchartrain,2001-09-19,30.12222,-89.71889,Gillnet,Sciaenops Ocellatus,Red Drum,1
Pontchartrain,2001-10-03,30.12222,-89.71889,Gillnet,Archosargus Probatocephalus,Sheepshead,1
Pontchartrain,2001-10-03,30.12222,-89.71889,Gillnet,Bagre Marinus,Gafftopsail Catfish,1
Pontchartrain,2001-10-03,30.12222,-89.71889,Gillnet,Dorosoma Cepedianum,Gizzard Shad,3
Pontchartrain,2001-10-03,30.12222,-89.71889,Gillnet,Micropogonias Undulatus,Atlantic Croaker,1
Pontchartrain,2001-11-02,30.12222,-89.71889,Gillnet,Cynoscion Nebulosus,Spotted Seatrout,1
Pontchartrain,2001-12-06,30.12222,-89.71889,Gillnet,Sciaenops Ocellatus,Red Drum,1
Pontchartrain,2002-01-07,30.12222,-89.71889,Gillnet,Lepisosteus Oculatus,Spotted Gar,2
Pontchartrain,2002-04-01,30.12222,-89.71889,Gillnet,Arius Felis,Sea Catfish,3
Pontchartrain,2002-04-01,30.12222,-89.71889,Gillnet,Cynoscion Nebulosus,Spotted Seatrout,4
Pontchartrain,2002-04-17,30.12222,-89.71889,Gillnet,Arius Felis,Sea Catfish,1
Pontchartrain,2002-05-07,30.12222,-89.71889,Gillnet,Callinectes Sapidus,Blue Crab,1
Pontchartrain,2002-05-07,30.12222,-89.71889,Gillnet,Sciaenops Ocellatus,Red Drum,1
Pontchartrain,2002-05-23,30.12222,-89.71889,Gillnet,Arius Felis,Sea Catfish,7
Pontchartrain,2002-06-05,30.12222,-89.71889,Gillnet,Arius Felis,Sea Catfish,4
Pontchartrain,2002-06-05,30.12222,-89.71889,Gillnet,Dorosoma Cepedianum,Gizzard Shad,1
Pontchartrain,2002-06-21,30.12222,-89.71889,Gillnet,Arius Felis,Sea Catfish,1
Pontchartrain,2002-06-21,30.12222,-89.71889,Gillnet,Bagre Marinus,Gafftopsail Catfish,1
Pontchartrain,2002-07-03,30.12222,-89.71889,Gillnet,Pogonias Cromis,Black Drum,1
Pontchartrain,2002-08-09,30.12222,-89.71889,Gillnet,Bagre Marinus,Gafftopsail Catfish,4
Pontchartrain,2002-08-21,30.12222,-89.71889,Gillnet,Arius Felis,Sea Catfish,1
Pontchartrain,2002-08-21,30.12222,-89.71889,Gillnet,Micropogonias Undulatus,Atlantic Croaker,1
Pontchartrain,2002-09-06,30.12222,-89.71889,Gillnet,Bagre Marinus,Gafftopsail Catfish,1
Pontchartrain,2002-09-06,30.12222,-89.71889,Gillnet,Brevoortia Patronus,Gulf Menhaden,1
Pontchartrain,2003-04-21,30.12222,-89.71889,Gillnet,Cynoscion Nebulosus,Spotted Seatrout,9
Pontchartrain,2003-04-21,30.12222,-89.71889,Gillnet,Sciaenops Ocellatus,Red Drum,81
Pontchartrain,2003-05-08,30.12222,-89.71889,Gillnet,Callinectes Sapidus,Blue Crab,4
Pontchartrain,2003-05-27,30.12222,-89.71889,Gillnet,Arius Felis,Sea Catfish,2
Pontchartrain,2003-06-05,30.12222,-89.71889,Gillnet,Arius Felis,Sea Catfish,2
Pontchartrain,2003-07-15,30.12222,-89.71889,Gillnet,Arius Felis,Sea Catfish,2
Pontchartrain,2003-07-15,30.12222,-89.71889,Gillnet,Pogonias Cromis,Black Drum,1
Pontchartrain,2003-08-07,30.12222,-89.71889,Gillnet,Archosargus Probatocephalus,Sheepshead,1
Pontchartrain,2003-08-07,30.12222,-89.71889,Gillnet,Arius Felis,Sea Catfish,1
Pontchartrain,2003-08-07,30.12222,-89.71889,Gillnet,Pogonias Cromis,Black Drum,16
Pontchartrain,2003-08-07,30.12222,-89.71889,Gillnet,Sciaenops Ocellatus,Red Drum,1
Pontchartrain,2003-08-20,30.12222,-89.71889,Gillnet,Arius Felis,Sea Catfish,1
Pontchartrain,2003-08-20,30.12222,-89.71889,Gillnet,Cynoscion Nebulosus,Spotted Seatrout,1
Pontchartrain,2003-09-10,30.12222,-89.71889,Gillnet,Arius Felis,Sea Catfish,1
Pontchartrain,2003-09-25,30.12222,-89.71889,Gillnet,Arius Felis,Sea Catfish,1
Pontchartrain,2003-10-03,30.12222,-89.71889,Gillnet,Arius Felis,Sea Catfish,1
Pontchartrain,2003-10-03,30.12222,-89.71889,Gillnet,Sciaenops Ocellatus,Red Drum,1
Pontchartrain,2003-11-04,30.12222,-89.71889,Gillnet,Arius Felis,Sea Catfish,1
Pontchartrain,2003-12-01,30.12222,-89.71889,Gillnet,Cynoscion Nebulosus,Spotted Seatrout,1
Pontchartrain,2004-03-02,30.12222,-89.71889,Gillnet,Sciaenops Ocellatus,Red Drum,49
Pontchartrain,2004-04-01,30.12222,-89.71889,Gillnet,Cynoscion Nebulosus,Spotted Seatrout,1
Pontchartrain,2004-04-01,30.12222,-89.71889,Gillnet,Sciaenops Ocellatus,Red Drum,4
Pontchartrain,2004-04-15,30.12222,-89.71889,Gillnet,Arius Felis,Sea Catfish,1
Pontchartrain,2004-05-03,30.12222,-89.71889,Gillnet,Sciaenops Ocellatus,Red Drum,1
Pontchartrain,2004-05-16,30.12222,-89.71889,Gillnet,Arius Felis,Sea Catfish,1
Pontchartrain,2004-05-16,30.12222,-89.71889,Gillnet,Bagre Marinus,Gafftopsail Catfish,1
Pontchartrain,2004-05-16,30.12222,-89.71889,Gillnet,Carcharhinus Leucas,Bull Shark,1
Pontchartrain,2004-06-02,30.12222,-89.71889,Gillnet,Arius Felis,Sea Catfish,2
Pontchartrain,2004-06-22,30.12222,-89.71889,Gillnet,Arius Felis,Sea Catfish,2
Pontchartrain,2004-07-06,30.12222,-89.71889,Gillnet,Arius Felis,Sea Catfish,1
Pontchartrain,2004-07-06,30.12222,-89.71889,Gillnet,Sciaenops Ocellatus,Red Drum,1
Pontchartrain,2004-07-19,30.12222,-89.71889,Gillnet,Sciaenops Ocellatus,Red Drum,1
Pontchartrain,2004-08-02,30.12222,-89.71889,Gillnet,Caranx Hippos,Crevalle Jack,1
Pontchartrain,2004-08-02,30.12222,-89.71889,Gillnet,Sciaenops Ocellatus,Red Drum,4
Pontchartrain,2004-08-20,30.12222,-89.71889,Gillnet,Arius Felis,Sea Catfish,2
Pontchartrain,2004-09-08,30.12222,-89.71889,Gillnet,Arius Felis,Sea Catfish,3
Pontchartrain,2004-09-08,30.12222,-89.71889,Gillnet,Brevoortia Patronus,Gulf Menhaden,1
Pontchartrain,2004-09-08,30.12222,-89.71889,Gillnet,Dorosoma Cepedianum,Gizzard Shad,3
Pontchartrain,2004-10-05,30.12222,-89.71889,Gillnet,Cynoscion Nebulosus,Spotted Seatrout,1
Pontchartrain,2005-01-03,30.12222,-89.71889,Gillnet,Cynoscion Nebulosus,Spotted Seatrout,36
Pontchartrain,2005-01-03,30.12222,-89.71889,Gillnet,Mugil Cephalus,Striped Mullet,1
Pontchartrain,2005-01-03,30.12222,-89.71889,Gillnet,Sciaenops Ocellatus,Red Drum,9
Pontchartrain,2005-04-01,30.12222,-89.71889,Gillnet,Cynoscion Nebulosus,Spotted Seatrout,1
Pontchartrain,2005-04-01,30.12222,-89.71889,Gillnet,Pogonias Cromis,Black Drum,4
Pontchartrain,2005-04-01,30.12222,-89.71889,Gillnet,Sciaenops Ocellatus,Red Drum,4
Pontchartrain,2005-04-12,30.12222,-89.71889,Gillnet,Arius Felis,Sea Catfish,1
Pontchartrain,2005-04-12,30.12222,-89.71889,Gillnet,Cynoscion Nebulosus,Spotted Seatrout,4
Pontchartrain,2005-05-03,30.12222,-89.71889,Gillnet,Arius Felis,Sea Catfish,2
Pontchartrain,2005-05-03,30.12222,-89.71889,Gillnet,Cynoscion Nebulosus,Spotted Seatrout,36
Pontchartrain,2005-05-03,30.12222,-89.71889,Gillnet,Dorosoma Cepedianum,Gizzard Shad,2
Pontchartrain,2005-05-03,30.12222,-89.71889,Gillnet,Pogonias Cromis,Black Drum,1
Pontchartrain,2005-05-18,30.12222,-89.71889,Gillnet,Arius Felis,Sea Catfish,1
Pontchartrain,2005-05-18,30.12222,-89.71889,Gillnet,Dorosoma Cepedianum,Gizzard Shad,1
Pontchartrain,2005-06-03,30.12222,-89.71889,Gillnet,Arius Felis,Sea Catfish,1
Pontchartrain,2005-06-03,30.12222,-89.71889,Gillnet,Callinectes Sapidus,Blue Crab,1
Pontchartrain,2005-06-03,30.12222,-89.71889,Gillnet,Pogonias Cromis,Black Drum,1
Pontchartrain,2005-07-08,30.12222,-89.71889,Gillnet,Brevoortia Patronus,Gulf Menhaden,1
Pontchartrain,2005-07-20,30.12222,-89.71889,Gillnet,Arius Felis,Sea Catfish,1
Pontchartrain,2005-07-20,30.12222,-89.71889,Gillnet,Bagre Marinus,Gafftopsail Catfish,1
Pontchartrain,2005-08-01,30.12222,-89.71889,Gillnet,Arius Felis,Sea Catfish,2
Pontchartrain,2005-08-01,30.12222,-89.71889,Gillnet,Pogonias Cromis,Black Drum,4
Pontchartrain,2005-08-19,30.12222,-89.71889,Gillnet,Arius Felis,Sea Catfish,1
Pontchartrain,2005-08-19,30.12222,-89.71889,Gillnet,Callinectes Sapidus,Blue Crab,1
Pontchartrain,2005-10-10,30.12222,-89.71889,Gillnet,Callinectes Sapidus,Blue Crab,1
Pontchartrain,2005-10-10,30.12222,-89.71889,Gillnet,Pogonias Cromis,Black Drum,4
Pontchartrain,2006-03-03,30.12222,-89.71889,Gillnet,Cynoscion Nebulosus,Spotted Seatrout,1
Pontchartrain,2006-04-17,30.12222,-89.71889,Gillnet,Arius Felis,Sea Catfish,2
Pontchartrain,2006-04-17,30.12222,-89.71889,Gillnet,Pogonias Cromis,Black Drum,36
Pontchartrain,2006-04-25,30.12222,-89.71889,Gillnet,Arius Felis,Sea Catfish,4
Pontchartrain,2006-04-25,30.12222,-89.71889,Gillnet,Bagre Marinus,Gafftopsail Catfish,1
Pontchartrain,2006-04-25,30.12222,-89.71889,Gillnet,Cynoscion Nebulosus,Spotted Seatrout,4
Pontchartrain,2006-04-25,30.12222,-89.71889,Gillnet,Sciaenops Ocellatus,Red Drum,1
Pontchartrain,2006-05-08,30.12222,-89.71889,Gillnet,Archosargus Probatocephalus,Sheepshead,1
Pontchartrain,2006-05-08,30.12222,-89.71889,Gillnet,Arius Felis,Sea Catfish,2
Pontchartrain,2006-05-08,30.12222,-89.71889,Gillnet,Bagre Marinus,Gafftopsail Catfish,1
Pontchartrain,2006-05-08,30.12222,-89.71889,Gillnet,Pogonias Cromis,Black Drum,1
Pontchartrain,2006-06-07,30.12222,-89.71889,Gillnet,Arius Felis,Sea Catfish,1
Pontchartrain,2006-07-19,30.12222,-89.71889,Gillnet,Arius Felis,Sea Catfish,2
Pontchartrain,2006-08-01,30.12222,-89.71889,Gillnet,Arius Felis,Sea Catfish,1
Pontchartrain,2006-08-01,30.12222,-89.71889,Gillnet,Cynoscion Nebulosus,Spotted Seatrout,1
Pontchartrain,2006-08-01,30.12222,-89.71889,Gillnet,Pogonias Cromis,Black Drum,1
Pontchartrain,2006-08-15,30.12222,-89.71889,Gillnet,Arius Felis,Sea Catfish,2
Pontchartrain,2006-08-15,30.12222,-89.71889,Gillnet,Bagre Marinus,Gafftopsail Catfish,1
Pontchartrain,2006-08-15,30.12222,-89.71889,Gillnet,Carcharhinus Leucas,Bull Shark,1
Pontchartrain,2006-08-15,30.12222,-89.71889,Gillnet,Dorosoma Cepedianum,Gizzard Shad,1
Pontchartrain,2006-09-19,30.12222,-89.71889,Gillnet,Arius Felis,Sea Catfish,2
Pontchartrain,2006-09-19,30.12222,-89.71889,Gillnet,Pogonias Cromis,Black Drum,1
Pontchartrain,2006-11-06,30.12222,-89.71889,Gillnet,Malaclemys Terrapin,Diamondback Terrapin,1
Pontchartrain,2006-12-05,30.12222,-89.71889,Gillnet,Mugil Cephalus,Striped Mullet,4
Pontchartrain,2007-04-18,30.12222,-89.71889,Gillnet,Arius Felis,Sea Catfish,1
Pontchartrain,2007-04-18,30.12222,-89.71889,Gillnet,Cynoscion Nebulosus,Spotted Seatrout,4
Pontchartrain,2007-04-18,30.12222,-89.71889,Gillnet,Sciaenops Ocellatus,Red Drum,169
Pontchartrain,2007-05-02,30.12222,-89.71889,Gillnet,Arius Felis,Sea Catfish,1
Pontchartrain,2007-05-02,30.12222,-89.71889,Gillnet,Bagre Marinus,Gafftopsail Catfish,16
Pontchartrain,2007-05-02,30.12222,-89.71889,Gillnet,Cynoscion Nebulosus,Spotted Seatrout,1
Pontchartrain,2007-05-15,30.12222,-89.71889,Gillnet,Arius Felis,Sea Catfish,2
Pontchartrain,2007-05-15,30.12222,-89.71889,Gillnet,Cynoscion Nebulosus,Spotted Seatrout,4
Pontchartrain,2007-05-15,30.12222,-89.71889,Gillnet,Pogonias Cromis,Black Drum,36
Pontchartrain,2007-05-15,30.12222,-89.71889,Gillnet,Sciaenops Ocellatus,Red Drum,1
Pontchartrain,2007-06-07,30.12222,-89.71889,Gillnet,Arius Felis,Sea Catfish,1
Pontchartrain,2007-06-07,30.12222,-89.71889,Gillnet,Bagre Marinus,Gafftopsail Catfish,1
Pontchartrain,2007-06-20,30.12222,-89.71889,Gillnet,Bagre Marinus,Gafftopsail Catfish,1
Pontchartrain,2007-07-17,30.12222,-89.71889,Gillnet,Arius Felis,Sea Catfish,2
Pontchartrain,2007-07-17,30.12222,-89.71889,Gillnet,Bagre Marinus,Gafftopsail Catfish,4
Pontchartrain,2007-09-27,30.12222,-89.71889,Gillnet,Arius Felis,Sea Catfish,5
Pontchartrain,2007-09-27,30.12222,-89.71889,Gillnet,Bagre Marinus,Gafftopsail Catfish,25
Pontchartrain,2007-09-27,30.12222,-89.71889,Gillnet,Callinectes Sapidus,Blue Crab,1
Pontchartrain,2007-09-27,30.12222,-89.71889,Gillnet,Carcharhinus Leucas,Bull Shark,9
Pontchartrain,2007-09-27,30.12222,-89.71889,Gillnet,Cynoscion Nebulosus,Spotted Seatrout,4
Pontchartrain,2007-09-27,30.12222,-89.71889,Gillnet,Micropogonias Undulatus,Atlantic Croaker,1
Pontchartrain,2007-09-27,30.12222,-89.71889,Gillnet,Pogonias Cromis,Black Drum,1
Pontchartrain,2007-11-08,30.12222,-89.71889,Gillnet,Cynoscion Nebulosus,Spotted Seatrout,1
Pontchartrain,2008-01-08,30.12222,-89.71889,Gillnet,Cynoscion Nebulosus,Spotted Seatrout,900
Pontchartrain,2008-01-08,30.12222,-89.71889,Gillnet,Sciaenops Ocellatus,Red Drum,1296
Pontchartrain,2008-03-06,30.12222,-89.71889,Gillnet,Cynoscion Nebulosus,Spotted Seatrout,1
Pontchartrain,2008-04-01,30.12222,-89.71889,Gillnet,Cynoscion Nebulosus,Spotted Seatrout,1
Pontchartrain,2008-04-15,30.12222,-89.71889,Gillnet,Arius Felis,Sea Catfish,1
Pontchartrain,2008-04-15,30.12222,-89.71889,Gillnet,Cynoscion Nebulosus,Spotted Seatrout,1
Pontchartrain,2008-05-21,30.12222,-89.71889,Gillnet,Arius Felis,Sea Catfish,1
Pontchartrain,2008-05-21,30.12222,-89.71889,Gillnet,Bagre Marinus,Gafftopsail Catfish,1
Pontchartrain,2008-06-02,30.12222,-89.71889,Gillnet,Arius Felis,Sea Catfish,4
Pontchartrain,2008-06-23,30.12222,-89.71889,Gillnet,Arius Felis,Sea Catfish,1
Pontchartrain,2008-07-14,30.12222,-89.71889,Gillnet,Arius Felis,Sea Catfish,2
Pontchartrain,2008-07-14,30.12222,-89.71889,Gillnet,Callinectes Sapidus,Blue Crab,1
Pontchartrain,2008-07-14,30.12222,-89.71889,Gillnet,Carcharhinus Leucas,Bull Shark,9
Pontchartrain,2008-08-22,30.12222,-89.71889,Gillnet,Arius Felis,Sea Catfish,2
Pontchartrain,2008-08-22,30.12222,-89.71889,Gillnet,Callinectes Sapidus,Blue Crab,1
Pontchartrain,2008-08-22,30.12222,-89.71889,Gillnet,Elops Saurus,Ladyfish,1
Pontchartrain,2008-09-10,30.12222,-89.71889,Gillnet,Arius Felis,Sea Catfish,1
Pontchartrain,2009-03-09,30.12222,-89.71889,Gillnet,Cynoscion Nebulosus,Spotted Seatrout,16
Pontchartrain,2009-03-09,30.12222,-89.71889,Gillnet,Pogonias Cromis,Black Drum,1
Pontchartrain,2009-04-01,30.12222,-89.71889,Gillnet,Arius Felis,Sea Catfish,1
Pontchartrain,2009-04-01,30.12222,-89.71889,Gillnet,Cynoscion Nebulosus,Spotted Seatrout,1
Pontchartrain,2009-04-01,30.12222,-89.71889,Gillnet,Pogonias Cromis,Black Drum,4
Pontchartrain,2009-04-16,30.12222,-89.71889,Gillnet,Arius Felis,Sea Catfish,1
Pontchartrain,2009-05-13,30.12222,-89.71889,Gillnet,Arius Felis,Sea Catfish,2
Pontchartrain,2009-05-13,30.12222,-89.71889,Gillnet,Cynoscion Nebulosus,Spotted Seatrout,4
Pontchartrain,2009-05-13,30.12222,-89.71889,Gillnet,Pogonias Cromis,Black Drum,1
Pontchartrain,2009-05-22,30.12222,-89.71889,Gillnet,Arius Felis,Sea Catfish,2
Pontchartrain,2009-05-22,30.12222,-89.71889,Gillnet,Bagre Marinus,Gafftopsail Catfish,1
Pontchartrain,2009-05-22,30.12222,-89.71889,Gillnet,Cynoscion Nebulosus,Spotted Seatrout,1
Pontchartrain,2009-05-22,30.12222,-89.71889,Gillnet,Pogonias Cromis,Black Drum,121
Pontchartrain,2009-06-03,30.12222,-89.71889,Gillnet,Arius Felis,Sea Catfish,1
Pontchartrain,2009-06-03,30.12222,-89.71889,Gillnet,Cynoscion Nebulosus,Spotted Seatrout,1
Pontchartrain,2009-06-03,30.12222,-89.71889,Gillnet,Pogonias Cromis,Black Drum,1
Pontchartrain,2009-06-18,30.12222,-89.71889,Gillnet,Arius Felis,Sea Catfish,3
Pontchartrain,2009-06-18,30.12222,-89.71889,Gillnet,Elops Saurus,Ladyfish,1
Pontchartrain,2009-06-18,30.12222,-89.71889,Gillnet,Pogonias Cromis,Black Drum,9
Pontchartrain,2009-07-09,30.12222,-89.71889,Gillnet,Arius Felis,Sea Catfish,1
Pontchartrain,2009-08-03,30.12222,-89.71889,Gillnet,Callinectes Sapidus,Blue Crab,1
Pontchartrain,2009-08-17,30.12222,-89.71889,Gillnet,Arius Felis,Sea Catfish,2
Pontchartrain,2009-09-02,30.12222,-89.71889,Gillnet,Bagre Marinus,Gafftopsail Catfish,1
Pontchartrain,2009-10-08,30.12222,-89.71889,Gillnet,Bagre Marinus,Gafftopsail Catfish,1
Pontchartrain,2009-11-05,30.12222,-89.71889,Gillnet,Cynoscion Nebulosus,Spotted Seatrout,16
Pontchartrain,2010-02-03,30.12222,-89.71889,Gillnet,Cynoscion Nebulosus,Spotted Seatrout,25
Pontchartrain,2010-04-09,30.12222,-89.71889,Gillnet,Pogonias Cromis,Black Drum,1
Pontchartrain,2010-04-28,30.12222,-89.71889,Gillnet,Arius Felis,Sea Catfish,2
Pontchartrain,2010-05-19,30.12222,-89.71889,Gillnet,Arius Felis,Sea Catfish,2
Pontchartrain,2010-05-19,30.12222,-89.71889,Gillnet,Cynoscion Nebulosus,Spotted Seatrout,1
Pontchartrain,2010-05-19,30.12222,-89.71889,Gillnet,Sciaenops Ocellatus,Red Drum,1
Pontchartrain,2010-06-02,30.12222,-89.71889,Gillnet,Arius Felis,Sea Catfish,1
Pontchartrain,2010-06-02,30.12222,-89.71889,Gillnet,Bagre Marinus,Gafftopsail Catfish,4
Pontchartrain,2010-06-02,30.12222,-89.71889,Gillnet,Brevoortia Patronus,Gulf Menhaden,1
Pontchartrain,2010-06-02,30.12222,-89.71889,Gillnet,Dorosoma Cepedianum,Gizzard Shad,1
Pontchartrain,2010-06-17,30.12222,-89.71889,Gillnet,Arius Felis,Sea Catfish,1
Pontchartrain,2010-07-19,30.12222,-89.71889,Gillnet,Arius Felis,Sea Catfish,1
Pontchartrain,2010-08-04,30.12222,-89.71889,Gillnet,Arius Felis,Sea Catfish,2
Pontchartrain,2010-08-04,30.12222,-89.71889,Gillnet,Bagre Marinus,Gafftopsail Catfish,4
Pontchartrain,2010-08-04,30.12222,-89.71889,Gillnet,Callinectes Sapidus,Blue Crab,1
Pontchartrain,2010-08-18,30.12222,-89.71889,Gillnet,Callinectes Sapidus,Blue Crab,1
Pontchartrain,2010-09-21,30.12222,-89.71889,Gillnet,Bagre Marinus,Gafftopsail Catfish,1
Pontchartrain,2010-09-21,30.12222,-89.71889,Gillnet,Callinectes Sapidus,Blue Crab,1
Pontchartrain,2010-09-21,30.12222,-89.71889,Gillnet,Micropogonias Undulatus,Atlantic Croaker,1
Pontchartrain,2010-09-21,30.12222,-89.71889,Gillnet,Sciaenops Ocellatus,Red Drum,1
Pontchartrain,2010-10-06,30.12222,-89.71889,Gillnet,Bagre Marinus,Gafftopsail Catfish,1
Pontchartrain,2010-11-01,30.12222,-89.71889,Gillnet,Cynoscion Nebulosus,Spotted Seatrout,1
Pontchartrain,2011-03-21,30.12222,-89.71889,Gillnet,Cynoscion Nebulosus,Spotted Seatrout,4
Pontchartrain,2011-03-21,30.12222,-89.71889,Gillnet,Dorosoma Cepedianum,Gizzard Shad,1
Pontchartrain,2011-04-01,30.12222,-89.71889,Gillnet,Atractosteus Spatula,Alligator Gar,1
Pontchartrain,2011-04-01,30.12222,-89.71889,Gillnet,Cynoscion Nebulosus,Spotted Seatrout,1
Pontchartrain,2011-04-01,30.12222,-89.71889,Gillnet,Lepisosteus Oculatus,Spotted Gar,4
Pontchartrain,2011-05-05,30.12222,-89.71889,Gillnet,Cynoscion Nebulosus,Spotted Seatrout,1
Pontchartrain,2011-05-05,30.12222,-89.71889,Gillnet,Pogonias Cromis,Black Drum,1
Pontchartrain,2011-05-05,30.12222,-89.71889,Gillnet,Sciaenops Ocellatus,Red Drum,36
Pontchartrain,2011-06-08,30.12222,-89.71889,Gillnet,Bagre Marinus,Gafftopsail Catfish,4
Pontchartrain,2011-06-17,30.12222,-89.71889,Gillnet,Callinectes Sapidus,Blue Crab,1
Pontchartrain,2011-08-10,30.12222,-89.71889,Gillnet,Carcharhinus Limbatus,Blacktip Shark,1
Pontchartrain,2011-09-15,30.12222,-89.71889,Gillnet,Paralichthys Lethostigma,Southern Flounder,1
Pontchartrain,2011-10-06,30.12222,-89.71889,Gillnet,Bagre Marinus,Gafftopsail Catfish,1
Pontchartrain,2011-10-06,30.12222,-89.71889,Gillnet,Cynoscion Nebulosus,Spotted Seatrout,1
Pontchartrain,2011-11-04,30.12222,-89.71889,Gillnet,Arius Felis,Sea Catfish,1
Pontchartrain,2011-11-04,30.12222,-89.71889,Gillnet,Cynoscion Nebulosus,Spotted Seatrout,1
Pontchartrain,2012-03-12,30.12222,-89.71889,Gillnet,Arius Felis,Sea Catfish,1
Pontchartrain,2012-03-12,30.12222,-89.71889,Gillnet,Atractosteus Spatula,Alligator Gar,1
Pontchartrain,2012-04-05,30.12222,-89.71889,Gillnet,Cynoscion Nebulosus,Spotted Seatrout,4
Pontchartrain,2012-05-01,30.12222,-89.71889,Gillnet,Bagre Marinus,Gafftopsail Catfish,4
Pontchartrain,2012-05-01,30.12222,-89.71889,Gillnet,Cynoscion Nebulosus,Spotted Seatrout,4
Pontchartrain,2012-06-08,30.12222,-89.71889,Gillnet,Bagre Marinus,Gafftopsail Catfish,4
Pontchartrain,2012-06-08,30.12222,-89.71889,Gillnet,Elops Saurus,Ladyfish,1
Pontchartrain,2012-07-31,30.12222,-89.71889,Gillnet,Arius Felis,Sea Catfish,1
Pontchartrain,2012-09-25,30.12222,-89.71889,Gillnet,Arius Felis,Sea Catfish,1
Pontchartrain,2013-08-20,30.12222,-89.71889,Gillnet,Bagre Marinus,Gafftopsail Catfish,4
Pontchartrain,2013-09-05,30.12222,-89.71889,Gillnet,Bagre Marinus,Gafftopsail Catfish,4
Pontchartrain,2013-09-05,30.12222,-89.71889,Gillnet,Pogonias Cromis,Black Drum,4
Pontchartrain,2014-07-10,30.12222,-89.71889,Gillnet,Bagre Marinus,Gafftopsail Catfish,4
Pontchartrain,2014-07-10,30.12222,-89.71889,Gillnet,Elops Saurus,Ladyfish,1
Pontchartrain,2015-04-17,30.12222,-89.71889,Gillnet,Bagre Marinus,Gafftopsail Catfish,4
Pontchartrain,2015-04-17,30.12222,-89.71889,Gillnet,Cynoscion Nebulosus,Spotted Seatrout,4
Pontchartrain,2015-06-08,30.12222,-89.71889,Gillnet,Arius Felis,Sea Catfish,2
Pontchartrain,2015-06-08,30.12222,-89.71889,Gillnet,Bagre Marinus,Gafftopsail Catfish,1
Pontchartrain,2015-06-08,30.12222,-89.71889,Gillnet,Sciaenops Ocellatus,Red Drum,1
Pontchartrain,2016-05-19,30.12222,-89.71889,Gillnet,Callinectes Sapidus,Blue Crab,4
Pontchartrain,2016-05-19,30.12222,-89.71889,Gillnet,Pogonias Cromis,Black Drum,25
Pontchartrain,2017-06-01,30.12222,-89.71889,Gillnet,Cynoscion Nebulosus,Spotted Seatrout,4
Pontchartrain,2017-06-01,30.12222,-89.71889,Gillnet,Pogonias Cromis,Black Drum,16
Pontchartrain,2017-08-10,30.12222,-89.71889,Gillnet,Arius Felis,Sea Catfish,1
Pontchartrain,2018-03-01,30.12222,-89.71889,Gillnet,Pogonias Cromis,Black Drum,1
Pontchartrain,2018-03-01,30.12222,-89.71889,Gillnet,Sciaenops Ocellatus,Red Drum,1
Pontchartrain,2019-04-11,30.12222,-89.71889,Gillnet,Sciaenops Ocellatus,Red Drum,1
Pontchartrain,1992-03-24,30.11028,-89.673330000000007,Gillnet,Arius Felis,Sea Catfish,1
Pontchartrain,1992-03-24,30.11028,-89.673330000000007,Gillnet,Pogonias Cromis,Black Drum,9
Pontchartrain,1992-03-24,30.11028,-89.673330000000007,Gillnet,Sciaenops Ocellatus,Red Drum,1
Pontchartrain,1992-04-13,30.11028,-89.673330000000007,Gillnet,Arius Felis,Sea Catfish,1
Pontchartrain,1992-04-13,30.11028,-89.673330000000007,Gillnet,Cynoscion Nebulosus,Spotted Seatrout,1
Pontchartrain,1992-04-13,30.11028,-89.673330000000007,Gillnet,Pogonias Cromis,Black Drum,1
Pontchartrain,1992-06-17,30.11028,-89.673330000000007,Gillnet,Arius Felis,Sea Catfish,1
Pontchartrain,1992-06-17,30.11028,-89.673330000000007,Gillnet,Caranx Hippos,Crevalle Jack,1
Pontchartrain,1992-07-29,30.11028,-89.673330000000007,Gillnet,Arius Felis,Sea Catfish,2
Pontchartrain,1992-07-29,30.11028,-89.673330000000007,Gillnet,Rhinoptera Bonasus,Cownose Ray,1
Pontchartrain,1992-08-12,30.11028,-89.673330000000007,Gillnet,Arius Felis,Sea Catfish,1
Pontchartrain,1992-09-21,30.11028,-89.673330000000007,Gillnet,Cynoscion Nebulosus,Spotted Seatrout,1
Pontchartrain,1993-07-14,30.11028,-89.673330000000007,Gillnet,Arius Felis,Sea Catfish,2
Pontchartrain,1993-08-03,30.11028,-89.673330000000007,Gillnet,Bagre Marinus,Gafftopsail Catfish,1
Pontchartrain,1993-10-01,30.11028,-89.673330000000007,Gillnet,Bagre Marinus,Gafftopsail Catfish,1
Pontchartrain,1993-10-01,30.11028,-89.673330000000007,Gillnet,Paralichthys Lethostigma,Southern Flounder,4
Pontchartrain,1994-02-25,30.11028,-89.673330000000007,Gillnet,Cynoscion Nebulosus,Spotted Seatrout,1
Pontchartrain,1994-03-30,30.11028,-89.673330000000007,Gillnet,Cynoscion Nebulosus,Spotted Seatrout,1
Pontchartrain,1994-03-30,30.11028,-89.673330000000007,Gillnet,Pogonias Cromis,Black Drum,1
Pontchartrain,1994-04-19,30.11028,-89.673330000000007,Gillnet,Cynoscion Nebulosus,Spotted Seatrout,1
Pontchartrain,1994-05-31,30.11028,-89.673330000000007,Gillnet,Arius Felis,Sea Catfish,1
Pontchartrain,1994-12-28,30.11028,-89.673330000000007,Gillnet,Cynoscion Nebulosus,Spotted Seatrout,36
Pontchartrain,1994-12-28,30.11028,-89.673330000000007,Gillnet,Pogonias Cromis,Black Drum,1
Pontchartrain,1995-05-04,30.11028,-89.673330000000007,Gillnet,Archosargus Probatocephalus,Sheepshead,1
Pontchartrain,1995-05-04,30.11028,-89.673330000000007,Gillnet,Cynoscion Nebulosus,Spotted Seatrout,1
Pontchartrain,1995-06-20,30.11028,-89.673330000000007,Gillnet,Arius Felis,Sea Catfish,1
Pontchartrain,1996-03-14,30.11028,-89.673330000000007,Gillnet,Sciaenops Ocellatus,Red Drum,25
Pontchartrain,1996-04-30,30.11028,-89.673330000000007,Gillnet,Arius Felis,Sea Catfish,1
Pontchartrain,1996-04-30,30.11028,-89.673330000000007,Gillnet,Brevoortia Patronus,Gulf Menhaden,1
Pontchartrain,1996-05-21,30.11028,-89.673330000000007,Gillnet,Arius Felis,Sea Catfish,1
Pontchartrain,1996-06-11,30.11028,-89.673330000000007,Gillnet,Brevoortia Patronus,Gulf Menhaden,1
Pontchartrain,1997-05-14,30.11028,-89.673330000000007,Gillnet,Arius Felis,Sea Catfish,1
Pontchartrain,1997-08-14,30.11028,-89.673330000000007,Gillnet,Arius Felis,Sea Catfish,1
Pontchartrain,1997-10-03,30.11028,-89.673330000000007,Gillnet,Scomberomorus Maculatus,Spanish Mackerel,4
Pontchartrain,1997-11-05,30.11028,-89.673330000000007,Gillnet,Cynoscion Nebulosus,Spotted Seatrout,1
Pontchartrain,1998-04-17,30.11028,-89.673330000000007,Gillnet,Arius Felis,Sea Catfish,1
Pontchartrain,1998-05-13,30.11028,-89.673330000000007,Gillnet,Cynoscion Nebulosus,Spotted Seatrout,1
Pontchartrain,1998-05-20,30.11028,-89.673330000000007,Gillnet,Arius Felis,Sea Catfish,1
Pontchartrain,1998-06-03,30.11028,-89.673330000000007,Gillnet,Bagre Marinus,Gafftopsail Catfish,1
Pontchartrain,1998-07-22,30.11028,-89.673330000000007,Gillnet,Callinectes Sapidus,Blue Crab,1
Pontchartrain,1998-07-22,30.11028,-89.673330000000007,Gillnet,Carcharhinus Leucas,Bull Shark,1
Pontchartrain,1998-09-30,30.11028,-89.673330000000007,Gillnet,Micropogonias Undulatus,Atlantic Croaker,1
Pontchartrain,1998-11-17,30.11028,-89.673330000000007,Gillnet,Dorosoma Cepedianum,Gizzard Shad,1
Pontchartrain,1999-04-19,30.11028,-89.673330000000007,Gillnet,Arius Felis,Sea Catfish,2
Pontchartrain,1999-04-19,30.11028,-89.673330000000007,Gillnet,Cynoscion Nebulosus,Spotted Seatrout,4
Pontchartrain,1999-04-19,30.11028,-89.673330000000007,Gillnet,Paralichthys Lethostigma,Southern Flounder,1
Pontchartrain,1999-04-19,30.11028,-89.673330000000007,Gillnet,Pogonias Cromis,Black Drum,1
Pontchartrain,1999-04-28,30.11028,-89.673330000000007,Gillnet,Arius Felis,Sea Catfish,2
Pontchartrain,1999-05-11,30.11028,-89.673330000000007,Gillnet,Arius Felis,Sea Catfish,3
Pontchartrain,1999-05-11,30.11028,-89.673330000000007,Gillnet,Bagre Marinus,Gafftopsail Catfish,9
Pontchartrain,1999-05-11,30.11028,-89.673330000000007,Gillnet,Cynoscion Nebulosus,Spotted Seatrout,1
Pontchartrain,1999-09-21,30.11028,-89.673330000000007,Gillnet,Callinectes Sapidus,Blue Crab,1
Pontchartrain,1999-09-21,30.11028,-89.673330000000007,Gillnet,Cynoscion Nebulosus,Spotted Seatrout,1
Pontchartrain,1999-10-11,30.11028,-89.673330000000007,Gillnet,Bagre Marinus,Gafftopsail Catfish,1
Pontchartrain,1999-12-16,30.11028,-89.673330000000007,Gillnet,Atractosteus Spatula,Alligator Gar,1
Pontchartrain,2000-03-20,30.11028,-89.673330000000007,Gillnet,Archosargus Probatocephalus,Sheepshead,1
Pontchartrain,2000-05-03,30.11028,-89.673330000000007,Gillnet,Arius Felis,Sea Catfish,3
Pontchartrain,2000-05-03,30.11028,-89.673330000000007,Gillnet,Cynoscion Nebulosus,Spotted Seatrout,1
Pontchartrain,2000-05-11,30.11028,-89.673330000000007,Gillnet,Arius Felis,Sea Catfish,3
Pontchartrain,2000-05-11,30.11028,-89.673330000000007,Gillnet,Sciaenops Ocellatus,Red Drum,1
Pontchartrain,2000-06-05,30.11028,-89.673330000000007,Gillnet,Arius Felis,Sea Catfish,1
Pontchartrain,2000-06-05,30.11028,-89.673330000000007,Gillnet,Scomberomorus Maculatus,Spanish Mackerel,1
Pontchartrain,2000-07-19,30.11028,-89.673330000000007,Gillnet,Arius Felis,Sea Catfish,1
Pontchartrain,2000-08-01,30.11028,-89.673330000000007,Gillnet,Carcharhinus Leucas,Bull Shark,1
Pontchartrain,2000-09-13,30.11028,-89.673330000000007,Gillnet,Cynoscion Nebulosus,Spotted Seatrout,1
Pontchartrain,2001-04-04,30.11028,-89.673330000000007,Gillnet,Arius Felis,Sea Catfish,4
Pontchartrain,2001-04-04,30.11028,-89.673330000000007,Gillnet,Pogonias Cromis,Black Drum,1
Pontchartrain,2001-04-25,30.11028,-89.673330000000007,Gillnet,Cynoscion Nebulosus,Spotted Seatrout,1
Pontchartrain,2001-05-18,30.11028,-89.673330000000007,Gillnet,Arius Felis,Sea Catfish,2
Pontchartrain,2001-05-18,30.11028,-89.673330000000007,Gillnet,Cynoscion Nebulosus,Spotted Seatrout,1
Pontchartrain,2001-05-18,30.11028,-89.673330000000007,Gillnet,Pogonias Cromis,Black Drum,1
Pontchartrain,2001-06-13,30.11028,-89.673330000000007,Gillnet,Arius Felis,Sea Catfish,4
Pontchartrain,2001-06-13,30.11028,-89.673330000000007,Gillnet,Bagre Marinus,Gafftopsail Catfish,1
Pontchartrain,2001-06-13,30.11028,-89.673330000000007,Gillnet,Cynoscion Nebulosus,Spotted Seatrout,1
Pontchartrain,2001-07-10,30.11028,-89.673330000000007,Gillnet,Arius Felis,Sea Catfish,1
Pontchartrain,2001-09-06,30.11028,-89.673330000000007,Gillnet,Brevoortia Patronus,Gulf Menhaden,1
Pontchartrain,2001-10-03,30.11028,-89.673330000000007,Gillnet,Cynoscion Nebulosus,Spotted Seatrout,1
Pontchartrain,2001-10-03,30.11028,-89.673330000000007,Gillnet,Mugil Cephalus,Striped Mullet,4
Pontchartrain,2001-12-06,30.11028,-89.673330000000007,Gillnet,Callinectes Sapidus,Blue Crab,1
Pontchartrain,2002-04-01,30.11028,-89.673330000000007,Gillnet,Arius Felis,Sea Catfish,1
Pontchartrain,2002-04-01,30.11028,-89.673330000000007,Gillnet,Cynoscion Nebulosus,Spotted Seatrout,4
Pontchartrain,2002-04-17,30.11028,-89.673330000000007,Gillnet,Arius Felis,Sea Catfish,2
Pontchartrain,2002-04-17,30.11028,-89.673330000000007,Gillnet,Cynoscion Nebulosus,Spotted Seatrout,1
Pontchartrain,2002-05-07,30.11028,-89.673330000000007,Gillnet,Arius Felis,Sea Catfish,4
Pontchartrain,2002-05-23,30.11028,-89.673330000000007,Gillnet,Cynoscion Nebulosus,Spotted Seatrout,1
Pontchartrain,2002-06-06,30.11028,-89.673330000000007,Gillnet,Cynoscion Nebulosus,Spotted Seatrout,1
Pontchartrain,2002-07-03,30.11028,-89.673330000000007,Gillnet,Callinectes Sapidus,Blue Crab,1
Pontchartrain,2002-08-12,30.11028,-89.673330000000007,Gillnet,Callinectes Sapidus,Blue Crab,1
Pontchartrain,2002-08-12,30.11028,-89.673330000000007,Gillnet,Scomberomorus Maculatus,Spanish Mackerel,1
Pontchartrain,2002-08-21,30.11028,-89.673330000000007,Gillnet,Callinectes Sapidus,Blue Crab,1
Pontchartrain,2002-09-11,30.11028,-89.673330000000007,Gillnet,Caranx Hippos,Crevalle Jack,1
Pontchartrain,2002-10-17,30.11028,-89.673330000000007,Gillnet,Callinectes Sapidus,Blue Crab,9
Pontchartrain,2002-10-17,30.11028,-89.673330000000007,Gillnet,Cynoscion Nebulosus,Spotted Seatrout,1
Pontchartrain,2002-10-17,30.11028,-89.673330000000007,Gillnet,Micropogonias Undulatus,Atlantic Croaker,4
Pontchartrain,2002-11-06,30.11028,-89.673330000000007,Gillnet,Cynoscion Nebulosus,Spotted Seatrout,4
Pontchartrain,2003-01-16,30.11028,-89.673330000000007,Gillnet,Cynoscion Nebulosus,Spotted Seatrout,1
Pontchartrain,2003-03-13,30.11028,-89.673330000000007,Gillnet,Lepisosteus Oculatus,Spotted Gar,1
Pontchartrain,2003-04-14,30.11028,-89.673330000000007,Gillnet,Arius Felis,Sea Catfish,3
Pontchartrain,2003-05-21,30.11028,-89.673330000000007,Gillnet,Callinectes Sapidus,Blue Crab,1
Pontchartrain,2003-05-27,30.11028,-89.673330000000007,Gillnet,Arius Felis,Sea Catfish,2
Pontchartrain,2003-06-12,30.11028,-89.673330000000007,Gillnet,Arius Felis,Sea Catfish,4
Pontchartrain,2003-07-15,30.11028,-89.673330000000007,Gillnet,Bagre Marinus,Gafftopsail Catfish,1
Pontchartrain,2003-07-29,30.11028,-89.673330000000007,Gillnet,Elops Saurus,Ladyfish,1
Pontchartrain,2003-08-20,30.11028,-89.673330000000007,Gillnet,Callinectes Sapidus,Blue Crab,1
Pontchartrain,2003-10-03,30.11028,-89.673330000000007,Gillnet,Cynoscion Nebulosus,Spotted Seatrout,1
Pontchartrain,2003-12-18,30.11028,-89.673330000000007,Gillnet,Sciaenops Ocellatus,Red Drum,9
Pontchartrain,2004-01-06,30.11028,-89.673330000000007,Gillnet,Archosargus Probatocephalus,Sheepshead,9
Pontchartrain,2004-03-02,30.11028,-89.673330000000007,Gillnet,Dorosoma Cepedianum,Gizzard Shad,1
Pontchartrain,2004-04-01,30.11028,-89.673330000000007,Gillnet,Arius Felis,Sea Catfish,1
Pontchartrain,2004-04-01,30.11028,-89.673330000000007,Gillnet,Sciaenops Ocellatus,Red Drum,4
Pontchartrain,2004-04-14,30.11028,-89.673330000000007,Gillnet,Callinectes Sapidus,Blue Crab,1
Pontchartrain,2004-04-14,30.11028,-89.673330000000007,Gillnet,Cynoscion Nebulosus,Spotted Seatrout,169
Pontchartrain,2004-04-14,30.11028,-89.673330000000007,Gillnet,Dorosoma Cepedianum,Gizzard Shad,3
Pontchartrain,2004-04-14,30.11028,-89.673330000000007,Gillnet,Pogonias Cromis,Black Drum,9
Pontchartrain,2004-04-14,30.11028,-89.673330000000007,Gillnet,Sciaenops Ocellatus,Red Drum,1
Pontchartrain,2004-05-03,30.11028,-89.673330000000007,Gillnet,Atractosteus Spatula,Alligator Gar,1
Pontchartrain,2004-06-02,30.11028,-89.673330000000007,Gillnet,Arius Felis,Sea Catfish,1
Pontchartrain,2004-07-06,30.11028,-89.673330000000007,Gillnet,Carcharhinus Leucas,Bull Shark,1
Pontchartrain,2004-07-06,30.11028,-89.673330000000007,Gillnet,Paralichthys Lethostigma,Southern Flounder,1
Pontchartrain,2004-07-19,30.11028,-89.673330000000007,Gillnet,Callinectes Sapidus,Blue Crab,1
Pontchartrain,2004-08-20,30.11028,-89.673330000000007,Gillnet,Arius Felis,Sea Catfish,1
Pontchartrain,2004-08-20,30.11028,-89.673330000000007,Gillnet,Cynoscion Nebulosus,Spotted Seatrout,9
Pontchartrain,2004-08-20,30.11028,-89.673330000000007,Gillnet,Pogonias Cromis,Black Drum,9
Pontchartrain,2004-08-20,30.11028,-89.673330000000007,Gillnet,Scomberomorus Maculatus,Spanish Mackerel,1
Pontchartrain,2004-10-13,30.11028,-89.673330000000007,Gillnet,Arius Felis,Sea Catfish,1
Pontchartrain,2004-12-06,30.11028,-89.673330000000007,Gillnet,Pogonias Cromis,Black Drum,1
Pontchartrain,2005-04-12,30.11028,-89.673330000000007,Gillnet,Cynoscion Nebulosus,Spotted Seatrout,4
Pontchartrain,2005-05-03,30.11028,-89.673330000000007,Gillnet,Arius Felis,Sea Catfish,3
Pontchartrain,2005-06-03,30.11028,-89.673330000000007,Gillnet,Arius Felis,Sea Catfish,1
Pontchartrain,2005-07-20,30.11028,-89.673330000000007,Gillnet,Bagre Marinus,Gafftopsail Catfish,1
Pontchartrain,2005-08-19,30.11028,-89.673330000000007,Gillnet,Callinectes Sapidus,Blue Crab,4
Pontchartrain,2005-10-10,30.11028,-89.673330000000007,Gillnet,Callinectes Sapidus,Blue Crab,1
Pontchartrain,2006-03-03,30.11028,-89.673330000000007,Gillnet,Sciaenops Ocellatus,Red Drum,1
Pontchartrain,2006-04-17,30.11028,-89.673330000000007,Gillnet,Arius Felis,Sea Catfish,1
Pontchartrain,2006-04-17,30.11028,-89.673330000000007,Gillnet,Cynoscion Nebulosus,Spotted Seatrout,1
Pontchartrain,2006-04-25,30.11028,-89.673330000000007,Gillnet,Arius Felis,Sea Catfish,1
Pontchartrain,2006-04-25,30.11028,-89.673330000000007,Gillnet,Bagre Marinus,Gafftopsail Catfish,16
Pontchartrain,2006-05-08,30.11028,-89.673330000000007,Gillnet,Arius Felis,Sea Catfish,2
Pontchartrain,2006-05-23,30.11028,-89.673330000000007,Gillnet,Cynoscion Nebulosus,Spotted Seatrout,1
Pontchartrain,2006-06-07,30.11028,-89.673330000000007,Gillnet,Arius Felis,Sea Catfish,3
Pontchartrain,2006-06-28,30.11028,-89.673330000000007,Gillnet,Arius Felis,Sea Catfish,1
Pontchartrain,2006-07-10,30.11028,-89.673330000000007,Gillnet,Bagre Marinus,Gafftopsail Catfish,1
Pontchartrain,2006-07-10,30.11028,-89.673330000000007,Gillnet,Callinectes Sapidus,Blue Crab,1
Pontchartrain,2006-07-10,30.11028,-89.673330000000007,Gillnet,Cynoscion Nebulosus,Spotted Seatrout,1
Pontchartrain,2006-07-10,30.11028,-89.673330000000007,Gillnet,Rhinoptera Bonasus,Cownose Ray,1
Pontchartrain,2006-08-01,30.11028,-89.673330000000007,Gillnet,Callinectes Sapidus,Blue Crab,4
Pontchartrain,2006-09-05,30.11028,-89.673330000000007,Gillnet,Peprilus Alepidotus,Harvestfish,1
Pontchartrain,2006-09-05,30.11028,-89.673330000000007,Gillnet,Scomberomorus Maculatus,Spanish Mackerel,1
Pontchartrain,2006-12-05,30.11028,-89.673330000000007,Gillnet,Cynoscion Nebulosus,Spotted Seatrout,1
Pontchartrain,2007-04-09,30.11028,-89.673330000000007,Gillnet,Arius Felis,Sea Catfish,1
Pontchartrain,2007-05-02,30.11028,-89.673330000000007,Gillnet,Arius Felis,Sea Catfish,4
Pontchartrain,2007-05-02,30.11028,-89.673330000000007,Gillnet,Bagre Marinus,Gafftopsail Catfish,144
Pontchartrain,2007-05-02,30.11028,-89.673330000000007,Gillnet,Brevoortia Patronus,Gulf Menhaden,4
Pontchartrain,2007-05-15,30.11028,-89.673330000000007,Gillnet,Callinectes Sapidus,Blue Crab,1
Pontchartrain,2007-06-20,30.11028,-89.673330000000007,Gillnet,Arius Felis,Sea Catfish,1
Pontchartrain,2007-06-20,30.11028,-89.673330000000007,Gillnet,Callinectes Sapidus,Blue Crab,4
Pontchartrain,2007-07-03,30.11028,-89.673330000000007,Gillnet,Arius Felis,Sea Catfish,1
Pontchartrain,2007-07-03,30.11028,-89.673330000000007,Gillnet,Callinectes Sapidus,Blue Crab,1
Pontchartrain,2007-07-17,30.11028,-89.673330000000007,Gillnet,Bagre Marinus,Gafftopsail Catfish,1
Pontchartrain,2007-07-17,30.11028,-89.673330000000007,Gillnet,Rhinoptera Bonasus,Cownose Ray,1
Pontchartrain,2007-08-02,30.11028,-89.673330000000007,Gillnet,Bagre Marinus,Gafftopsail Catfish,4
Pontchartrain,2007-08-02,30.11028,-89.673330000000007,Gillnet,Callinectes Sapidus,Blue Crab,1
Pontchartrain,2007-08-15,30.11028,-89.673330000000007,Gillnet,Arius Felis,Sea Catfish,1
Pontchartrain,2007-09-06,30.11028,-89.673330000000007,Gillnet,Bagre Marinus,Gafftopsail Catfish,4
Pontchartrain,2007-09-06,30.11028,-89.673330000000007,Gillnet,Carcharhinus Leucas,Bull Shark,1
Pontchartrain,2007-09-06,30.11028,-89.673330000000007,Gillnet,Peprilus Alepidotus,Harvestfish,1
Pontchartrain,2007-09-27,30.11028,-89.673330000000007,Gillnet,Arius Felis,Sea Catfish,1
Pontchartrain,2007-09-27,30.11028,-89.673330000000007,Gillnet,Bagre Marinus,Gafftopsail Catfish,9
Pontchartrain,2007-11-08,30.11028,-89.673330000000007,Gillnet,Cynoscion Nebulosus,Spotted Seatrout,25
Pontchartrain,2008-05-05,30.11028,-89.673330000000007,Gillnet,Arius Felis,Sea Catfish,3
Pontchartrain,2008-05-05,30.11028,-89.673330000000007,Gillnet,Bagre Marinus,Gafftopsail Catfish,1
Pontchartrain,2008-05-05,30.11028,-89.673330000000007,Gillnet,Rhinoptera Bonasus,Cownose Ray,1
Pontchartrain,2008-05-21,30.11028,-89.673330000000007,Gillnet,Arius Felis,Sea Catfish,8
Pontchartrain,2008-05-21,30.11028,-89.673330000000007,Gillnet,Bagre Marinus,Gafftopsail Catfish,25
Pontchartrain,2008-06-02,30.11028,-89.673330000000007,Gillnet,Arius Felis,Sea Catfish,1
Pontchartrain,2008-06-02,30.11028,-89.673330000000007,Gillnet,Bagre Marinus,Gafftopsail Catfish,121
Pontchartrain,2008-06-02,30.11028,-89.673330000000007,Gillnet,Callinectes Sapidus,Blue Crab,1
Pontchartrain,2008-06-23,30.11028,-89.673330000000007,Gillnet,Arius Felis,Sea Catfish,1
Pontchartrain,2008-06-23,30.11028,-89.673330000000007,Gillnet,Bagre Marinus,Gafftopsail Catfish,1
Pontchartrain,2008-06-23,30.11028,-89.673330000000007,Gillnet,Callinectes Sapidus,Blue Crab,1
Pontchartrain,2008-07-29,30.11028,-89.673330000000007,Gillnet,Arius Felis,Sea Catfish,5
Pontchartrain,2008-07-29,30.11028,-89.673330000000007,Gillnet,Bagre Marinus,Gafftopsail Catfish,1
Pontchartrain,2008-07-29,30.11028,-89.673330000000007,Gillnet,Cynoscion Nebulosus,Spotted Seatrout,1
Pontchartrain,2008-08-15,30.11028,-89.673330000000007,Gillnet,Scomberomorus Maculatus,Spanish Mackerel,4
Pontchartrain,2008-09-26,30.11028,-89.673330000000007,Gillnet,Arius Felis,Sea Catfish,1
Pontchartrain,2008-09-26,30.11028,-89.673330000000007,Gillnet,Bagre Marinus,Gafftopsail Catfish,1
Pontchartrain,2008-09-26,30.11028,-89.673330000000007,Gillnet,Callinectes Sapidus,Blue Crab,4
Pontchartrain,2008-09-26,30.11028,-89.673330000000007,Gillnet,Scomberomorus Maculatus,Spanish Mackerel,4
Pontchartrain,2008-10-17,30.11028,-89.673330000000007,Gillnet,Arius Felis,Sea Catfish,1
Pontchartrain,2008-10-17,30.11028,-89.673330000000007,Gillnet,Scomberomorus Maculatus,Spanish Mackerel,1
Pontchartrain,2009-03-09,30.11028,-89.673330000000007,Gillnet,Archosargus Probatocephalus,Sheepshead,1
Pontchartrain,2009-03-09,30.11028,-89.673330000000007,Gillnet,Arius Felis,Sea Catfish,5
Pontchartrain,2009-03-09,30.11028,-89.673330000000007,Gillnet,Micropogonias Undulatus,Atlantic Croaker,1
Pontchartrain,2009-03-09,30.11028,-89.673330000000007,Gillnet,Pogonias Cromis,Black Drum,1
Pontchartrain,2009-04-01,30.11028,-89.673330000000007,Gillnet,Arius Felis,Sea Catfish,2
Pontchartrain,2009-04-16,30.11028,-89.673330000000007,Gillnet,Atractosteus Spatula,Alligator Gar,1
Pontchartrain,2009-05-13,30.11028,-89.673330000000007,Gillnet,Arius Felis,Sea Catfish,2
Pontchartrain,2009-05-13,30.11028,-89.673330000000007,Gillnet,Bagre Marinus,Gafftopsail Catfish,81
Pontchartrain,2009-06-03,30.11028,-89.673330000000007,Gillnet,Arius Felis,Sea Catfish,8
Pontchartrain,2009-06-03,30.11028,-89.673330000000007,Gillnet,Bagre Marinus,Gafftopsail Catfish,9
Pontchartrain,2009-06-03,30.11028,-89.673330000000007,Gillnet,Brevoortia Patronus,Gulf Menhaden,4
Pontchartrain,2009-06-03,30.11028,-89.673330000000007,Gillnet,Elops Saurus,Ladyfish,1
Pontchartrain,2009-06-18,30.11028,-89.673330000000007,Gillnet,Arius Felis,Sea Catfish,2
Pontchartrain,2009-06-18,30.11028,-89.673330000000007,Gillnet,Callinectes Sapidus,Blue Crab,4
Pontchartrain,2009-06-18,30.11028,-89.673330000000007,Gillnet,Cynoscion Nebulosus,Spotted Seatrout,1
Pontchartrain,2009-06-18,30.11028,-89.673330000000007,Gillnet,Pogonias Cromis,Black Drum,1
Pontchartrain,2009-07-09,30.11028,-89.673330000000007,Gillnet,Bagre Marinus,Gafftopsail Catfish,4
Pontchartrain,2009-07-30,30.11028,-89.673330000000007,Gillnet,Bagre Marinus,Gafftopsail Catfish,9
Pontchartrain,2009-07-30,30.11028,-89.673330000000007,Gillnet,Scomberomorus Maculatus,Spanish Mackerel,1
Pontchartrain,2009-08-03,30.11028,-89.673330000000007,Gillnet,Bagre Marinus,Gafftopsail Catfish,9
Pontchartrain,2009-08-03,30.11028,-89.673330000000007,Gillnet,Callinectes Sapidus,Blue Crab,1
Pontchartrain,2009-08-03,30.11028,-89.673330000000007,Gillnet,Carcharhinus Leucas,Bull Shark,1
Pontchartrain,2009-08-03,30.11028,-89.673330000000007,Gillnet,Paralichthys Lethostigma,Southern Flounder,1
Pontchartrain,2009-09-03,30.11028,-89.673330000000007,Gillnet,Bagre Marinus,Gafftopsail Catfish,1
Pontchartrain,2009-09-03,30.11028,-89.673330000000007,Gillnet,Scomberomorus Maculatus,Spanish Mackerel,4
Pontchartrain,2009-09-15,30.11028,-89.673330000000007,Gillnet,Bagre Marinus,Gafftopsail Catfish,9
Pontchartrain,2009-11-05,30.11028,-89.673330000000007,Gillnet,Arius Felis,Sea Catfish,1
Pontchartrain,2009-12-04,30.11028,-89.673330000000007,Gillnet,Archosargus Probatocephalus,Sheepshead,4
Pontchartrain,2010-05-19,30.11028,-89.673330000000007,Gillnet,Rhinoptera Bonasus,Cownose Ray,1
Pontchartrain,2010-07-02,30.11028,-89.673330000000007,Gillnet,Arius Felis,Sea Catfish,1
Pontchartrain,2010-07-02,30.11028,-89.673330000000007,Gillnet,Pogonias Cromis,Black Drum,36
Pontchartrain,2010-07-19,30.11028,-89.673330000000007,Gillnet,Bagre Marinus,Gafftopsail Catfish,1
Pontchartrain,2010-08-04,30.11028,-89.673330000000007,Gillnet,Callinectes Sapidus,Blue Crab,1
Pontchartrain,2010-08-18,30.11028,-89.673330000000007,Gillnet,Bagre Marinus,Gafftopsail Catfish,9
Pontchartrain,2010-09-09,30.11028,-89.673330000000007,Gillnet,Arius Felis,Sea Catfish,4
Pontchartrain,2010-09-09,30.11028,-89.673330000000007,Gillnet,Pogonias Cromis,Black Drum,1
Pontchartrain,2010-09-21,30.11028,-89.673330000000007,Gillnet,Callinectes Sapidus,Blue Crab,1
Pontchartrain,2010-09-21,30.11028,-89.673330000000007,Gillnet,Cynoscion Nebulosus,Spotted Seatrout,4
Pontchartrain,2010-10-06,30.11028,-89.673330000000007,Gillnet,Cynoscion Nebulosus,Spotted Seatrout,1
Pontchartrain,2010-11-03,30.11028,-89.673330000000007,Gillnet,Callinectes Sapidus,Blue Crab,1
Pontchartrain,2010-12-01,30.11028,-89.673330000000007,Gillnet,Cynoscion Nebulosus,Spotted Seatrout,1
Pontchartrain,2011-01-10,30.11028,-89.673330000000007,Gillnet,Mugil Cephalus,Striped Mullet,4
Pontchartrain,2011-04-01,30.11028,-89.673330000000007,Gillnet,Cynoscion Nebulosus,Spotted Seatrout,4
Pontchartrain,2011-04-01,30.11028,-89.673330000000007,Gillnet,Pogonias Cromis,Black Drum,1
Pontchartrain,2011-04-01,30.11028,-89.673330000000007,Gillnet,Sciaenops Ocellatus,Red Drum,1
Pontchartrain,2011-05-17,30.11028,-89.673330000000007,Gillnet,Arius Felis,Sea Catfish,1
Pontchartrain,2011-05-17,30.11028,-89.673330000000007,Gillnet,Cynoscion Nebulosus,Spotted Seatrout,4
Pontchartrain,2011-05-26,30.11028,-89.673330000000007,Gillnet,Arius Felis,Sea Catfish,2
Pontchartrain,2011-05-26,30.11028,-89.673330000000007,Gillnet,Bagre Marinus,Gafftopsail Catfish,16
Pontchartrain,2011-06-17,30.11028,-89.673330000000007,Gillnet,Arius Felis,Sea Catfish,1
Pontchartrain,2011-06-17,30.11028,-89.673330000000007,Gillnet,Atractosteus Spatula,Alligator Gar,1
Pontchartrain,2011-06-17,30.11028,-89.673330000000007,Gillnet,Bagre Marinus,Gafftopsail Catfish,1
Pontchartrain,2011-07-20,30.11028,-89.673330000000007,Gillnet,Caranx Hippos,Crevalle Jack,1
Pontchartrain,2011-08-10,30.11028,-89.673330000000007,Gillnet,Bagre Marinus,Gafftopsail Catfish,1
Pontchartrain,2011-09-15,30.11028,-89.673330000000007,Gillnet,Bagre Marinus,Gafftopsail Catfish,4
Pontchartrain,2011-10-11,30.11028,-89.673330000000007,Gillnet,Arius Felis,Sea Catfish,2
Pontchartrain,2012-03-12,30.11028,-89.673330000000007,Gillnet,Arius Felis,Sea Catfish,1
Pontchartrain,2012-04-05,30.11028,-89.673330000000007,Gillnet,Arius Felis,Sea Catfish,1
Pontchartrain,2012-05-01,30.11028,-89.673330000000007,Gillnet,Arius Felis,Sea Catfish,1
Pontchartrain,2012-05-17,30.11028,-89.673330000000007,Gillnet,Callinectes Sapidus,Blue Crab,1
Pontchartrain,2012-06-08,30.11028,-89.673330000000007,Gillnet,Rhinoptera Bonasus,Cownose Ray,1
Pontchartrain,2012-07-13,30.11028,-89.673330000000007,Gillnet,Callinectes Sapidus,Blue Crab,4
Pontchartrain,2012-07-31,30.11028,-89.673330000000007,Gillnet,Carcharhinus Leucas,Bull Shark,1
Pontchartrain,2012-08-09,30.11028,-89.673330000000007,Gillnet,Bagre Marinus,Gafftopsail Catfish,1
Pontchartrain,2012-08-21,30.11028,-89.673330000000007,Gillnet,Arius Felis,Sea Catfish,1
Pontchartrain,2013-01-18,30.11028,-89.673330000000007,Gillnet,Sciaenops Ocellatus,Red Drum,1
Pontchartrain,2013-02-15,30.11028,-89.673330000000007,Gillnet,Ictalurus Furcatus,Blue Catfish,1
Pontchartrain,2013-04-05,30.11028,-89.673330000000007,Gillnet,Archosargus Probatocephalus,Sheepshead,1
Pontchartrain,2013-04-05,30.11028,-89.673330000000007,Gillnet,Cynoscion Nebulosus,Spotted Seatrout,1
Pontchartrain,2013-04-26,30.11028,-89.673330000000007,Gillnet,Arius Felis,Sea Catfish,1
Pontchartrain,2013-06-07,30.11028,-89.673330000000007,Gillnet,Arius Felis,Sea Catfish,1
Pontchartrain,2013-09-05,30.11028,-89.673330000000007,Gillnet,Pogonias Cromis,Black Drum,289
Pontchartrain,2013-10-01,30.11028,-89.673330000000007,Gillnet,Bagre Marinus,Gafftopsail Catfish,1
Pontchartrain,2015-04-01,30.11028,-89.673330000000007,Gillnet,Archosargus Probatocephalus,Sheepshead,1
Pontchartrain,2015-04-01,30.11028,-89.673330000000007,Gillnet,Arius Felis,Sea Catfish,3
Pontchartrain,2015-04-01,30.11028,-89.673330000000007,Gillnet,Cynoscion Nebulosus,Spotted Seatrout,1
Pontchartrain,2015-05-06,30.11028,-89.673330000000007,Gillnet,Bagre Marinus,Gafftopsail Catfish,1
Pontchartrain,2015-07-01,30.11028,-89.673330000000007,Gillnet,Arius Felis,Sea Catfish,1
Pontchartrain,2015-07-16,30.11028,-89.673330000000007,Gillnet,Pogonias Cromis,Black Drum,1
Pontchartrain,2015-08-04,30.11028,-89.673330000000007,Gillnet,Arius Felis,Sea Catfish,1
Pontchartrain,2015-08-25,30.11028,-89.673330000000007,Gillnet,Bagre Marinus,Gafftopsail Catfish,1
Pontchartrain,2015-08-25,30.11028,-89.673330000000007,Gillnet,Caranx Hippos,Crevalle Jack,1
Pontchartrain,2015-08-25,30.11028,-89.673330000000007,Gillnet,Elops Saurus,Ladyfish,2
Pontchartrain,2015-08-25,30.11028,-89.673330000000007,Gillnet,Pogonias Cromis,Black Drum,1
Pontchartrain,2015-08-25,30.11028,-89.673330000000007,Gillnet,Rhinoptera Bonasus,Cownose Ray,16
Pontchartrain,2015-08-25,30.11028,-89.673330000000007,Gillnet,Scomberomorus Maculatus,Spanish Mackerel,1
Pontchartrain,2015-09-08,30.11028,-89.673330000000007,Gillnet,Pogonias Cromis,Black Drum,1
Pontchartrain,2016-06-13,30.11028,-89.673330000000007,Gillnet,Atractosteus Spatula,Alligator Gar,1
Pontchartrain,2016-08-19,30.11028,-89.673330000000007,Gillnet,Arius Felis,Sea Catfish,1
Pontchartrain,2016-09-08,30.11028,-89.673330000000007,Gillnet,Malaclemys Terrapin,Diamondback Terrapin,1
Pontchartrain,2017-05-09,30.11028,-89.673330000000007,Gillnet,Arius Felis,Sea Catfish,1
Pontchartrain,2017-05-09,30.11028,-89.673330000000007,Gillnet,Bagre Marinus,Gafftopsail Catfish,1
Pontchartrain,2017-10-09,30.11028,-89.673330000000007,Gillnet,Cynoscion Nebulosus,Spotted Seatrout,1
Pontchartrain,2017-10-09,30.11028,-89.673330000000007,Gillnet,Sciaenops Ocellatus,Red Drum,1
Pontchartrain,2018-04-02,30.11028,-89.673330000000007,Gillnet,Bagre Marinus,Gafftopsail Catfish,9
Pontchartrain,2018-05-17,30.11028,-89.673330000000007,Gillnet,Bagre Marinus,Gafftopsail Catfish,1
Pontchartrain,2018-07-02,30.11028,-89.673330000000007,Gillnet,Elops Saurus,Ladyfish,1
Pontchartrain,2018-10-03,30.11028,-89.673330000000007,Gillnet,Bagre Marinus,Gafftopsail Catfish,1
Pontchartrain,1992-04-07,29.84306,-89.61064,Gillnet,Arius Felis,Sea Catfish,2
Pontchartrain,1992-06-02,29.84306,-89.61064,Gillnet,Arius Felis,Sea Catfish,3
Pontchartrain,1992-06-02,29.84306,-89.61064,Gillnet,Bagre Marinus,Gafftopsail Catfish,7
Pontchartrain,1992-06-02,29.84306,-89.61064,Gillnet,Brevoortia Patronus,Gulf Menhaden,2
Pontchartrain,1992-06-02,29.84306,-89.61064,Gillnet,Peprilus Alepidotus,Harvestfish,1
Pontchartrain,1992-06-15,29.84306,-89.61064,Gillnet,Bagre Marinus,Gafftopsail Catfish,1
Pontchartrain,1992-08-06,29.84306,-89.61064,Gillnet,Arius Felis,Sea Catfish,1
Pontchartrain,1992-08-18,29.84306,-89.61064,Gillnet,Bagre Marinus,Gafftopsail Catfish,2
Pontchartrain,1992-11-10,29.84306,-89.61064,Gillnet,Atractosteus Spatula,Alligator Gar,1
Pontchartrain,1993-06-02,29.84306,-89.61064,Gillnet,Arius Felis,Sea Catfish,3
Pontchartrain,1993-06-02,29.84306,-89.61064,Gillnet,Bagre Marinus,Gafftopsail Catfish,2
Pontchartrain,1993-08-18,29.84306,-89.61064,Gillnet,Bagre Marinus,Gafftopsail Catfish,1
Pontchartrain,1993-11-03,29.84306,-89.61064,Gillnet,Mugil Cephalus,Striped Mullet,9
Pontchartrain,1993-12-02,29.84306,-89.61064,Gillnet,Paralichthys Lethostigma,Southern Flounder,4
Pontchartrain,1994-01-13,29.84306,-89.61064,Gillnet,Archosargus Probatocephalus,Sheepshead,1
Pontchartrain,1994-04-18,29.84306,-89.61064,Gillnet,Arius Felis,Sea Catfish,1
Pontchartrain,1994-04-18,29.84306,-89.61064,Gillnet,Cynoscion Nebulosus,Spotted Seatrout,1
Pontchartrain,1994-05-10,29.84306,-89.61064,Gillnet,Brevoortia Patronus,Gulf Menhaden,4
Pontchartrain,1994-06-01,29.84306,-89.61064,Gillnet,Arius Felis,Sea Catfish,2
Pontchartrain,1994-06-01,29.84306,-89.61064,Gillnet,Bagre Marinus,Gafftopsail Catfish,1
Pontchartrain,1994-06-22,29.84306,-89.61064,Gillnet,Arius Felis,Sea Catfish,4
Pontchartrain,1994-07-13,29.84306,-89.61064,Gillnet,Arius Felis,Sea Catfish,1
Pontchartrain,1994-07-13,29.84306,-89.61064,Gillnet,Sciaenops Ocellatus,Red Drum,1
Pontchartrain,1994-07-28,29.84306,-89.61064,Gillnet,Arius Felis,Sea Catfish,1
Pontchartrain,1995-06-05,29.84306,-89.61064,Gillnet,Arius Felis,Sea Catfish,4
Pontchartrain,1995-06-19,29.84306,-89.61064,Gillnet,Arius Felis,Sea Catfish,4
Pontchartrain,1995-10-09,29.84306,-89.61064,Gillnet,Arius Felis,Sea Catfish,3
Pontchartrain,1996-04-09,29.84306,-89.61064,Gillnet,Arius Felis,Sea Catfish,3
Pontchartrain,1996-09-18,29.84306,-89.61064,Gillnet,Chaetodipterus Faber,Atlantic Spadefish,1
Pontchartrain,1997-03-11,29.84306,-89.61064,Gillnet,Cynoscion Nebulosus,Spotted Seatrout,1
Pontchartrain,1998-06-16,29.84306,-89.61064,Gillnet,Arius Felis,Sea Catfish,1
Pontchartrain,1999-03-11,29.84306,-89.61064,Gillnet,Archosargus Probatocephalus,Sheepshead,1
Pontchartrain,1999-04-07,29.84306,-89.61064,Gillnet,Callinectes Sapidus,Blue Crab,1
Pontchartrain,1999-05-10,29.84306,-89.61064,Gillnet,Bagre Marinus,Gafftopsail Catfish,1
Pontchartrain,1999-10-13,29.84306,-89.61064,Gillnet,Arius Felis,Sea Catfish,2
Pontchartrain,2000-03-02,29.84306,-89.61064,Gillnet,Cynoscion Nebulosus,Spotted Seatrout,1
Pontchartrain,2000-04-05,29.84306,-89.61064,Gillnet,Cynoscion Nebulosus,Spotted Seatrout,1
Pontchartrain,2000-05-02,29.84306,-89.61064,Gillnet,Arius Felis,Sea Catfish,1
Pontchartrain,2000-05-02,29.84306,-89.61064,Gillnet,Bagre Marinus,Gafftopsail Catfish,1
Pontchartrain,2000-05-09,29.84306,-89.61064,Gillnet,Arius Felis,Sea Catfish,4
Pontchartrain,2000-05-09,29.84306,-89.61064,Gillnet,Bagre Marinus,Gafftopsail Catfish,4
Pontchartrain,2000-09-27,29.84306,-89.61064,Gillnet,Micropogonias Undulatus,Atlantic Croaker,1
Pontchartrain,2000-10-11,29.84306,-89.61064,Gillnet,Cynoscion Nebulosus,Spotted Seatrout,4
Pontchartrain,2001-05-17,29.84306,-89.61064,Gillnet,Bagre Marinus,Gafftopsail Catfish,1
Pontchartrain,2001-06-11,29.84306,-89.61064,Gillnet,Paralichthys Lethostigma,Southern Flounder,1
Pontchartrain,2001-09-18,29.84306,-89.61064,Gillnet,Carcharhinus Leucas,Bull Shark,2
Pontchartrain,2001-11-05,29.84306,-89.61064,Gillnet,Callinectes Sapidus,Blue Crab,1
Pontchartrain,2002-05-22,29.84306,-89.61064,Gillnet,Cynoscion Nebulosus,Spotted Seatrout,1
Pontchartrain,2002-06-04,29.84306,-89.61064,Gillnet,Carcharhinus Leucas,Bull Shark,1
Pontchartrain,2002-10-15,29.84306,-89.61064,Gillnet,Callinectes Sapidus,Blue Crab,49
Pontchartrain,2002-11-14,29.84306,-89.61064,Gillnet,Mugil Cephalus,Striped Mullet,1
Pontchartrain,2003-03-17,29.84306,-89.61064,Gillnet,Arius Felis,Sea Catfish,1
Pontchartrain,2003-04-15,29.84306,-89.61064,Gillnet,Callinectes Sapidus,Blue Crab,1
Pontchartrain,2003-05-28,29.84306,-89.61064,Gillnet,Cynoscion Nebulosus,Spotted Seatrout,1
Pontchartrain,2004-05-19,29.84306,-89.61064,Gillnet,Arius Felis,Sea Catfish,1
Pontchartrain,2004-06-04,29.84306,-89.61064,Gillnet,Arius Felis,Sea Catfish,2
Pontchartrain,2004-06-04,29.84306,-89.61064,Gillnet,Bagre Marinus,Gafftopsail Catfish,1
Pontchartrain,2004-06-16,29.84306,-89.61064,Gillnet,Callinectes Sapidus,Blue Crab,4
Pontchartrain,2004-07-22,29.84306,-89.61064,Gillnet,Callinectes Sapidus,Blue Crab,1
Pontchartrain,2004-08-16,29.84306,-89.61064,Gillnet,Elops Saurus,Ladyfish,1
Pontchartrain,2005-03-10,29.84306,-89.61064,Gillnet,Archosargus Probatocephalus,Sheepshead,1
Pontchartrain,2005-05-10,29.84306,-89.61064,Gillnet,Pogonias Cromis,Black Drum,1
Pontchartrain,2005-11-07,29.84306,-89.61064,Gillnet,Cynoscion Arenarius,Sand Seatrout,1
Pontchartrain,2006-05-11,29.84306,-89.61064,Gillnet,Arius Felis,Sea Catfish,1
Pontchartrain,2006-05-30,29.84306,-89.61064,Gillnet,Brevoortia Patronus,Gulf Menhaden,1
Pontchartrain,2006-05-30,29.84306,-89.61064,Gillnet,Cynoscion Nebulosus,Spotted Seatrout,1
Pontchartrain,2006-06-12,29.84306,-89.61064,Gillnet,Callinectes Sapidus,Blue Crab,1
Pontchartrain,2006-06-12,29.84306,-89.61064,Gillnet,Cynoscion Nebulosus,Spotted Seatrout,1
Pontchartrain,2006-06-12,29.84306,-89.61064,Gillnet,Elops Saurus,Ladyfish,1
Pontchartrain,2006-07-18,29.84306,-89.61064,Gillnet,Callinectes Sapidus,Blue Crab,4
Pontchartrain,2006-07-27,29.84306,-89.61064,Gillnet,Callinectes Sapidus,Blue Crab,1
Pontchartrain,2006-08-02,29.84306,-89.61064,Gillnet,Bagre Marinus,Gafftopsail Catfish,1
Pontchartrain,2006-09-14,29.84306,-89.61064,Gillnet,Caranx Hippos,Crevalle Jack,1
Pontchartrain,2006-09-19,29.84306,-89.61064,Gillnet,Callinectes Sapidus,Blue Crab,1
Pontchartrain,2006-10-05,29.84306,-89.61064,Gillnet,Callinectes Sapidus,Blue Crab,1
Pontchartrain,2007-04-11,29.84306,-89.61064,Gillnet,Arius Felis,Sea Catfish,1
Pontchartrain,2007-04-27,29.84306,-89.61064,Gillnet,Bagre Marinus,Gafftopsail Catfish,4
Pontchartrain,2007-04-27,29.84306,-89.61064,Gillnet,Brevoortia Patronus,Gulf Menhaden,1
Pontchartrain,2007-05-08,29.84306,-89.61064,Gillnet,Arius Felis,Sea Catfish,5
Pontchartrain,2007-05-21,29.84306,-89.61064,Gillnet,Bagre Marinus,Gafftopsail Catfish,1
Pontchartrain,2007-06-25,29.84306,-89.61064,Gillnet,Arius Felis,Sea Catfish,1
Pontchartrain,2007-09-05,29.84306,-89.61064,Gillnet,Elops Saurus,Ladyfish,1
Pontchartrain,2007-10-03,29.84306,-89.61064,Gillnet,Arius Felis,Sea Catfish,1
Pontchartrain,2008-05-06,29.84306,-89.61064,Gillnet,Bagre Marinus,Gafftopsail Catfish,1
Pontchartrain,2008-05-06,29.84306,-89.61064,Gillnet,Brevoortia Patronus,Gulf Menhaden,100
Pontchartrain,2008-05-20,29.84306,-89.61064,Gillnet,Arius Felis,Sea Catfish,2
Pontchartrain,2008-05-20,29.84306,-89.61064,Gillnet,Bagre Marinus,Gafftopsail Catfish,9
Pontchartrain,2008-06-04,29.84306,-89.61064,Gillnet,Bagre Marinus,Gafftopsail Catfish,1
Pontchartrain,2008-07-15,29.84306,-89.61064,Gillnet,Bagre Marinus,Gafftopsail Catfish,1
Pontchartrain,2008-07-15,29.84306,-89.61064,Gillnet,Brevoortia Patronus,Gulf Menhaden,1
Pontchartrain,2008-09-18,29.84306,-89.61064,Gillnet,Arius Felis,Sea Catfish,2
Pontchartrain,2008-09-18,29.84306,-89.61064,Gillnet,Callinectes Sapidus,Blue Crab,1
Pontchartrain,2008-11-10,29.84306,-89.61064,Gillnet,Arius Felis,Sea Catfish,1
Pontchartrain,2008-12-03,29.84306,-89.61064,Gillnet,Archosargus Probatocephalus,Sheepshead,1
Pontchartrain,2008-12-03,29.84306,-89.61064,Gillnet,Cynoscion Nebulosus,Spotted Seatrout,1
Pontchartrain,2009-01-08,29.84306,-89.61064,Gillnet,Cynoscion Nebulosus,Spotted Seatrout,1
Pontchartrain,2009-05-06,29.84306,-89.61064,Gillnet,Arius Felis,Sea Catfish,1
Pontchartrain,2009-06-09,29.84306,-89.61064,Gillnet,Bagre Marinus,Gafftopsail Catfish,16
Pontchartrain,2009-07-16,29.84306,-89.61064,Gillnet,Callinectes Sapidus,Blue Crab,4
Pontchartrain,2009-08-12,29.84306,-89.61064,Gillnet,Bagre Marinus,Gafftopsail Catfish,1
Pontchartrain,2009-09-22,29.84306,-89.61064,Gillnet,Carcharhinus Leucas,Bull Shark,1
Pontchartrain,2009-10-01,29.84306,-89.61064,Gillnet,Carcharhinus Leucas,Bull Shark,4
Pontchartrain,2009-11-02,29.84306,-89.61064,Gillnet,Callinectes Sapidus,Blue Crab,1
Pontchartrain,2009-11-02,29.84306,-89.61064,Gillnet,Dorosoma Cepedianum,Gizzard Shad,1
Pontchartrain,2009-12-09,29.84306,-89.61064,Gillnet,Callinectes Sapidus,Blue Crab,1
Pontchartrain,2010-04-05,29.84306,-89.61064,Gillnet,Brevoortia Patronus,Gulf Menhaden,1
Pontchartrain,2010-05-18,29.84306,-89.61064,Gillnet,Arius Felis,Sea Catfish,1
Pontchartrain,2010-11-18,29.84306,-89.61064,Gillnet,Callinectes Sapidus,Blue Crab,1
Pontchartrain,2011-05-02,29.84306,-89.61064,Gillnet,Bagre Marinus,Gafftopsail Catfish,1
Pontchartrain,2011-05-31,29.84306,-89.61064,Gillnet,Bagre Marinus,Gafftopsail Catfish,9
Pontchartrain,2011-07-06,29.84306,-89.61064,Gillnet,Pogonias Cromis,Black Drum,9
Pontchartrain,2011-07-20,29.84306,-89.61064,Gillnet,Callinectes Sapidus,Blue Crab,1
Pontchartrain,2011-08-05,29.84306,-89.61064,Gillnet,Bagre Marinus,Gafftopsail Catfish,1
Pontchartrain,2011-08-22,29.84306,-89.61064,Gillnet,Archosargus Probatocephalus,Sheepshead,1
Pontchartrain,2011-08-22,29.84306,-89.61064,Gillnet,Callinectes Sapidus,Blue Crab,1
Pontchartrain,2011-08-22,29.84306,-89.61064,Gillnet,Pogonias Cromis,Black Drum,1
Pontchartrain,2011-09-09,29.84306,-89.61064,Gillnet,Archosargus Probatocephalus,Sheepshead,1
Pontchartrain,2011-09-16,29.84306,-89.61064,Gillnet,Arius Felis,Sea Catfish,1
Pontchartrain,2012-04-18,29.84306,-89.61064,Gillnet,Micropogonias Undulatus,Atlantic Croaker,1
Pontchartrain,2012-05-01,29.84306,-89.61064,Gillnet,Archosargus Probatocephalus,Sheepshead,1
Pontchartrain,2012-05-16,29.84306,-89.61064,Gillnet,Arius Felis,Sea Catfish,1
Pontchartrain,2012-06-21,29.84306,-89.61064,Gillnet,Callinectes Sapidus,Blue Crab,1
Pontchartrain,2012-08-14,29.84306,-89.61064,Gillnet,Callinectes Sapidus,Blue Crab,1
Pontchartrain,2012-10-22,29.84306,-89.61064,Gillnet,Bagre Marinus,Gafftopsail Catfish,1
Pontchartrain,2013-06-05,29.84306,-89.61064,Gillnet,Pogonias Cromis,Black Drum,1
Pontchartrain,2013-07-03,29.84306,-89.61064,Gillnet,Callinectes Sapidus,Blue Crab,1
Pontchartrain,2013-07-14,29.84306,-89.61064,Gillnet,Bagre Marinus,Gafftopsail Catfish,1
Pontchartrain,2014-05-21,29.84306,-89.61064,Gillnet,Pogonias Cromis,Black Drum,1
Pontchartrain,2014-09-04,29.84306,-89.61064,Gillnet,Bagre Marinus,Gafftopsail Catfish,1
Pontchartrain,2014-09-04,29.84306,-89.61064,Gillnet,Sciaenops Ocellatus,Red Drum,1
Pontchartrain,2015-06-09,29.84306,-89.61064,Gillnet,Atractosteus Spatula,Alligator Gar,1
Pontchartrain,2015-06-09,29.84306,-89.61064,Gillnet,Callinectes Sapidus,Blue Crab,4
Pontchartrain,2015-06-09,29.84306,-89.61064,Gillnet,Pogonias Cromis,Black Drum,1
Pontchartrain,2015-10-13,29.84306,-89.61064,Gillnet,Archosargus Probatocephalus,Sheepshead,1
Pontchartrain,2016-02-22,29.84306,-89.61064,Gillnet,Archosargus Probatocephalus,Sheepshead,1
Pontchartrain,2016-06-02,29.84306,-89.61064,Gillnet,Bagre Marinus,Gafftopsail Catfish,1
Pontchartrain,2016-06-02,29.84306,-89.61064,Gillnet,Callinectes Sapidus,Blue Crab,1
Pontchartrain,2016-09-21,29.84306,-89.61064,Gillnet,Bagre Marinus,Gafftopsail Catfish,1
Pontchartrain,2017-04-05,29.84306,-89.61064,Gillnet,Atractosteus Spatula,Alligator Gar,1
Pontchartrain,2017-04-05,29.84306,-89.61064,Gillnet,Pogonias Cromis,Black Drum,4
Pontchartrain,2017-04-05,29.84306,-89.61064,Gillnet,Sciaenops Ocellatus,Red Drum,1
Pontchartrain,2017-05-11,29.84306,-89.61064,Gillnet,Pogonias Cromis,Black Drum,1
Pontchartrain,2017-05-11,29.84306,-89.61064,Gillnet,Sciaenops Ocellatus,Red Drum,9
Pontchartrain,2017-07-17,29.84306,-89.61064,Gillnet,Cynoscion Nebulosus,Spotted Seatrout,1
Pontchartrain,2017-09-12,29.84306,-89.61064,Gillnet,Bagre Marinus,Gafftopsail Catfish,1
Pontchartrain,2017-09-12,29.84306,-89.61064,Gillnet,Pogonias Cromis,Black Drum,9
Pontchartrain,2018-01-04,29.84306,-89.61064,Gillnet,Micropterus Salmoides,Largemouth Bass,1
Pontchartrain,2018-02-05,29.84306,-89.61064,Gillnet,Atractosteus Spatula,Alligator Gar,1
Pontchartrain,2018-02-05,29.84306,-89.61064,Gillnet,Micropterus Salmoides,Largemouth Bass,4
Pontchartrain,2018-02-05,29.84306,-89.61064,Gillnet,Pogonias Cromis,Black Drum,4
Pontchartrain,2018-03-01,29.84306,-89.61064,Gillnet,Archosargus Probatocephalus,Sheepshead,1
Pontchartrain,2018-03-01,29.84306,-89.61064,Gillnet,Pogonias Cromis,Black Drum,4
Pontchartrain,2018-04-10,29.84306,-89.61064,Gillnet,Lepisosteus Oculatus,Spotted Gar,1
Pontchartrain,2018-05-22,29.84306,-89.61064,Gillnet,Atractosteus Spatula,Alligator Gar,1
Pontchartrain,2018-05-22,29.84306,-89.61064,Gillnet,Sciaenops Ocellatus,Red Drum,4
Pontchartrain,2018-08-02,29.84306,-89.61064,Gillnet,Sciaenops Ocellatus,Red Drum,1
Pontchartrain,2018-08-20,29.84306,-89.61064,Gillnet,Bagre Marinus,Gafftopsail Catfish,1
Pontchartrain,2018-08-20,29.84306,-89.61064,Gillnet,Callinectes Sapidus,Blue Crab,1
Pontchartrain,2018-09-05,29.84306,-89.61064,Gillnet,Pogonias Cromis,Black Drum,1
Pontchartrain,2018-09-05,29.84306,-89.61064,Gillnet,Sciaenops Ocellatus,Red Drum,9
Pontchartrain,2018-10-01,29.84306,-89.61064,Gillnet,Sciaenops Ocellatus,Red Drum,1
Pontchartrain,2019-05-01,29.84306,-89.61064,Gillnet,Arius Felis,Sea Catfish,1
Pontchartrain,2019-05-01,29.84306,-89.61064,Gillnet,Bagre Marinus,Gafftopsail Catfish,2
Pontchartrain,1992-01-15,29.81333,-89.65833,Gillnet,Sciaenops Ocellatus,Red Drum,49
Pontchartrain,1992-02-10,29.81333,-89.65833,Gillnet,Dorosoma Cepedianum,Gizzard Shad,1
Pontchartrain,1992-02-10,29.81333,-89.65833,Gillnet,Pogonias Cromis,Black Drum,1
Pontchartrain,1992-02-10,29.81333,-89.65833,Gillnet,Sciaenops Ocellatus,Red Drum,9
Pontchartrain,1992-04-07,29.81333,-89.65833,Gillnet,Arius Felis,Sea Catfish,1
Pontchartrain,1992-04-07,29.81333,-89.65833,Gillnet,Sciaenops Ocellatus,Red Drum,1
Pontchartrain,1992-05-12,29.81333,-89.65833,Gillnet,Pogonias Cromis,Black Drum,1
Pontchartrain,1992-05-12,29.81333,-89.65833,Gillnet,Sciaenops Ocellatus,Red Drum,16
Pontchartrain,1992-06-16,29.81333,-89.65833,Gillnet,Bagre Marinus,Gafftopsail Catfish,1
Pontchartrain,1992-08-11,29.81333,-89.65833,Gillnet,Sciaenops Ocellatus,Red Drum,1
Pontchartrain,1992-10-15,29.81333,-89.65833,Gillnet,Pogonias Cromis,Black Drum,9
Pontchartrain,1992-10-15,29.81333,-89.65833,Gillnet,Sciaenops Ocellatus,Red Drum,1
Pontchartrain,1992-11-09,29.81333,-89.65833,Gillnet,Pogonias Cromis,Black Drum,4
Pontchartrain,1992-11-09,29.81333,-89.65833,Gillnet,Sciaenops Ocellatus,Red Drum,1
Pontchartrain,1992-11-19,29.81333,-89.65833,Gillnet,Pogonias Cromis,Black Drum,1
Pontchartrain,1993-03-11,29.81333,-89.65833,Gillnet,Sciaenops Ocellatus,Red Drum,1
Pontchartrain,1993-04-01,29.81333,-89.65833,Gillnet,Sciaenops Ocellatus,Red Drum,1
Pontchartrain,1993-05-11,29.81333,-89.65833,Gillnet,Archosargus Probatocephalus,Sheepshead,1
Pontchartrain,1993-05-11,29.81333,-89.65833,Gillnet,Arius Felis,Sea Catfish,1
Pontchartrain,1993-05-11,29.81333,-89.65833,Gillnet,Pogonias Cromis,Black Drum,1
Pontchartrain,1993-05-11,29.81333,-89.65833,Gillnet,Sciaenops Ocellatus,Red Drum,1
Pontchartrain,1993-06-02,29.81333,-89.65833,Gillnet,Arius Felis,Sea Catfish,2
Pontchartrain,1993-06-02,29.81333,-89.65833,Gillnet,Sciaenops Ocellatus,Red Drum,9
Pontchartrain,1993-07-01,29.81333,-89.65833,Gillnet,Atractosteus Spatula,Alligator Gar,1
Pontchartrain,1993-08-25,29.81333,-89.65833,Gillnet,Sciaenops Ocellatus,Red Drum,1
Pontchartrain,1993-10-06,29.81333,-89.65833,Gillnet,Arius Felis,Sea Catfish,1
Pontchartrain,1993-12-02,29.81333,-89.65833,Gillnet,Pogonias Cromis,Black Drum,1
Pontchartrain,1994-01-12,29.81333,-89.65833,Gillnet,Pogonias Cromis,Black Drum,4
Pontchartrain,1994-01-12,29.81333,-89.65833,Gillnet,Sciaenops Ocellatus,Red Drum,81
Pontchartrain,1994-03-07,29.81333,-89.65833,Gillnet,Archosargus Probatocephalus,Sheepshead,1
Pontchartrain,1994-03-07,29.81333,-89.65833,Gillnet,Cynoscion Nebulosus,Spotted Seatrout,1
Pontchartrain,1994-04-07,29.81333,-89.65833,Gillnet,Cynoscion Nebulosus,Spotted Seatrout,4
Pontchartrain,1994-04-07,29.81333,-89.65833,Gillnet,Dorosoma Cepedianum,Gizzard Shad,1
Pontchartrain,1994-05-05,29.81333,-89.65833,Gillnet,Dorosoma Cepedianum,Gizzard Shad,1
Pontchartrain,1994-05-05,29.81333,-89.65833,Gillnet,Sciaenops Ocellatus,Red Drum,1
Pontchartrain,1994-06-01,29.81333,-89.65833,Gillnet,Sciaenops Ocellatus,Red Drum,1
Pontchartrain,1994-07-26,29.81333,-89.65833,Gillnet,Pogonias Cromis,Black Drum,1
Pontchartrain,1994-11-09,29.81333,-89.65833,Gillnet,Pogonias Cromis,Black Drum,1
Pontchartrain,1995-03-17,29.81333,-89.65833,Gillnet,Archosargus Probatocephalus,Sheepshead,1
Pontchartrain,1995-03-17,29.81333,-89.65833,Gillnet,Dorosoma Cepedianum,Gizzard Shad,1
Pontchartrain,1995-04-12,29.81333,-89.65833,Gillnet,Lepisosteus Oculatus,Spotted Gar,1
Pontchartrain,1995-04-12,29.81333,-89.65833,Gillnet,Pogonias Cromis,Black Drum,1
Pontchartrain,1995-05-02,29.81333,-89.65833,Gillnet,Arius Felis,Sea Catfish,1
Pontchartrain,1995-05-16,29.81333,-89.65833,Gillnet,Sciaenops Ocellatus,Red Drum,16
Pontchartrain,1995-06-05,29.81333,-89.65833,Gillnet,Pogonias Cromis,Black Drum,4
Pontchartrain,1995-06-05,29.81333,-89.65833,Gillnet,Sciaenops Ocellatus,Red Drum,1
Pontchartrain,1995-06-19,29.81333,-89.65833,Gillnet,Cynoscion Nebulosus,Spotted Seatrout,1
Pontchartrain,1995-06-19,29.81333,-89.65833,Gillnet,Sciaenops Ocellatus,Red Drum,1
Pontchartrain,1995-07-11,29.81333,-89.65833,Gillnet,Pogonias Cromis,Black Drum,1
Pontchartrain,1995-09-18,29.81333,-89.65833,Gillnet,Pogonias Cromis,Black Drum,1
Pontchartrain,1995-09-18,29.81333,-89.65833,Gillnet,Scomberomorus Maculatus,Spanish Mackerel,1
Pontchartrain,1995-10-09,29.81333,-89.65833,Gillnet,Archosargus Probatocephalus,Sheepshead,1
Pontchartrain,1996-04-09,29.81333,-89.65833,Gillnet,Cynoscion Nebulosus,Spotted Seatrout,1
Pontchartrain,1996-04-09,29.81333,-89.65833,Gillnet,Pogonias Cromis,Black Drum,9
Pontchartrain,1996-04-09,29.81333,-89.65833,Gillnet,Sciaenops Ocellatus,Red Drum,9
Pontchartrain,1996-06-04,29.81333,-89.65833,Gillnet,Sciaenops Ocellatus,Red Drum,1
Pontchartrain,1996-08-06,29.81333,-89.65833,Gillnet,Bagre Marinus,Gafftopsail Catfish,1
Pontchartrain,1996-10-16,29.81333,-89.65833,Gillnet,Cynoscion Nebulosus,Spotted Seatrout,1
Pontchartrain,1996-11-06,29.81333,-89.65833,Gillnet,Archosargus Probatocephalus,Sheepshead,1
Pontchartrain,1996-12-04,29.81333,-89.65833,Gillnet,Sciaenops Ocellatus,Red Drum,1
Pontchartrain,1997-10-02,29.81333,-89.65833,Gillnet,Bagre Marinus,Gafftopsail Catfish,1
Pontchartrain,1997-10-02,29.81333,-89.65833,Gillnet,Dorosoma Cepedianum,Gizzard Shad,1
Pontchartrain,1998-01-16,29.81333,-89.65833,Gillnet,Archosargus Probatocephalus,Sheepshead,1
Pontchartrain,1998-06-04,29.81333,-89.65833,Gillnet,Dorosoma Cepedianum,Gizzard Shad,1
Pontchartrain,1998-07-08,29.81333,-89.65833,Gillnet,Callinectes Sapidus,Blue Crab,1
Pontchartrain,1998-07-20,29.81333,-89.65833,Gillnet,Arius Felis,Sea Catfish,2
Pontchartrain,1999-02-01,29.81333,-89.65833,Gillnet,Pogonias Cromis,Black Drum,1
Pontchartrain,1999-04-27,29.81333,-89.65833,Gillnet,Callinectes Sapidus,Blue Crab,2
Pontchartrain,1999-06-07,29.81333,-89.65833,Gillnet,Arius Felis,Sea Catfish,1
Pontchartrain,2000-04-17,29.81333,-89.65833,Gillnet,Pogonias Cromis,Black Drum,1
Pontchartrain,2000-05-02,29.81333,-89.65833,Gillnet,Sciaenops Ocellatus,Red Drum,1
Pontchartrain,2000-05-24,29.81333,-89.65833,Gillnet,Bagre Marinus,Gafftopsail Catfish,4
Pontchartrain,2000-07-12,29.81333,-89.65833,Gillnet,Callinectes Sapidus,Blue Crab,1
Pontchartrain,2000-07-26,29.81333,-89.65833,Gillnet,Arius Felis,Sea Catfish,1
Pontchartrain,2000-07-26,29.81333,-89.65833,Gillnet,Pogonias Cromis,Black Drum,1
Pontchartrain,2000-07-26,29.81333,-89.65833,Gillnet,Sciaenops Ocellatus,Red Drum,1
Pontchartrain,2000-08-22,29.81333,-89.65833,Gillnet,Bagre Marinus,Gafftopsail Catfish,1
Pontchartrain,2000-08-22,29.81333,-89.65833,Gillnet,Pogonias Cromis,Black Drum,9
Pontchartrain,2000-10-11,29.81333,-89.65833,Gillnet,Pogonias Cromis,Black Drum,4
Pontchartrain,2001-02-14,29.81333,-89.65833,Gillnet,Archosargus Probatocephalus,Sheepshead,1
Pontchartrain,2001-04-03,29.81333,-89.65833,Gillnet,Arius Felis,Sea Catfish,2
Pontchartrain,2001-04-03,29.81333,-89.65833,Gillnet,Cynoscion Nebulosus,Spotted Seatrout,25
Pontchartrain,2001-04-03,29.81333,-89.65833,Gillnet,Lagodon Rhomboides,Pinfish,1
Pontchartrain,2001-04-03,29.81333,-89.65833,Gillnet,Rhinoptera Bonasus,Cownose Ray,1
Pontchartrain,2001-05-08,29.81333,-89.65833,Gillnet,Archosargus Probatocephalus,Sheepshead,2
Pontchartrain,2001-05-22,29.81333,-89.65833,Gillnet,Pogonias Cromis,Black Drum,1
Pontchartrain,2001-06-11,29.81333,-89.65833,Gillnet,Arius Felis,Sea Catfish,1
Pontchartrain,2001-06-11,29.81333,-89.65833,Gillnet,Bagre Marinus,Gafftopsail Catfish,1
Pontchartrain,2001-07-17,29.81333,-89.65833,Gillnet,Bagre Marinus,Gafftopsail Catfish,1
Pontchartrain,2001-07-17,29.81333,-89.65833,Gillnet,Pogonias Cromis,Black Drum,9
Pontchartrain,2001-07-17,29.81333,-89.65833,Gillnet,Sciaenops Ocellatus,Red Drum,4
Pontchartrain,2001-08-28,29.81333,-89.65833,Gillnet,Arius Felis,Sea Catfish,1
Pontchartrain,2001-08-28,29.81333,-89.65833,Gillnet,Pogonias Cromis,Black Drum,16
Pontchartrain,2001-09-04,29.81333,-89.65833,Gillnet,Arius Felis,Sea Catfish,2
Pontchartrain,2001-09-17,29.81333,-89.65833,Gillnet,Arius Felis,Sea Catfish,1
Pontchartrain,2001-09-17,29.81333,-89.65833,Gillnet,Atractosteus Spatula,Alligator Gar,1
Pontchartrain,2001-09-17,29.81333,-89.65833,Gillnet,Micropogonias Undulatus,Atlantic Croaker,1
Pontchartrain,2001-09-17,29.81333,-89.65833,Gillnet,Pogonias Cromis,Black Drum,1
Pontchartrain,2001-10-01,29.81333,-89.65833,Gillnet,Arius Felis,Sea Catfish,1
Pontchartrain,2001-10-01,29.81333,-89.65833,Gillnet,Atractosteus Spatula,Alligator Gar,1
Pontchartrain,2001-11-05,29.81333,-89.65833,Gillnet,Pogonias Cromis,Black Drum,4
Pontchartrain,2001-12-05,29.81333,-89.65833,Gillnet,Archosargus Probatocephalus,Sheepshead,1
Pontchartrain,2001-12-05,29.81333,-89.65833,Gillnet,Cynoscion Nebulosus,Spotted Seatrout,1
Pontchartrain,2002-01-08,29.81333,-89.65833,Gillnet,Pogonias Cromis,Black Drum,1
Pontchartrain,2002-04-03,29.81333,-89.65833,Gillnet,Arius Felis,Sea Catfish,1
Pontchartrain,2002-04-16,29.81333,-89.65833,Gillnet,Bagre Marinus,Gafftopsail Catfish,1
Pontchartrain,2002-04-16,29.81333,-89.65833,Gillnet,Cynoscion Nebulosus,Spotted Seatrout,1
Pontchartrain,2002-05-08,29.81333,-89.65833,Gillnet,Arius Felis,Sea Catfish,2
Pontchartrain,2002-05-08,29.81333,-89.65833,Gillnet,Carcharhinus Leucas,Bull Shark,1
Pontchartrain,2002-05-08,29.81333,-89.65833,Gillnet,Pogonias Cromis,Black Drum,1
Pontchartrain,2002-06-05,29.81333,-89.65833,Gillnet,Bagre Marinus,Gafftopsail Catfish,1
Pontchartrain,2002-06-25,29.81333,-89.65833,Gillnet,Bagre Marinus,Gafftopsail Catfish,1
Pontchartrain,2002-08-21,29.81333,-89.65833,Gillnet,Pogonias Cromis,Black Drum,4
Pontchartrain,2002-10-15,29.81333,-89.65833,Gillnet,Pogonias Cromis,Black Drum,1
Pontchartrain,2002-11-12,29.81333,-89.65833,Gillnet,Pogonias Cromis,Black Drum,1
Pontchartrain,2002-11-12,29.81333,-89.65833,Gillnet,Sciaenops Ocellatus,Red Drum,1
Pontchartrain,2002-12-09,29.81333,-89.65833,Gillnet,Cynoscion Nebulosus,Spotted Seatrout,1
Pontchartrain,2002-12-09,29.81333,-89.65833,Gillnet,Pogonias Cromis,Black Drum,1
Pontchartrain,2003-01-07,29.81333,-89.65833,Gillnet,Cynoscion Nebulosus,Spotted Seatrout,9
Pontchartrain,2003-01-07,29.81333,-89.65833,Gillnet,Sciaenops Ocellatus,Red Drum,1
Pontchartrain,2003-02-10,29.81333,-89.65833,Gillnet,Cynoscion Nebulosus,Spotted Seatrout,1
Pontchartrain,2003-04-15,29.81333,-89.65833,Gillnet,Pogonias Cromis,Black Drum,1
Pontchartrain,2003-05-06,29.81333,-89.65833,Gillnet,Cynoscion Nebulosus,Spotted Seatrout,1
Pontchartrain,2003-06-04,29.81333,-89.65833,Gillnet,Arius Felis,Sea Catfish,1
Pontchartrain,2003-06-04,29.81333,-89.65833,Gillnet,Bagre Marinus,Gafftopsail Catfish,1
Pontchartrain,2003-07-21,29.81333,-89.65833,Gillnet,Pogonias Cromis,Black Drum,9
Pontchartrain,2003-09-23,29.81333,-89.65833,Gillnet,Pogonias Cromis,Black Drum,1
Pontchartrain,2003-10-08,29.81333,-89.65833,Gillnet,Cynoscion Nebulosus,Spotted Seatrout,1
Pontchartrain,2003-12-04,29.81333,-89.65833,Gillnet,Cynoscion Nebulosus,Spotted Seatrout,1
Pontchartrain,2003-12-04,29.81333,-89.65833,Gillnet,Dorosoma Cepedianum,Gizzard Shad,2
Pontchartrain,2004-01-12,29.81333,-89.65833,Gillnet,Cynoscion Nebulosus,Spotted Seatrout,9
Pontchartrain,2004-03-08,29.81333,-89.65833,Gillnet,Arius Felis,Sea Catfish,1
Pontchartrain,2004-03-08,29.81333,-89.65833,Gillnet,Cynoscion Nebulosus,Spotted Seatrout,1
Pontchartrain,2004-03-08,29.81333,-89.65833,Gillnet,Dorosoma Cepedianum,Gizzard Shad,1
Pontchartrain,2004-04-02,29.81333,-89.65833,Gillnet,Pogonias Cromis,Black Drum,1
Pontchartrain,2004-05-10,29.81333,-89.65833,Gillnet,Pogonias Cromis,Black Drum,4
Pontchartrain,2004-05-10,29.81333,-89.65833,Gillnet,Sciaenops Ocellatus,Red Drum,1
Pontchartrain,2004-06-16,29.81333,-89.65833,Gillnet,Bagre Marinus,Gafftopsail Catfish,4
Pontchartrain,2004-07-27,29.81333,-89.65833,Gillnet,Bagre Marinus,Gafftopsail Catfish,1
Pontchartrain,2004-08-03,29.81333,-89.65833,Gillnet,Callinectes Sapidus,Blue Crab,1
Pontchartrain,2004-09-09,29.81333,-89.65833,Gillnet,Mugil Cephalus,Striped Mullet,1
Pontchartrain,2004-09-09,29.81333,-89.65833,Gillnet,Pogonias Cromis,Black Drum,1
Pontchartrain,2004-09-27,29.81333,-89.65833,Gillnet,Mugil Cephalus,Striped Mullet,1
Pontchartrain,2004-11-22,29.81333,-89.65833,Gillnet,Cynoscion Nebulosus,Spotted Seatrout,1
Pontchartrain,2004-12-17,29.81333,-89.65833,Gillnet,Dorosoma Cepedianum,Gizzard Shad,1
Pontchartrain,2004-12-17,29.81333,-89.65833,Gillnet,Lepisosteus Oculatus,Spotted Gar,1
Pontchartrain,2005-01-11,29.81333,-89.65833,Gillnet,Alosa Chrysochloris,Skipjack Herring,3
Pontchartrain,2005-01-11,29.81333,-89.65833,Gillnet,Cynoscion Nebulosus,Spotted Seatrout,1
Pontchartrain,2005-04-08,29.81333,-89.65833,Gillnet,Pogonias Cromis,Black Drum,1
Pontchartrain,2005-04-19,29.81333,-89.65833,Gillnet,Cynoscion Nebulosus,Spotted Seatrout,1
Pontchartrain,2005-05-05,29.81333,-89.65833,Gillnet,Caranx Hippos,Crevalle Jack,1
Pontchartrain,2005-05-19,29.81333,-89.65833,Gillnet,Bagre Marinus,Gafftopsail Catfish,16
Pontchartrain,2005-06-24,29.81333,-89.65833,Gillnet,Arius Felis,Sea Catfish,1
Pontchartrain,2005-06-24,29.81333,-89.65833,Gillnet,Bagre Marinus,Gafftopsail Catfish,1
Pontchartrain,2005-06-24,29.81333,-89.65833,Gillnet,Pogonias Cromis,Black Drum,4
Pontchartrain,2005-07-14,29.81333,-89.65833,Gillnet,Cynoscion Nebulosus,Spotted Seatrout,1
Pontchartrain,2005-07-14,29.81333,-89.65833,Gillnet,Pogonias Cromis,Black Drum,25
Pontchartrain,2005-07-28,29.81333,-89.65833,Gillnet,Arius Felis,Sea Catfish,1
Pontchartrain,2005-07-28,29.81333,-89.65833,Gillnet,Pogonias Cromis,Black Drum,1
Pontchartrain,2005-08-10,29.81333,-89.65833,Gillnet,Callinectes Sapidus,Blue Crab,4
Pontchartrain,2005-08-10,29.81333,-89.65833,Gillnet,Pogonias Cromis,Black Drum,9
Pontchartrain,2005-11-07,29.81333,-89.65833,Gillnet,Sciaenops Ocellatus,Red Drum,1
Pontchartrain,2006-05-11,29.81333,-89.65833,Gillnet,Arius Felis,Sea Catfish,1
Pontchartrain,2006-05-11,29.81333,-89.65833,Gillnet,Cynoscion Nebulosus,Spotted Seatrout,1
Pontchartrain,2006-05-11,29.81333,-89.65833,Gillnet,Pogonias Cromis,Black Drum,25
Pontchartrain,2006-05-30,29.81333,-89.65833,Gillnet,Bagre Marinus,Gafftopsail Catfish,4
Pontchartrain,2006-06-12,29.81333,-89.65833,Gillnet,Bagre Marinus,Gafftopsail Catfish,4
Pontchartrain,2006-06-12,29.81333,-89.65833,Gillnet,Pogonias Cromis,Black Drum,36
Pontchartrain,2006-06-23,29.81333,-89.65833,Gillnet,Bagre Marinus,Gafftopsail Catfish,4
Pontchartrain,2006-07-18,29.81333,-89.65833,Gillnet,Arius Felis,Sea Catfish,2
Pontchartrain,2006-07-18,29.81333,-89.65833,Gillnet,Bagre Marinus,Gafftopsail Catfish,9
Pontchartrain,2006-08-02,29.81333,-89.65833,Gillnet,Bagre Marinus,Gafftopsail Catfish,1
Pontchartrain,2006-09-14,29.81333,-89.65833,Gillnet,Arius Felis,Sea Catfish,1
Pontchartrain,2006-09-19,29.81333,-89.65833,Gillnet,Bagre Marinus,Gafftopsail Catfish,1
Pontchartrain,2006-11-08,29.81333,-89.65833,Gillnet,Arius Felis,Sea Catfish,1
Pontchartrain,2007-03-12,29.81333,-89.65833,Gillnet,Arius Felis,Sea Catfish,3
Pontchartrain,2007-04-11,29.81333,-89.65833,Gillnet,Arius Felis,Sea Catfish,2
Pontchartrain,2007-04-11,29.81333,-89.65833,Gillnet,Cynoscion Nebulosus,Spotted Seatrout,9
Pontchartrain,2007-05-08,29.81333,-89.65833,Gillnet,Bagre Marinus,Gafftopsail Catfish,1
Pontchartrain,2007-05-08,29.81333,-89.65833,Gillnet,Pogonias Cromis,Black Drum,4
Pontchartrain,2007-05-08,29.81333,-89.65833,Gillnet,Sciaenops Ocellatus,Red Drum,1
Pontchartrain,2007-05-21,29.81333,-89.65833,Gillnet,Pogonias Cromis,Black Drum,4
Pontchartrain,2007-06-05,29.81333,-89.65833,Gillnet,Bagre Marinus,Gafftopsail Catfish,1
Pontchartrain,2007-06-05,29.81333,-89.65833,Gillnet,Pogonias Cromis,Black Drum,1
Pontchartrain,2007-06-05,29.81333,-89.65833,Gillnet,Sciaenops Ocellatus,Red Drum,4
Pontchartrain,2007-06-19,29.81333,-89.65833,Gillnet,Pogonias Cromis,Black Drum,81
Pontchartrain,2007-08-02,29.81333,-89.65833,Gillnet,Arius Felis,Sea Catfish,1
Pontchartrain,2007-08-02,29.81333,-89.65833,Gillnet,Sciaenops Ocellatus,Red Drum,25
Pontchartrain,2007-08-14,29.81333,-89.65833,Gillnet,Sciaenops Ocellatus,Red Drum,1
Pontchartrain,2007-09-05,29.81333,-89.65833,Gillnet,Bagre Marinus,Gafftopsail Catfish,16
Pontchartrain,2007-09-05,29.81333,-89.65833,Gillnet,Pogonias Cromis,Black Drum,16
Pontchartrain,2007-09-18,29.81333,-89.65833,Gillnet,Bagre Marinus,Gafftopsail Catfish,1
Pontchartrain,2007-11-01,29.81333,-89.65833,Gillnet,Cynoscion Nebulosus,Spotted Seatrout,4
Pontchartrain,2007-11-01,29.81333,-89.65833,Gillnet,Pogonias Cromis,Black Drum,1
Pontchartrain,2007-11-01,29.81333,-89.65833,Gillnet,Sciaenops Ocellatus,Red Drum,1
Pontchartrain,2008-02-11,29.81333,-89.65833,Gillnet,Cynoscion Nebulosus,Spotted Seatrout,1
Pontchartrain,2008-04-03,29.81333,-89.65833,Gillnet,Cynoscion Nebulosus,Spotted Seatrout,1
Pontchartrain,2008-04-03,29.81333,-89.65833,Gillnet,Pogonias Cromis,Black Drum,4
Pontchartrain,2008-04-16,29.81333,-89.65833,Gillnet,Cynoscion Nebulosus,Spotted Seatrout,1
Pontchartrain,2008-04-16,29.81333,-89.65833,Gillnet,Pogonias Cromis,Black Drum,9
Pontchartrain,2008-04-16,29.81333,-89.65833,Gillnet,Sciaenops Ocellatus,Red Drum,1
Pontchartrain,2008-05-06,29.81333,-89.65833,Gillnet,Cynoscion Nebulosus,Spotted Seatrout,1
Pontchartrain,2008-05-06,29.81333,-89.65833,Gillnet,Pogonias Cromis,Black Drum,4
Pontchartrain,2008-05-20,29.81333,-89.65833,Gillnet,Arius Felis,Sea Catfish,1
Pontchartrain,2008-05-20,29.81333,-89.65833,Gillnet,Bagre Marinus,Gafftopsail Catfish,36
Pontchartrain,2008-05-20,29.81333,-89.65833,Gillnet,Pogonias Cromis,Black Drum,16
Pontchartrain,2008-06-04,29.81333,-89.65833,Gillnet,Bagre Marinus,Gafftopsail Catfish,16
Pontchartrain,2008-06-16,29.81333,-89.65833,Gillnet,Pogonias Cromis,Black Drum,1
Pontchartrain,2008-07-01,29.81333,-89.65833,Gillnet,Pogonias Cromis,Black Drum,25
Pontchartrain,2008-07-15,29.81333,-89.65833,Gillnet,Archosargus Probatocephalus,Sheepshead,1
Pontchartrain,2008-07-15,29.81333,-89.65833,Gillnet,Bagre Marinus,Gafftopsail Catfish,1
Pontchartrain,2008-07-15,29.81333,-89.65833,Gillnet,Pogonias Cromis,Black Drum,121
Pontchartrain,2008-07-15,29.81333,-89.65833,Gillnet,Sciaenops Ocellatus,Red Drum,1
Pontchartrain,2008-08-06,29.81333,-89.65833,Gillnet,Cynoscion Nebulosus,Spotted Seatrout,1
Pontchartrain,2008-08-06,29.81333,-89.65833,Gillnet,Pogonias Cromis,Black Drum,16
Pontchartrain,2008-09-18,29.81333,-89.65833,Gillnet,Arius Felis,Sea Catfish,1
Pontchartrain,2008-09-23,29.81333,-89.65833,Gillnet,Bagre Marinus,Gafftopsail Catfish,1
Pontchartrain,2008-09-23,29.81333,-89.65833,Gillnet,Pogonias Cromis,Black Drum,1
Pontchartrain,2008-10-01,29.81333,-89.65833,Gillnet,Pogonias Cromis,Black Drum,1
Pontchartrain,2009-01-12,29.81333,-89.65833,Gillnet,Cynoscion Nebulosus,Spotted Seatrout,4
Pontchartrain,2009-01-12,29.81333,-89.65833,Gillnet,Pogonias Cromis,Black Drum,1
Pontchartrain,2009-03-05,29.81333,-89.65833,Gillnet,Archosargus Probatocephalus,Sheepshead,1
Pontchartrain,2009-04-09,29.81333,-89.65833,Gillnet,Callinectes Sapidus,Blue Crab,9
Pontchartrain,2009-04-09,29.81333,-89.65833,Gillnet,Cynoscion Nebulosus,Spotted Seatrout,1
Pontchartrain,2009-04-09,29.81333,-89.65833,Gillnet,Pogonias Cromis,Black Drum,25
Pontchartrain,2009-04-09,29.81333,-89.65833,Gillnet,Sciaenops Ocellatus,Red Drum,1
Pontchartrain,2009-04-21,29.81333,-89.65833,Gillnet,Pogonias Cromis,Black Drum,9
Pontchartrain,2009-05-28,29.81333,-89.65833,Gillnet,Atractosteus Spatula,Alligator Gar,1
Pontchartrain,2009-05-28,29.81333,-89.65833,Gillnet,Bagre Marinus,Gafftopsail Catfish,1
Pontchartrain,2009-05-28,29.81333,-89.65833,Gillnet,Pogonias Cromis,Black Drum,25
Pontchartrain,2009-05-28,29.81333,-89.65833,Gillnet,Sciaenops Ocellatus,Red Drum,1
Pontchartrain,2009-06-10,29.81333,-89.65833,Gillnet,Bagre Marinus,Gafftopsail Catfish,1
Pontchartrain,2009-06-10,29.81333,-89.65833,Gillnet,Callinectes Sapidus,Blue Crab,1
Pontchartrain,2009-06-10,29.81333,-89.65833,Gillnet,Pogonias Cromis,Black Drum,25
Pontchartrain,2009-06-24,29.81333,-89.65833,Gillnet,Bagre Marinus,Gafftopsail Catfish,1
Pontchartrain,2009-06-24,29.81333,-89.65833,Gillnet,Callinectes Sapidus,Blue Crab,4
Pontchartrain,2009-06-24,29.81333,-89.65833,Gillnet,Cynoscion Nebulosus,Spotted Seatrout,1
Pontchartrain,2009-06-24,29.81333,-89.65833,Gillnet,Sciaenops Ocellatus,Red Drum,1
Pontchartrain,2009-07-16,29.81333,-89.65833,Gillnet,Bagre Marinus,Gafftopsail Catfish,1
Pontchartrain,2009-07-27,29.81333,-89.65833,Gillnet,Bagre Marinus,Gafftopsail Catfish,9
Pontchartrain,2009-08-12,29.81333,-89.65833,Gillnet,Bagre Marinus,Gafftopsail Catfish,4
Pontchartrain,2009-08-25,29.81333,-89.65833,Gillnet,Arius Felis,Sea Catfish,1
Pontchartrain,2009-08-25,29.81333,-89.65833,Gillnet,Bagre Marinus,Gafftopsail Catfish,9
Pontchartrain,2009-08-25,29.81333,-89.65833,Gillnet,Callinectes Sapidus,Blue Crab,1
Pontchartrain,2009-08-25,29.81333,-89.65833,Gillnet,Leiostomus Xanthurus,Spot,1
Pontchartrain,2009-09-22,29.81333,-89.65833,Gillnet,Bagre Marinus,Gafftopsail Catfish,1
Pontchartrain,2009-10-07,29.81333,-89.65833,Gillnet,Cynoscion Arenarius,Sand Seatrout,4
Pontchartrain,2010-01-05,29.81333,-89.65833,Gillnet,Pogonias Cromis,Black Drum,64
Pontchartrain,2010-01-05,29.81333,-89.65833,Gillnet,Sciaenops Ocellatus,Red Drum,9
Pontchartrain,2010-04-12,29.81333,-89.65833,Gillnet,Pogonias Cromis,Black Drum,4
Pontchartrain,2010-05-10,29.81333,-89.65833,Gillnet,Bagre Marinus,Gafftopsail Catfish,4
Pontchartrain,2010-05-27,29.81333,-89.65833,Gillnet,Arius Felis,Sea Catfish,1
Pontchartrain,2010-05-27,29.81333,-89.65833,Gillnet,Callinectes Sapidus,Blue Crab,1
Pontchartrain,2010-05-27,29.81333,-89.65833,Gillnet,Pogonias Cromis,Black Drum,81
Pontchartrain,2010-05-27,29.81333,-89.65833,Gillnet,Sciaenops Ocellatus,Red Drum,4
Pontchartrain,2010-06-09,29.81333,-89.65833,Gillnet,Pogonias Cromis,Black Drum,25
Pontchartrain,2010-07-13,29.81333,-89.65833,Gillnet,Arius Felis,Sea Catfish,2
Pontchartrain,2010-07-13,29.81333,-89.65833,Gillnet,Atractosteus Spatula,Alligator Gar,1
Pontchartrain,2010-07-13,29.81333,-89.65833,Gillnet,Bagre Marinus,Gafftopsail Catfish,4
Pontchartrain,2010-07-13,29.81333,-89.65833,Gillnet,Callinectes Sapidus,Blue Crab,16
Pontchartrain,2010-07-13,29.81333,-89.65833,Gillnet,Carcharhinus Leucas,Bull Shark,1
Pontchartrain,2010-07-13,29.81333,-89.65833,Gillnet,Elops Saurus,Ladyfish,1
Pontchartrain,2010-07-13,29.81333,-89.65833,Gillnet,Pogonias Cromis,Black Drum,4
Pontchartrain,2010-07-13,29.81333,-89.65833,Gillnet,Sciaenops Ocellatus,Red Drum,1
Pontchartrain,2010-07-29,29.81333,-89.65833,Gillnet,Callinectes Sapidus,Blue Crab,4
Pontchartrain,2010-07-29,29.81333,-89.65833,Gillnet,Pogonias Cromis,Black Drum,1
Pontchartrain,2010-08-05,29.81333,-89.65833,Gillnet,Bagre Marinus,Gafftopsail Catfish,1
Pontchartrain,2010-08-05,29.81333,-89.65833,Gillnet,Pogonias Cromis,Black Drum,25
Pontchartrain,2010-08-19,29.81333,-89.65833,Gillnet,Bagre Marinus,Gafftopsail Catfish,1
Pontchartrain,2010-09-16,29.81333,-89.65833,Gillnet,Bagre Marinus,Gafftopsail Catfish,1
Pontchartrain,2010-09-16,29.81333,-89.65833,Gillnet,Callinectes Sapidus,Blue Crab,1
Pontchartrain,2010-10-05,29.81333,-89.65833,Gillnet,Bagre Marinus,Gafftopsail Catfish,1
Pontchartrain,2011-06-14,29.81333,-89.65833,Gillnet,Pogonias Cromis,Black Drum,1
Pontchartrain,2011-06-14,29.81333,-89.65833,Gillnet,Sciaenops Ocellatus,Red Drum,9
Pontchartrain,2011-07-21,29.81333,-89.65833,Gillnet,Bagre Marinus,Gafftopsail Catfish,1
Pontchartrain,2011-08-04,29.81333,-89.65833,Gillnet,Cynoscion Nebulosus,Spotted Seatrout,1
Pontchartrain,2011-08-04,29.81333,-89.65833,Gillnet,Pogonias Cromis,Black Drum,9
Pontchartrain,2011-08-11,29.81333,-89.65833,Gillnet,Bagre Marinus,Gafftopsail Catfish,1
Pontchartrain,2011-10-03,29.81333,-89.65833,Gillnet,Cynoscion Nebulosus,Spotted Seatrout,1
Pontchartrain,2011-11-07,29.81333,-89.65833,Gillnet,Dorosoma Cepedianum,Gizzard Shad,1
Pontchartrain,2012-01-17,29.81333,-89.65833,Gillnet,Cynoscion Nebulosus,Spotted Seatrout,1
Pontchartrain,2012-04-12,29.81333,-89.65833,Gillnet,Bagre Marinus,Gafftopsail Catfish,4
Pontchartrain,2012-04-18,29.81333,-89.65833,Gillnet,Arius Felis,Sea Catfish,1
Pontchartrain,2012-04-18,29.81333,-89.65833,Gillnet,Pogonias Cromis,Black Drum,100
Pontchartrain,2012-05-16,29.81333,-89.65833,Gillnet,Cynoscion Nebulosus,Spotted Seatrout,1
Pontchartrain,2012-06-05,29.81333,-89.65833,Gillnet,Bagre Marinus,Gafftopsail Catfish,1
Pontchartrain,2012-06-05,29.81333,-89.65833,Gillnet,Cynoscion Arenarius,Sand Seatrout,1
Pontchartrain,2012-06-05,29.81333,-89.65833,Gillnet,Cynoscion Nebulosus,Spotted Seatrout,1
Pontchartrain,2012-06-05,29.81333,-89.65833,Gillnet,Pogonias Cromis,Black Drum,1
Pontchartrain,2012-08-01,29.81333,-89.65833,Gillnet,Bagre Marinus,Gafftopsail Catfish,4
Pontchartrain,2012-08-01,29.81333,-89.65833,Gillnet,Pogonias Cromis,Black Drum,1
Pontchartrain,2012-11-05,29.81333,-89.65833,Gillnet,Sciaenops Ocellatus,Red Drum,1
Pontchartrain,2012-12-04,29.81333,-89.65833,Gillnet,Pogonias Cromis,Black Drum,1
Pontchartrain,2013-03-05,29.81333,-89.65833,Gillnet,Lepisosteus Oculatus,Spotted Gar,1
Pontchartrain,2013-03-05,29.81333,-89.65833,Gillnet,Pogonias Cromis,Black Drum,1
Pontchartrain,2013-05-20,29.81333,-89.65833,Gillnet,Bagre Marinus,Gafftopsail Catfish,1
Pontchartrain,2013-06-05,29.81333,-89.65833,Gillnet,Bagre Marinus,Gafftopsail Catfish,1
Pontchartrain,2013-06-26,29.81333,-89.65833,Gillnet,Callinectes Sapidus,Blue Crab,1
Pontchartrain,2013-08-08,29.81333,-89.65833,Gillnet,Pogonias Cromis,Black Drum,16
Pontchartrain,2013-08-08,29.81333,-89.65833,Gillnet,Sciaenops Ocellatus,Red Drum,4
Pontchartrain,2013-08-28,29.81333,-89.65833,Gillnet,Pogonias Cromis,Black Drum,4
Pontchartrain,2013-12-05,29.81333,-89.65833,Gillnet,Pogonias Cromis,Black Drum,4
Pontchartrain,2014-04-09,29.81333,-89.65833,Gillnet,Cynoscion Nebulosus,Spotted Seatrout,1
Pontchartrain,2014-04-09,29.81333,-89.65833,Gillnet,Pogonias Cromis,Black Drum,4
Pontchartrain,2014-05-01,29.81333,-89.65833,Gillnet,Pogonias Cromis,Black Drum,1
Pontchartrain,2014-07-14,29.81333,-89.65833,Gillnet,Sciaenops Ocellatus,Red Drum,4
Pontchartrain,2015-06-11,29.81333,-89.65833,Gillnet,Callinectes Sapidus,Blue Crab,1
Pontchartrain,2015-07-02,29.81333,-89.65833,Gillnet,Bagre Marinus,Gafftopsail Catfish,4
Pontchartrain,2015-09-21,29.81333,-89.65833,Gillnet,Bagre Marinus,Gafftopsail Catfish,1
Pontchartrain,2016-05-17,29.81333,-89.65833,Gillnet,Bagre Marinus,Gafftopsail Catfish,1
Pontchartrain,2016-05-17,29.81333,-89.65833,Gillnet,Cynoscion Nebulosus,Spotted Seatrout,1
Pontchartrain,2016-06-14,29.81333,-89.65833,Gillnet,Bagre Marinus,Gafftopsail Catfish,4
Pontchartrain,2016-06-14,29.81333,-89.65833,Gillnet,Callinectes Sapidus,Blue Crab,1
Pontchartrain,2017-05-03,29.81333,-89.65833,Gillnet,Bagre Marinus,Gafftopsail Catfish,4
Pontchartrain,2018-01-25,29.81333,-89.65833,Gillnet,Callinectes Sapidus,Blue Crab,1
Pontchartrain,2018-04-12,29.81333,-89.65833,Gillnet,Sciaenops Ocellatus,Red Drum,9
Pontchartrain,2018-05-02,29.81333,-89.65833,Gillnet,Atractosteus Spatula,Alligator Gar,1
Pontchartrain,2018-05-02,29.81333,-89.65833,Gillnet,Pogonias Cromis,Black Drum,1
Pontchartrain,2018-06-21,29.81333,-89.65833,Gillnet,Bagre Marinus,Gafftopsail Catfish,1
Pontchartrain,2018-08-02,29.81333,-89.65833,Gillnet,Bagre Marinus,Gafftopsail Catfish,1
Pontchartrain,2018-08-20,29.81333,-89.65833,Gillnet,Arius Felis,Sea Catfish,1
Pontchartrain,2018-10-04,29.81333,-89.65833,Gillnet,Bagre Marinus,Gafftopsail Catfish,1
Pontchartrain,2019-04-15,29.81333,-89.65833,Gillnet,Arius Felis,Sea Catfish,1
Pontchartrain,1992-05-05,29.61167,-89.69167,Gillnet,Atractosteus Spatula,Alligator Gar,4
Pontchartrain,1992-08-04,29.61167,-89.69167,Gillnet,Arius Felis,Sea Catfish,1
Pontchartrain,1992-08-04,29.61167,-89.69167,Gillnet,Sciaenops Ocellatus,Red Drum,1
Pontchartrain,1992-10-20,29.61167,-89.69167,Gillnet,Dorosoma Cepedianum,Gizzard Shad,1
Pontchartrain,1992-10-20,29.61167,-89.69167,Gillnet,Mugil Cephalus,Striped Mullet,16
Pontchartrain,1992-11-02,29.61167,-89.69167,Gillnet,Arius Felis,Sea Catfish,1
Pontchartrain,1993-03-17,29.61167,-89.69167,Gillnet,Dorosoma Cepedianum,Gizzard Shad,1
Pontchartrain,1993-03-17,29.61167,-89.69167,Gillnet,Pogonias Cromis,Black Drum,1
Pontchartrain,1993-04-22,29.61167,-89.69167,Gillnet,Arius Felis,Sea Catfish,1
Pontchartrain,1993-05-18,29.61167,-89.69167,Gillnet,Dorosoma Cepedianum,Gizzard Shad,2
Pontchartrain,1993-08-19,29.61167,-89.69167,Gillnet,Dorosoma Cepedianum,Gizzard Shad,5
Pontchartrain,1993-09-08,29.61167,-89.69167,Gillnet,Sciaenops Ocellatus,Red Drum,4
Pontchartrain,1993-10-05,29.61167,-89.69167,Gillnet,Sciaenops Ocellatus,Red Drum,1
Pontchartrain,1993-11-03,29.61167,-89.69167,Gillnet,Archosargus Probatocephalus,Sheepshead,1
Pontchartrain,1993-11-03,29.61167,-89.69167,Gillnet,Dorosoma Cepedianum,Gizzard Shad,1
Pontchartrain,1993-11-03,29.61167,-89.69167,Gillnet,Mugil Cephalus,Striped Mullet,1
Pontchartrain,1993-11-03,29.61167,-89.69167,Gillnet,Sciaenops Ocellatus,Red Drum,25
Pontchartrain,1993-11-16,29.61167,-89.69167,Gillnet,Archosargus Probatocephalus,Sheepshead,1
Pontchartrain,1993-12-15,29.61167,-89.69167,Gillnet,Mugil Cephalus,Striped Mullet,1
Pontchartrain,1993-12-15,29.61167,-89.69167,Gillnet,Sciaenops Ocellatus,Red Drum,4
Pontchartrain,1994-01-04,29.61167,-89.69167,Gillnet,Sciaenops Ocellatus,Red Drum,1
Pontchartrain,1994-02-02,29.61167,-89.69167,Gillnet,Mugil Cephalus,Striped Mullet,1
Pontchartrain,1994-02-22,29.61167,-89.69167,Gillnet,Dorosoma Cepedianum,Gizzard Shad,1
Pontchartrain,1994-07-20,29.61167,-89.69167,Gillnet,Archosargus Probatocephalus,Sheepshead,1
Pontchartrain,1994-07-20,29.61167,-89.69167,Gillnet,Dorosoma Cepedianum,Gizzard Shad,1
Pontchartrain,1994-10-05,29.61167,-89.69167,Gillnet,Dorosoma Cepedianum,Gizzard Shad,4
Pontchartrain,1994-11-02,29.61167,-89.69167,Gillnet,Mugil Cephalus,Striped Mullet,4
Pontchartrain,1994-11-15,29.61167,-89.69167,Gillnet,Sciaenops Ocellatus,Red Drum,1
Pontchartrain,1994-12-05,29.61167,-89.69167,Gillnet,Archosargus Probatocephalus,Sheepshead,1
Pontchartrain,1994-12-05,29.61167,-89.69167,Gillnet,Mugil Cephalus,Striped Mullet,1
Pontchartrain,1994-12-20,29.61167,-89.69167,Gillnet,Archosargus Probatocephalus,Sheepshead,1
Pontchartrain,1994-12-20,29.61167,-89.69167,Gillnet,Sciaenops Ocellatus,Red Drum,1
Pontchartrain,1995-01-17,29.61167,-89.69167,Gillnet,Dorosoma Cepedianum,Gizzard Shad,3
Pontchartrain,1995-02-14,29.61167,-89.69167,Gillnet,Dorosoma Cepedianum,Gizzard Shad,1
Pontchartrain,1995-03-02,29.61167,-89.69167,Gillnet,Archosargus Probatocephalus,Sheepshead,1
Pontchartrain,1995-03-02,29.61167,-89.69167,Gillnet,Dorosoma Cepedianum,Gizzard Shad,2
Pontchartrain,1995-03-21,29.61167,-89.69167,Gillnet,Pogonias Cromis,Black Drum,1
Pontchartrain,1995-04-18,29.61167,-89.69167,Gillnet,Dorosoma Cepedianum,Gizzard Shad,1
Pontchartrain,1995-05-17,29.61167,-89.69167,Gillnet,Pogonias Cromis,Black Drum,1
Pontchartrain,1995-06-06,29.61167,-89.69167,Gillnet,Dorosoma Cepedianum,Gizzard Shad,1
Pontchartrain,1995-06-20,29.61167,-89.69167,Gillnet,Pogonias Cromis,Black Drum,1
Pontchartrain,1995-08-01,29.61167,-89.69167,Gillnet,Dorosoma Cepedianum,Gizzard Shad,1
Pontchartrain,1995-08-01,29.61167,-89.69167,Gillnet,Sciaenops Ocellatus,Red Drum,9
Pontchartrain,1995-08-15,29.61167,-89.69167,Gillnet,Dorosoma Cepedianum,Gizzard Shad,2
Pontchartrain,1995-09-05,29.61167,-89.69167,Gillnet,Leiostomus Xanthurus,Spot,1
Pontchartrain,1995-09-19,29.61167,-89.69167,Gillnet,Sciaenops Ocellatus,Red Drum,1
Pontchartrain,1995-11-14,29.61167,-89.69167,Gillnet,Archosargus Probatocephalus,Sheepshead,1
Pontchartrain,1995-11-14,29.61167,-89.69167,Gillnet,Dorosoma Cepedianum,Gizzard Shad,1
Pontchartrain,1996-02-21,29.61167,-89.69167,Gillnet,Micropterus Salmoides,Largemouth Bass,1
Pontchartrain,1996-02-21,29.61167,-89.69167,Gillnet,Mugil Cephalus,Striped Mullet,1
Pontchartrain,1996-02-21,29.61167,-89.69167,Gillnet,Pogonias Cromis,Black Drum,4
Pontchartrain,1996-05-14,29.61167,-89.69167,Gillnet,Arius Felis,Sea Catfish,1
Pontchartrain,1997-05-20,29.61167,-89.69167,Gillnet,Arius Felis,Sea Catfish,10
Pontchartrain,1997-06-04,29.61167,-89.69167,Gillnet,Dorosoma Cepedianum,Gizzard Shad,1
Pontchartrain,1997-06-17,29.61167,-89.69167,Gillnet,Dorosoma Cepedianum,Gizzard Shad,1
Pontchartrain,1997-07-01,29.61167,-89.69167,Gillnet,Malaclemys Terrapin,Diamondback Terrapin,1
Pontchartrain,1998-06-26,29.61167,-89.69167,Gillnet,Dorosoma Cepedianum,Gizzard Shad,1
Pontchartrain,1998-07-21,29.61167,-89.69167,Gillnet,Paralichthys Lethostigma,Southern Flounder,1
Pontchartrain,1999-01-13,29.61167,-89.69167,Gillnet,Mugil Cephalus,Striped Mullet,36
Pontchartrain,1999-01-13,29.61167,-89.69167,Gillnet,Pogonias Cromis,Black Drum,1
Pontchartrain,1999-04-20,29.61167,-89.69167,Gillnet,Arius Felis,Sea Catfish,1
Pontchartrain,1999-06-02,29.61167,-89.69167,Gillnet,Pogonias Cromis,Black Drum,1
Pontchartrain,1999-06-29,29.61167,-89.69167,Gillnet,Sciaenops Ocellatus,Red Drum,4
Pontchartrain,1999-09-29,29.61167,-89.69167,Gillnet,Mugil Cephalus,Striped Mullet,1
Pontchartrain,1999-11-04,29.61167,-89.69167,Gillnet,Mugil Cephalus,Striped Mullet,64
Pontchartrain,1999-11-04,29.61167,-89.69167,Gillnet,Sciaenops Ocellatus,Red Drum,1
Pontchartrain,1999-12-02,29.61167,-89.69167,Gillnet,Dorosoma Cepedianum,Gizzard Shad,10
Pontchartrain,2000-01-12,29.61167,-89.69167,Gillnet,Archosargus Probatocephalus,Sheepshead,1
Pontchartrain,2000-01-12,29.61167,-89.69167,Gillnet,Dorosoma Cepedianum,Gizzard Shad,1
Pontchartrain,2000-01-12,29.61167,-89.69167,Gillnet,Pogonias Cromis,Black Drum,4
Pontchartrain,2000-01-12,29.61167,-89.69167,Gillnet,Sciaenops Ocellatus,Red Drum,144
Pontchartrain,2000-04-26,29.61167,-89.69167,Gillnet,Sciaenops Ocellatus,Red Drum,1
Pontchartrain,2000-05-17,29.61167,-89.69167,Gillnet,Arius Felis,Sea Catfish,2
Pontchartrain,2000-07-11,29.61167,-89.69167,Gillnet,Sciaenops Ocellatus,Red Drum,9
Pontchartrain,2000-08-17,29.61167,-89.69167,Gillnet,Cynoscion Nebulosus,Spotted Seatrout,1
Pontchartrain,2000-08-17,29.61167,-89.69167,Gillnet,Sciaenops Ocellatus,Red Drum,4
Pontchartrain,2000-10-06,29.61167,-89.69167,Gillnet,Arius Felis,Sea Catfish,1
Pontchartrain,2000-10-06,29.61167,-89.69167,Gillnet,Sciaenops Ocellatus,Red Drum,1
Pontchartrain,2000-11-20,29.61167,-89.69167,Gillnet,Mugil Cephalus,Striped Mullet,1
Pontchartrain,2001-04-02,29.61167,-89.69167,Gillnet,Mugil Cephalus,Striped Mullet,1
Pontchartrain,2001-05-01,29.61167,-89.69167,Gillnet,Bagre Marinus,Gafftopsail Catfish,1
Pontchartrain,2001-06-08,29.61167,-89.69167,Gillnet,Bagre Marinus,Gafftopsail Catfish,1
Pontchartrain,2001-09-19,29.61167,-89.69167,Gillnet,Mugil Cephalus,Striped Mullet,4
Pontchartrain,2001-10-08,29.61167,-89.69167,Gillnet,Mugil Cephalus,Striped Mullet,4
Pontchartrain,2001-12-13,29.61167,-89.69167,Gillnet,Dorosoma Cepedianum,Gizzard Shad,1
Pontchartrain,2002-01-08,29.61167,-89.69167,Gillnet,Mugil Cephalus,Striped Mullet,1
Pontchartrain,2002-02-14,29.61167,-89.69167,Gillnet,Cynoscion Nebulosus,Spotted Seatrout,1
Pontchartrain,2002-03-05,29.61167,-89.69167,Gillnet,Mugil Cephalus,Striped Mullet,4
Pontchartrain,2002-03-05,29.61167,-89.69167,Gillnet,Sciaenops Ocellatus,Red Drum,1
Pontchartrain,2002-05-06,29.61167,-89.69167,Gillnet,Pogonias Cromis,Black Drum,1
Pontchartrain,2002-06-04,29.61167,-89.69167,Gillnet,Bagre Marinus,Gafftopsail Catfish,1
Pontchartrain,2002-06-17,29.61167,-89.69167,Gillnet,Arius Felis,Sea Catfish,3
Pontchartrain,2002-08-15,29.61167,-89.69167,Gillnet,Arius Felis,Sea Catfish,1
Pontchartrain,2002-09-09,29.61167,-89.69167,Gillnet,Micropogonias Undulatus,Atlantic Croaker,4
Pontchartrain,2003-02-12,29.61167,-89.69167,Gillnet,Micropterus Salmoides,Largemouth Bass,1
Pontchartrain,2004-03-18,29.61167,-89.69167,Gillnet,Arius Felis,Sea Catfish,2
Pontchartrain,2004-04-20,29.61167,-89.69167,Gillnet,Arius Felis,Sea Catfish,1
Pontchartrain,2004-04-20,29.61167,-89.69167,Gillnet,Bagre Marinus,Gafftopsail Catfish,1
Pontchartrain,2004-05-11,29.61167,-89.69167,Gillnet,Arius Felis,Sea Catfish,1
Pontchartrain,2004-05-11,29.61167,-89.69167,Gillnet,Pogonias Cromis,Black Drum,1
Pontchartrain,2004-05-19,29.61167,-89.69167,Gillnet,Arius Felis,Sea Catfish,3
Pontchartrain,2004-05-19,29.61167,-89.69167,Gillnet,Sciaenops Ocellatus,Red Drum,1
Pontchartrain,2004-06-01,29.61167,-89.69167,Gillnet,Arius Felis,Sea Catfish,4
Pontchartrain,2004-06-21,29.61167,-89.69167,Gillnet,Arius Felis,Sea Catfish,4
Pontchartrain,2004-07-14,29.61167,-89.69167,Gillnet,Arius Felis,Sea Catfish,1
Pontchartrain,2005-06-23,29.61167,-89.69167,Gillnet,Arius Felis,Sea Catfish,1
Pontchartrain,2006-05-02,29.61167,-89.69167,Gillnet,Arius Felis,Sea Catfish,2
Pontchartrain,2006-06-08,29.61167,-89.69167,Gillnet,Cynoscion Nebulosus,Spotted Seatrout,1
Pontchartrain,2006-06-08,29.61167,-89.69167,Gillnet,Sciaenops Ocellatus,Red Drum,1
Pontchartrain,2006-10-12,29.61167,-89.69167,Gillnet,Archosargus Probatocephalus,Sheepshead,1
Pontchartrain,2007-01-09,29.61167,-89.69167,Gillnet,Sciaenops Ocellatus,Red Drum,1
Pontchartrain,2007-03-29,29.61167,-89.69167,Gillnet,Arius Felis,Sea Catfish,3
Pontchartrain,2007-03-29,29.61167,-89.69167,Gillnet,Sciaenops Ocellatus,Red Drum,1
Pontchartrain,2007-04-17,29.61167,-89.69167,Gillnet,Pogonias Cromis,Black Drum,1
Pontchartrain,2007-04-26,29.61167,-89.69167,Gillnet,Archosargus Probatocephalus,Sheepshead,1
Pontchartrain,2007-04-26,29.61167,-89.69167,Gillnet,Sciaenops Ocellatus,Red Drum,9
Pontchartrain,2007-09-27,29.61167,-89.69167,Gillnet,Arius Felis,Sea Catfish,2
Pontchartrain,2008-01-30,29.61167,-89.69167,Gillnet,Mugil Cephalus,Striped Mullet,1
Pontchartrain,2008-06-26,29.61167,-89.69167,Gillnet,Sciaenops Ocellatus,Red Drum,16
Pontchartrain,2008-09-16,29.61167,-89.69167,Gillnet,Pogonias Cromis,Black Drum,1
Pontchartrain,2008-09-26,29.61167,-89.69167,Gillnet,Arius Felis,Sea Catfish,1
Pontchartrain,2008-11-18,29.61167,-89.69167,Gillnet,Atractosteus Spatula,Alligator Gar,1
Pontchartrain,2008-11-18,29.61167,-89.69167,Gillnet,Cynoscion Nebulosus,Spotted Seatrout,1
Pontchartrain,2008-11-18,29.61167,-89.69167,Gillnet,Mugil Cephalus,Striped Mullet,1
Pontchartrain,2008-11-18,29.61167,-89.69167,Gillnet,Sciaenops Ocellatus,Red Drum,9
Pontchartrain,2009-04-29,29.61167,-89.69167,Gillnet,Callinectes Sapidus,Blue Crab,1
Pontchartrain,2009-06-04,29.61167,-89.69167,Gillnet,Callinectes Sapidus,Blue Crab,1
Pontchartrain,2009-08-12,29.61167,-89.69167,Gillnet,Arius Felis,Sea Catfish,1
Pontchartrain,2009-11-18,29.61167,-89.69167,Gillnet,Mugil Cephalus,Striped Mullet,1
Pontchartrain,2010-05-06,29.61167,-89.69167,Gillnet,Arius Felis,Sea Catfish,5
Pontchartrain,2010-05-24,29.61167,-89.69167,Gillnet,Sciaenops Ocellatus,Red Drum,1
Pontchartrain,2010-06-07,29.61167,-89.69167,Gillnet,Archosargus Probatocephalus,Sheepshead,4
Pontchartrain,2010-06-07,29.61167,-89.69167,Gillnet,Sciaenops Ocellatus,Red Drum,49
Pontchartrain,2010-07-08,29.61167,-89.69167,Gillnet,Pogonias Cromis,Black Drum,1
Pontchartrain,2010-07-08,29.61167,-89.69167,Gillnet,Sciaenops Ocellatus,Red Drum,1
Pontchartrain,2010-08-20,29.61167,-89.69167,Gillnet,Archosargus Probatocephalus,Sheepshead,1
Pontchartrain,2010-08-20,29.61167,-89.69167,Gillnet,Callinectes Sapidus,Blue Crab,1
Pontchartrain,2010-08-20,29.61167,-89.69167,Gillnet,Dorosoma Cepedianum,Gizzard Shad,1
Pontchartrain,2010-08-20,29.61167,-89.69167,Gillnet,Pogonias Cromis,Black Drum,1
Pontchartrain,2010-08-26,29.61167,-89.69167,Gillnet,Pogonias Cromis,Black Drum,4
Pontchartrain,2010-09-27,29.61167,-89.69167,Gillnet,Arius Felis,Sea Catfish,1
Pontchartrain,2010-09-27,29.61167,-89.69167,Gillnet,Cynoscion Nebulosus,Spotted Seatrout,1
Pontchartrain,2011-04-07,29.61167,-89.69167,Gillnet,Sciaenops Ocellatus,Red Drum,4
Pontchartrain,2011-07-07,29.61167,-89.69167,Gillnet,Callinectes Sapidus,Blue Crab,1
Pontchartrain,2011-07-07,29.61167,-89.69167,Gillnet,Pogonias Cromis,Black Drum,1
Pontchartrain,2011-09-22,29.61167,-89.69167,Gillnet,Arius Felis,Sea Catfish,2
Pontchartrain,2012-01-09,29.61167,-89.69167,Gillnet,Pogonias Cromis,Black Drum,1
Pontchartrain,2012-02-07,29.61167,-89.69167,Gillnet,Mugil Cephalus,Striped Mullet,1
Pontchartrain,2012-02-07,29.61167,-89.69167,Gillnet,Pogonias Cromis,Black Drum,1
Pontchartrain,2012-03-07,29.61167,-89.69167,Gillnet,Mugil Cephalus,Striped Mullet,1
Pontchartrain,2012-04-17,29.61167,-89.69167,Gillnet,Bagre Marinus,Gafftopsail Catfish,1
Pontchartrain,2012-05-10,29.61167,-89.69167,Gillnet,Atractosteus Spatula,Alligator Gar,1
Pontchartrain,2012-05-10,29.61167,-89.69167,Gillnet,Cynoscion Nebulosus,Spotted Seatrout,1
Pontchartrain,2012-05-10,29.61167,-89.69167,Gillnet,Pogonias Cromis,Black Drum,9
Pontchartrain,2012-05-10,29.61167,-89.69167,Gillnet,Sciaenops Ocellatus,Red Drum,4
Pontchartrain,2012-05-30,29.61167,-89.69167,Gillnet,Micropogonias Undulatus,Atlantic Croaker,1
Pontchartrain,2012-07-24,29.61167,-89.69167,Gillnet,Callinectes Sapidus,Blue Crab,1
Pontchartrain,2012-09-13,29.61167,-89.69167,Gillnet,Atractosteus Spatula,Alligator Gar,1
Pontchartrain,2012-09-13,29.61167,-89.69167,Gillnet,Callinectes Sapidus,Blue Crab,1
Pontchartrain,2012-10-01,29.61167,-89.69167,Gillnet,Arius Felis,Sea Catfish,1
Pontchartrain,2012-10-01,29.61167,-89.69167,Gillnet,Bagre Marinus,Gafftopsail Catfish,9
Pontchartrain,2012-10-01,29.61167,-89.69167,Gillnet,Callinectes Sapidus,Blue Crab,1
Pontchartrain,2012-12-05,29.61167,-89.69167,Gillnet,Arius Felis,Sea Catfish,1
Pontchartrain,2012-12-05,29.61167,-89.69167,Gillnet,Callinectes Sapidus,Blue Crab,1
Pontchartrain,2012-12-05,29.61167,-89.69167,Gillnet,Cynoscion Nebulosus,Spotted Seatrout,1
Pontchartrain,2013-01-08,29.61167,-89.69167,Gillnet,Pogonias Cromis,Black Drum,4
Pontchartrain,2013-02-20,29.61167,-89.69167,Gillnet,Pogonias Cromis,Black Drum,1
Pontchartrain,2013-05-08,29.61167,-89.69167,Gillnet,Cynoscion Nebulosus,Spotted Seatrout,1
Pontchartrain,2013-07-17,29.61167,-89.69167,Gillnet,Bagre Marinus,Gafftopsail Catfish,1
Pontchartrain,2013-07-17,29.61167,-89.69167,Gillnet,Callinectes Sapidus,Blue Crab,9
Pontchartrain,2013-08-02,29.61167,-89.69167,Gillnet,Archosargus Probatocephalus,Sheepshead,1
Pontchartrain,2013-08-02,29.61167,-89.69167,Gillnet,Pogonias Cromis,Black Drum,81
Pontchartrain,2013-09-19,29.61167,-89.69167,Gillnet,Pogonias Cromis,Black Drum,49
Pontchartrain,2014-02-12,29.61167,-89.69167,Gillnet,Pogonias Cromis,Black Drum,1
Pontchartrain,2014-06-04,29.61167,-89.69167,Gillnet,Arius Felis,Sea Catfish,7
Pontchartrain,2014-07-28,29.61167,-89.69167,Gillnet,Callinectes Sapidus,Blue Crab,4
Pontchartrain,2014-08-18,29.61167,-89.69167,Gillnet,Pogonias Cromis,Black Drum,1
Pontchartrain,2014-09-09,29.61167,-89.69167,Gillnet,Callinectes Sapidus,Blue Crab,4
Pontchartrain,2014-09-09,29.61167,-89.69167,Gillnet,Sciaenops Ocellatus,Red Drum,1
Pontchartrain,2015-04-21,29.61167,-89.69167,Gillnet,Arius Felis,Sea Catfish,2
Pontchartrain,2015-06-05,29.61167,-89.69167,Gillnet,Archosargus Probatocephalus,Sheepshead,1
Pontchartrain,2015-06-05,29.61167,-89.69167,Gillnet,Arius Felis,Sea Catfish,4
Pontchartrain,2015-06-23,29.61167,-89.69167,Gillnet,Callinectes Sapidus,Blue Crab,9
Pontchartrain,2015-09-02,29.61167,-89.69167,Gillnet,Arius Felis,Sea Catfish,1
Pontchartrain,2015-09-16,29.61167,-89.69167,Gillnet,Arius Felis,Sea Catfish,1
Pontchartrain,2015-11-05,29.61167,-89.69167,Gillnet,Arius Felis,Sea Catfish,1
Pontchartrain,2015-11-05,29.61167,-89.69167,Gillnet,Callinectes Sapidus,Blue Crab,1
Pontchartrain,2016-05-03,29.61167,-89.69167,Gillnet,Archosargus Probatocephalus,Sheepshead,4
Pontchartrain,2016-05-03,29.61167,-89.69167,Gillnet,Arius Felis,Sea Catfish,1
Pontchartrain,2016-07-25,29.61167,-89.69167,Gillnet,Arius Felis,Sea Catfish,2
Pontchartrain,2016-07-25,29.61167,-89.69167,Gillnet,Pogonias Cromis,Black Drum,16
Pontchartrain,2016-09-20,29.61167,-89.69167,Gillnet,Arius Felis,Sea Catfish,1
Pontchartrain,2016-12-13,29.61167,-89.69167,Gillnet,Cynoscion Nebulosus,Spotted Seatrout,1
Pontchartrain,2017-04-04,29.61167,-89.69167,Gillnet,Cynoscion Nebulosus,Spotted Seatrout,1
Pontchartrain,2017-04-04,29.61167,-89.69167,Gillnet,Lepisosteus Oculatus,Spotted Gar,1
Pontchartrain,2017-04-04,29.61167,-89.69167,Gillnet,Sciaenops Ocellatus,Red Drum,36
Pontchartrain,2017-06-27,29.61167,-89.69167,Gillnet,Sciaenops Ocellatus,Red Drum,4
Pontchartrain,2017-07-17,29.61167,-89.69167,Gillnet,Sciaenops Ocellatus,Red Drum,9
Pontchartrain,2017-10-23,29.61167,-89.69167,Gillnet,Archosargus Probatocephalus,Sheepshead,1
Pontchartrain,2017-10-23,29.61167,-89.69167,Gillnet,Pogonias Cromis,Black Drum,4
Pontchartrain,2018-03-08,29.61167,-89.69167,Gillnet,Micropterus Salmoides,Largemouth Bass,1
Pontchartrain,2018-03-08,29.61167,-89.69167,Gillnet,Sciaenops Ocellatus,Red Drum,16
Pontchartrain,2018-04-11,29.61167,-89.69167,Gillnet,Sciaenops Ocellatus,Red Drum,1
Pontchartrain,2018-09-18,29.61167,-89.69167,Gillnet,Arius Felis,Sea Catfish,2
Pontchartrain,2018-09-18,29.61167,-89.69167,Gillnet,Mugil Cephalus,Striped Mullet,1
Pontchartrain,2019-01-02,29.61167,-89.69167,Gillnet,Mugil Cephalus,Striped Mullet,4
Pontchartrain,2019-01-02,29.61167,-89.69167,Gillnet,Sciaenops Ocellatus,Red Drum,4
Pontchartrain,2004-03-09,29.68417,-89.69333,Gillnet,Sciaenops Ocellatus,Red Drum,16
Pontchartrain,2004-08-10,29.68417,-89.69333,Gillnet,Bagre Marinus,Gafftopsail Catfish,1
Pontchartrain,1992-02-06,29.68417,-89.69333,Gillnet,Pogonias Cromis,Black Drum,1
Pontchartrain,1992-04-21,29.68417,-89.69333,Gillnet,Bagre Marinus,Gafftopsail Catfish,1
Pontchartrain,1992-04-21,29.68417,-89.69333,Gillnet,Pogonias Cromis,Black Drum,1
Pontchartrain,1992-06-02,29.68417,-89.69333,Gillnet,Arius Felis,Sea Catfish,1
Pontchartrain,1992-06-02,29.68417,-89.69333,Gillnet,Bagre Marinus,Gafftopsail Catfish,2
Pontchartrain,1992-07-07,29.68417,-89.69333,Gillnet,Pogonias Cromis,Black Drum,1
Pontchartrain,1992-10-20,29.68417,-89.69333,Gillnet,Mugil Cephalus,Striped Mullet,1
Pontchartrain,1992-12-15,29.68417,-89.69333,Gillnet,Dorosoma Cepedianum,Gizzard Shad,1
Pontchartrain,1993-03-17,29.68417,-89.69333,Gillnet,Dorosoma Cepedianum,Gizzard Shad,1
Pontchartrain,1993-04-06,29.68417,-89.69333,Gillnet,Arius Felis,Sea Catfish,1
Pontchartrain,1993-04-21,29.68417,-89.69333,Gillnet,Pogonias Cromis,Black Drum,9
Pontchartrain,1993-04-21,29.68417,-89.69333,Gillnet,Sciaenops Ocellatus,Red Drum,1
Pontchartrain,1993-05-04,29.68417,-89.69333,Gillnet,Sciaenops Ocellatus,Red Drum,1
Pontchartrain,1993-05-19,29.68417,-89.69333,Gillnet,Arius Felis,Sea Catfish,1
Pontchartrain,1993-06-08,29.68417,-89.69333,Gillnet,Dorosoma Cepedianum,Gizzard Shad,1
Pontchartrain,1993-06-08,29.68417,-89.69333,Gillnet,Sciaenops Ocellatus,Red Drum,1
Pontchartrain,1993-06-23,29.68417,-89.69333,Gillnet,Sciaenops Ocellatus,Red Drum,1
Pontchartrain,1993-07-07,29.68417,-89.69333,Gillnet,Arius Felis,Sea Catfish,1
Pontchartrain,1993-07-07,29.68417,-89.69333,Gillnet,Sciaenops Ocellatus,Red Drum,4
Pontchartrain,1993-07-22,29.68417,-89.69333,Gillnet,Atractosteus Spatula,Alligator Gar,1
Pontchartrain,1993-07-22,29.68417,-89.69333,Gillnet,Sciaenops Ocellatus,Red Drum,1
Pontchartrain,1993-08-04,29.68417,-89.69333,Gillnet,Sciaenops Ocellatus,Red Drum,1
Pontchartrain,1993-08-19,29.68417,-89.69333,Gillnet,Dorosoma Cepedianum,Gizzard Shad,1
Pontchartrain,1993-09-07,29.68417,-89.69333,Gillnet,Pogonias Cromis,Black Drum,1
Pontchartrain,1993-09-21,29.68417,-89.69333,Gillnet,Atractosteus Spatula,Alligator Gar,1
Pontchartrain,1993-09-21,29.68417,-89.69333,Gillnet,Mugil Cephalus,Striped Mullet,1
Pontchartrain,1993-10-06,29.68417,-89.69333,Gillnet,Dorosoma Cepedianum,Gizzard Shad,1
Pontchartrain,1993-10-06,29.68417,-89.69333,Gillnet,Mugil Cephalus,Striped Mullet,1
Pontchartrain,1993-10-19,29.68417,-89.69333,Gillnet,Dorosoma Cepedianum,Gizzard Shad,2
Pontchartrain,1993-10-19,29.68417,-89.69333,Gillnet,Paralichthys Lethostigma,Southern Flounder,1
Pontchartrain,1993-10-19,29.68417,-89.69333,Gillnet,Sciaenops Ocellatus,Red Drum,1
Pontchartrain,1993-11-02,29.68417,-89.69333,Gillnet,Dorosoma Cepedianum,Gizzard Shad,4
Pontchartrain,1993-11-17,29.68417,-89.69333,Gillnet,Dorosoma Cepedianum,Gizzard Shad,1
Pontchartrain,1993-12-14,29.68417,-89.69333,Gillnet,Cynoscion Nebulosus,Spotted Seatrout,1
Pontchartrain,1993-12-14,29.68417,-89.69333,Gillnet,Sciaenops Ocellatus,Red Drum,1
Pontchartrain,1994-02-01,29.68417,-89.69333,Gillnet,Sciaenops Ocellatus,Red Drum,4
Pontchartrain,1994-03-08,29.68417,-89.69333,Gillnet,Dorosoma Cepedianum,Gizzard Shad,3
Pontchartrain,1994-03-08,29.68417,-89.69333,Gillnet,Pogonias Cromis,Black Drum,1
Pontchartrain,1994-03-22,29.68417,-89.69333,Gillnet,Dorosoma Cepedianum,Gizzard Shad,1
Pontchartrain,1994-04-05,29.68417,-89.69333,Gillnet,Sciaenops Ocellatus,Red Drum,1
Pontchartrain,1994-04-19,29.68417,-89.69333,Gillnet,Arius Felis,Sea Catfish,1
Pontchartrain,1994-04-19,29.68417,-89.69333,Gillnet,Sciaenops Ocellatus,Red Drum,1
Pontchartrain,1994-05-03,29.68417,-89.69333,Gillnet,Cynoscion Nebulosus,Spotted Seatrout,1
Pontchartrain,1994-05-17,29.68417,-89.69333,Gillnet,Arius Felis,Sea Catfish,1
Pontchartrain,1994-05-17,29.68417,-89.69333,Gillnet,Dorosoma Cepedianum,Gizzard Shad,3
Pontchartrain,1994-05-17,29.68417,-89.69333,Gillnet,Scomberomorus Maculatus,Spanish Mackerel,1
Pontchartrain,1994-06-14,29.68417,-89.69333,Gillnet,Dorosoma Cepedianum,Gizzard Shad,3
Pontchartrain,1994-06-14,29.68417,-89.69333,Gillnet,Pogonias Cromis,Black Drum,4
Pontchartrain,1994-06-14,29.68417,-89.69333,Gillnet,Sciaenops Ocellatus,Red Drum,9
Pontchartrain,1994-09-06,29.68417,-89.69333,Gillnet,Dasyatis Sabina,Atlantic Stingray,1
Pontchartrain,1994-09-21,29.68417,-89.69333,Gillnet,Dorosoma Cepedianum,Gizzard Shad,1
Pontchartrain,1994-09-21,29.68417,-89.69333,Gillnet,Elops Saurus,Ladyfish,1
Pontchartrain,1994-11-01,29.68417,-89.69333,Gillnet,Atractosteus Spatula,Alligator Gar,1
Pontchartrain,1994-11-01,29.68417,-89.69333,Gillnet,Pogonias Cromis,Black Drum,1
Pontchartrain,1994-11-14,29.68417,-89.69333,Gillnet,Dorosoma Cepedianum,Gizzard Shad,1
Pontchartrain,1994-12-20,29.68417,-89.69333,Gillnet,Dorosoma Cepedianum,Gizzard Shad,1
Pontchartrain,1995-01-17,29.68417,-89.69333,Gillnet,Lepomis Microlophus,Redear Sunfish,1
Pontchartrain,1995-02-02,29.68417,-89.69333,Gillnet,Archosargus Probatocephalus,Sheepshead,1
Pontchartrain,1995-02-02,29.68417,-89.69333,Gillnet,Dorosoma Cepedianum,Gizzard Shad,2
Pontchartrain,1995-03-13,29.68417,-89.69333,Gillnet,Dorosoma Cepedianum,Gizzard Shad,1
Pontchartrain,1995-04-04,29.68417,-89.69333,Gillnet,Dorosoma Cepedianum,Gizzard Shad,3
Pontchartrain,1995-04-18,29.68417,-89.69333,Gillnet,Arius Felis,Sea Catfish,1
Pontchartrain,1995-05-03,29.68417,-89.69333,Gillnet,Dorosoma Cepedianum,Gizzard Shad,1
Pontchartrain,1995-06-08,29.68417,-89.69333,Gillnet,Arius Felis,Sea Catfish,1
Pontchartrain,1995-06-08,29.68417,-89.69333,Gillnet,Pogonias Cromis,Black Drum,9
Pontchartrain,1995-06-21,29.68417,-89.69333,Gillnet,Pogonias Cromis,Black Drum,1
Pontchartrain,1995-07-05,29.68417,-89.69333,Gillnet,Sciaenops Ocellatus,Red Drum,1
Pontchartrain,1995-07-20,29.68417,-89.69333,Gillnet,Sciaenops Ocellatus,Red Drum,1
Pontchartrain,1995-08-02,29.68417,-89.69333,Gillnet,Sciaenops Ocellatus,Red Drum,1
Pontchartrain,1995-08-15,29.68417,-89.69333,Gillnet,Dorosoma Cepedianum,Gizzard Shad,3
Pontchartrain,1995-09-06,29.68417,-89.69333,Gillnet,Caranx Hippos,Crevalle Jack,1
Pontchartrain,1995-11-14,29.68417,-89.69333,Gillnet,Cynoscion Nebulosus,Spotted Seatrout,1
Pontchartrain,1996-01-24,29.68417,-89.69333,Gillnet,Sciaenops Ocellatus,Red Drum,1
Pontchartrain,1996-02-27,29.68417,-89.69333,Gillnet,Sciaenops Ocellatus,Red Drum,16
Pontchartrain,1996-03-28,29.68417,-89.69333,Gillnet,Pogonias Cromis,Black Drum,4
Pontchartrain,1996-04-02,29.68417,-89.69333,Gillnet,Mugil Cephalus,Striped Mullet,1
Pontchartrain,1996-06-05,29.68417,-89.69333,Gillnet,Arius Felis,Sea Catfish,1
Pontchartrain,1996-06-05,29.68417,-89.69333,Gillnet,Bagre Marinus,Gafftopsail Catfish,1
Pontchartrain,1996-07-24,29.68417,-89.69333,Gillnet,Archosargus Probatocephalus,Sheepshead,1
Pontchartrain,1997-02-19,29.68417,-89.69333,Gillnet,Dorosoma Cepedianum,Gizzard Shad,1
Pontchartrain,1997-03-18,29.68417,-89.69333,Gillnet,Cynoscion Nebulosus,Spotted Seatrout,1
Pontchartrain,1997-05-20,29.68417,-89.69333,Gillnet,Sciaenops Ocellatus,Red Drum,1
Pontchartrain,1997-06-19,29.68417,-89.69333,Gillnet,Pogonias Cromis,Black Drum,1
Pontchartrain,1997-07-11,29.68417,-89.69333,Gillnet,Paralichthys Lethostigma,Southern Flounder,1
Pontchartrain,1997-07-11,29.68417,-89.69333,Gillnet,Sciaenops Ocellatus,Red Drum,1
Pontchartrain,1997-08-20,29.68417,-89.69333,Gillnet,Pogonias Cromis,Black Drum,1
Pontchartrain,1997-09-17,29.68417,-89.69333,Gillnet,Sciaenops Ocellatus,Red Drum,1
Pontchartrain,1998-07-13,29.68417,-89.69333,Gillnet,Arius Felis,Sea Catfish,1
Pontchartrain,1998-07-13,29.68417,-89.69333,Gillnet,Dorosoma Cepedianum,Gizzard Shad,1
Pontchartrain,1998-07-13,29.68417,-89.69333,Gillnet,Pogonias Cromis,Black Drum,1
Pontchartrain,1998-07-22,29.68417,-89.69333,Gillnet,Dorosoma Cepedianum,Gizzard Shad,1
Pontchartrain,1998-07-22,29.68417,-89.69333,Gillnet,Sciaenops Ocellatus,Red Drum,1
Pontchartrain,1999-01-20,29.68417,-89.69333,Gillnet,Mugil Cephalus,Striped Mullet,1
Pontchartrain,1999-05-12,29.68417,-89.69333,Gillnet,Arius Felis,Sea Catfish,3
Pontchartrain,1999-07-15,29.68417,-89.69333,Gillnet,Arius Felis,Sea Catfish,3
Pontchartrain,1999-07-15,29.68417,-89.69333,Gillnet,Cynoscion Nebulosus,Spotted Seatrout,1
Pontchartrain,1999-07-15,29.68417,-89.69333,Gillnet,Dorosoma Cepedianum,Gizzard Shad,1
Pontchartrain,1999-07-15,29.68417,-89.69333,Gillnet,Micropogonias Undulatus,Atlantic Croaker,1
Pontchartrain,1999-07-15,29.68417,-89.69333,Gillnet,Sciaenops Ocellatus,Red Drum,1
Pontchartrain,1999-07-29,29.68417,-89.69333,Gillnet,Callinectes Sapidus,Blue Crab,1
Pontchartrain,1999-08-13,29.68417,-89.69333,Gillnet,Sciaenops Ocellatus,Red Drum,1
Pontchartrain,1999-09-14,29.68417,-89.69333,Gillnet,Paralichthys Lethostigma,Southern Flounder,1
Pontchartrain,1999-09-14,29.68417,-89.69333,Gillnet,Sciaenops Ocellatus,Red Drum,4
Pontchartrain,1999-11-09,29.68417,-89.69333,Gillnet,Mugil Cephalus,Striped Mullet,4
Pontchartrain,1999-11-09,29.68417,-89.69333,Gillnet,Sciaenops Ocellatus,Red Drum,1
Pontchartrain,2000-02-16,29.68417,-89.69333,Gillnet,Micropterus Salmoides,Largemouth Bass,1
Pontchartrain,2000-03-02,29.68417,-89.69333,Gillnet,Sciaenops Ocellatus,Red Drum,1
Pontchartrain,2000-05-03,29.68417,-89.69333,Gillnet,Arius Felis,Sea Catfish,1
Pontchartrain,2000-05-03,29.68417,-89.69333,Gillnet,Sciaenops Ocellatus,Red Drum,9
Pontchartrain,2000-05-17,29.68417,-89.69333,Gillnet,Sciaenops Ocellatus,Red Drum,4
Pontchartrain,2000-06-14,29.68417,-89.69333,Gillnet,Sciaenops Ocellatus,Red Drum,25
Pontchartrain,2000-07-11,29.68417,-89.69333,Gillnet,Micropogonias Undulatus,Atlantic Croaker,1
Pontchartrain,2000-07-25,29.68417,-89.69333,Gillnet,Sciaenops Ocellatus,Red Drum,1
Pontchartrain,2000-08-02,29.68417,-89.69333,Gillnet,Scomberomorus Maculatus,Spanish Mackerel,1
Pontchartrain,2000-09-21,29.68417,-89.69333,Gillnet,Mugil Cephalus,Striped Mullet,1
Pontchartrain,2000-09-21,29.68417,-89.69333,Gillnet,Pogonias Cromis,Black Drum,1
Pontchartrain,2000-11-29,29.68417,-89.69333,Gillnet,Sciaenops Ocellatus,Red Drum,9
Pontchartrain,2000-12-21,29.68417,-89.69333,Gillnet,Cynoscion Nebulosus,Spotted Seatrout,1
Pontchartrain,2000-12-21,29.68417,-89.69333,Gillnet,Dorosoma Cepedianum,Gizzard Shad,14
Pontchartrain,2000-12-21,29.68417,-89.69333,Gillnet,Sciaenops Ocellatus,Red Drum,1
Pontchartrain,2001-04-20,29.68417,-89.69333,Gillnet,Bagre Marinus,Gafftopsail Catfish,4
Pontchartrain,2001-05-24,29.68417,-89.69333,Gillnet,Arius Felis,Sea Catfish,1
Pontchartrain,2001-05-24,29.68417,-89.69333,Gillnet,Bagre Marinus,Gafftopsail Catfish,1
Pontchartrain,2001-06-04,29.68417,-89.69333,Gillnet,Bagre Marinus,Gafftopsail Catfish,1
Pontchartrain,2001-06-04,29.68417,-89.69333,Gillnet,Sciaenops Ocellatus,Red Drum,1
Pontchartrain,2001-06-20,29.68417,-89.69333,Gillnet,Pogonias Cromis,Black Drum,36
Pontchartrain,2001-07-06,29.68417,-89.69333,Gillnet,Pogonias Cromis,Black Drum,1
Pontchartrain,2001-07-18,29.68417,-89.69333,Gillnet,Sciaenops Ocellatus,Red Drum,1
Pontchartrain,2001-08-08,29.68417,-89.69333,Gillnet,Sciaenops Ocellatus,Red Drum,1
Pontchartrain,2001-08-23,29.68417,-89.69333,Gillnet,Arius Felis,Sea Catfish,1
Pontchartrain,2001-08-23,29.68417,-89.69333,Gillnet,Sciaenops Ocellatus,Red Drum,1
Pontchartrain,2002-01-11,29.68417,-89.69333,Gillnet,Sciaenops Ocellatus,Red Drum,1
Pontchartrain,2002-02-20,29.68417,-89.69333,Gillnet,Cynoscion Nebulosus,Spotted Seatrout,1
Pontchartrain,2002-04-01,29.68417,-89.69333,Gillnet,Sciaenops Ocellatus,Red Drum,4
Pontchartrain,2002-04-15,29.68417,-89.69333,Gillnet,Pogonias Cromis,Black Drum,1
Pontchartrain,2002-04-15,29.68417,-89.69333,Gillnet,Sciaenops Ocellatus,Red Drum,4
Pontchartrain,2002-05-01,29.68417,-89.69333,Gillnet,Bagre Marinus,Gafftopsail Catfish,1
Pontchartrain,2002-06-03,29.68417,-89.69333,Gillnet,Arius Felis,Sea Catfish,1
Pontchartrain,2002-06-03,29.68417,-89.69333,Gillnet,Pogonias Cromis,Black Drum,1
Pontchartrain,2002-06-03,29.68417,-89.69333,Gillnet,Sciaenops Ocellatus,Red Drum,1
Pontchartrain,2002-11-19,29.68417,-89.69333,Gillnet,Cynoscion Nebulosus,Spotted Seatrout,1
Pontchartrain,2003-02-12,29.68417,-89.69333,Gillnet,Archosargus Probatocephalus,Sheepshead,1
Pontchartrain,2003-04-03,29.68417,-89.69333,Gillnet,Cynoscion Nebulosus,Spotted Seatrout,1
Pontchartrain,2003-04-03,29.68417,-89.69333,Gillnet,Dorosoma Cepedianum,Gizzard Shad,1
Pontchartrain,2003-04-22,29.68417,-89.69333,Gillnet,Bagre Marinus,Gafftopsail Catfish,4
Pontchartrain,2003-04-22,29.68417,-89.69333,Gillnet,Paralichthys Lethostigma,Southern Flounder,1
Pontchartrain,2003-09-08,29.68417,-89.69333,Gillnet,Callinectes Sapidus,Blue Crab,1
Pontchartrain,2003-11-10,29.68417,-89.69333,Gillnet,Mugil Cephalus,Striped Mullet,1
Pontchartrain,2004-04-14,29.68417,-89.69333,Gillnet,Atractosteus Spatula,Alligator Gar,1
Pontchartrain,2004-04-14,29.68417,-89.69333,Gillnet,Mugil Cephalus,Striped Mullet,1
Pontchartrain,2004-05-06,29.68417,-89.69333,Gillnet,Arius Felis,Sea Catfish,1
Pontchartrain,2004-05-06,29.68417,-89.69333,Gillnet,Pogonias Cromis,Black Drum,4
Pontchartrain,2004-06-01,29.68417,-89.69333,Gillnet,Arius Felis,Sea Catfish,3
Pontchartrain,2004-06-01,29.68417,-89.69333,Gillnet,Sciaenops Ocellatus,Red Drum,1
Pontchartrain,2004-06-24,29.68417,-89.69333,Gillnet,Carcharhinus Leucas,Bull Shark,1
Pontchartrain,2004-09-02,29.68417,-89.69333,Gillnet,Sciaenops Ocellatus,Red Drum,1
Pontchartrain,2005-03-28,29.68417,-89.69333,Gillnet,Mugil Cephalus,Striped Mullet,1
Pontchartrain,2005-04-27,29.68417,-89.69333,Gillnet,Bagre Marinus,Gafftopsail Catfish,4
Pontchartrain,2005-04-27,29.68417,-89.69333,Gillnet,Cynoscion Nebulosus,Spotted Seatrout,4
Pontchartrain,2005-06-09,29.68417,-89.69333,Gillnet,Arius Felis,Sea Catfish,4
Pontchartrain,2005-08-19,29.68417,-89.69333,Gillnet,Dorosoma Cepedianum,Gizzard Shad,1
Pontchartrain,2005-08-19,29.68417,-89.69333,Gillnet,Sciaenops Ocellatus,Red Drum,1
Pontchartrain,2005-12-14,29.68417,-89.69333,Gillnet,Sciaenops Ocellatus,Red Drum,1
Pontchartrain,2006-01-20,29.68417,-89.69333,Gillnet,Sciaenops Ocellatus,Red Drum,9
Pontchartrain,2006-02-22,29.68417,-89.69333,Gillnet,Archosargus Probatocephalus,Sheepshead,4
Pontchartrain,2006-02-22,29.68417,-89.69333,Gillnet,Sciaenops Ocellatus,Red Drum,1
Pontchartrain,2006-04-20,29.68417,-89.69333,Gillnet,Bagre Marinus,Gafftopsail Catfish,1
Pontchartrain,2006-07-26,29.68417,-89.69333,Gillnet,Sciaenops Ocellatus,Red Drum,1
Pontchartrain,2006-08-24,29.68417,-89.69333,Gillnet,Arius Felis,Sea Catfish,2
Pontchartrain,2006-08-24,29.68417,-89.69333,Gillnet,Cynoscion Nebulosus,Spotted Seatrout,9
Pontchartrain,2006-11-30,29.68417,-89.69333,Gillnet,Sciaenops Ocellatus,Red Drum,1
Pontchartrain,2007-06-07,29.68417,-89.69333,Gillnet,Arius Felis,Sea Catfish,1
Pontchartrain,2007-06-20,29.68417,-89.69333,Gillnet,Dorosoma Cepedianum,Gizzard Shad,1
Pontchartrain,2007-07-25,29.68417,-89.69333,Gillnet,Arius Felis,Sea Catfish,4
Pontchartrain,2007-09-13,29.68417,-89.69333,Gillnet,Arius Felis,Sea Catfish,2
Pontchartrain,2008-05-21,29.68417,-89.69333,Gillnet,Arius Felis,Sea Catfish,2
Pontchartrain,2008-06-13,29.68417,-89.69333,Gillnet,Arius Felis,Sea Catfish,2
Pontchartrain,2008-06-13,29.68417,-89.69333,Gillnet,Pogonias Cromis,Black Drum,121
Pontchartrain,2008-06-26,29.68417,-89.69333,Gillnet,Pogonias Cromis,Black Drum,1
Pontchartrain,2008-06-26,29.68417,-89.69333,Gillnet,Sciaenops Ocellatus,Red Drum,1
Pontchartrain,2008-09-22,29.68417,-89.69333,Gillnet,Caranx Hippos,Crevalle Jack,1
Pontchartrain,2008-11-18,29.68417,-89.69333,Gillnet,Cynoscion Nebulosus,Spotted Seatrout,1
Pontchartrain,2008-12-03,29.68417,-89.69333,Gillnet,Alosa Chrysochloris,Skipjack Herring,1
Pontchartrain,2008-12-03,29.68417,-89.69333,Gillnet,Atractosteus Spatula,Alligator Gar,1
Pontchartrain,2009-04-20,29.68417,-89.69333,Gillnet,Arius Felis,Sea Catfish,1
Pontchartrain,2009-07-16,29.68417,-89.69333,Gillnet,Caranx Hippos,Crevalle Jack,1
Pontchartrain,2009-09-25,29.68417,-89.69333,Gillnet,Callinectes Sapidus,Blue Crab,9
Pontchartrain,2010-05-06,29.68417,-89.69333,Gillnet,Arius Felis,Sea Catfish,1
Pontchartrain,2010-05-06,29.68417,-89.69333,Gillnet,Sciaenops Ocellatus,Red Drum,25
Pontchartrain,2010-06-07,29.68417,-89.69333,Gillnet,Sciaenops Ocellatus,Red Drum,9
Pontchartrain,2010-06-21,29.68417,-89.69333,Gillnet,Sciaenops Ocellatus,Red Drum,4
Pontchartrain,2010-07-27,29.68417,-89.69333,Gillnet,Arius Felis,Sea Catfish,2
Pontchartrain,2010-07-27,29.68417,-89.69333,Gillnet,Sciaenops Ocellatus,Red Drum,4
Pontchartrain,2010-08-26,29.68417,-89.69333,Gillnet,Elops Saurus,Ladyfish,1
Pontchartrain,2010-08-26,29.68417,-89.69333,Gillnet,Pogonias Cromis,Black Drum,1
Pontchartrain,2010-08-26,29.68417,-89.69333,Gillnet,Sciaenops Ocellatus,Red Drum,1
Pontchartrain,2010-09-21,29.68417,-89.69333,Gillnet,Callinectes Sapidus,Blue Crab,1
Pontchartrain,2011-01-05,29.68417,-89.69333,Gillnet,Pogonias Cromis,Black Drum,1
Pontchartrain,2011-03-11,29.68417,-89.69333,Gillnet,Sciaenops Ocellatus,Red Drum,1
Pontchartrain,2011-04-07,29.68417,-89.69333,Gillnet,Sciaenops Ocellatus,Red Drum,4
Pontchartrain,2011-05-03,29.68417,-89.69333,Gillnet,Sciaenops Ocellatus,Red Drum,1
Pontchartrain,2011-06-08,29.68417,-89.69333,Gillnet,Pogonias Cromis,Black Drum,9
Pontchartrain,2011-07-07,29.68417,-89.69333,Gillnet,Pogonias Cromis,Black Drum,16
Pontchartrain,2011-08-10,29.68417,-89.69333,Gillnet,Atractosteus Spatula,Alligator Gar,1
Pontchartrain,2011-08-24,29.68417,-89.69333,Gillnet,Pogonias Cromis,Black Drum,9
Pontchartrain,2011-09-22,29.68417,-89.69333,Gillnet,Caranx Hippos,Crevalle Jack,1
Pontchartrain,2012-03-07,29.68417,-89.69333,Gillnet,Archosargus Probatocephalus,Sheepshead,1
Pontchartrain,2012-03-07,29.68417,-89.69333,Gillnet,Arius Felis,Sea Catfish,1
Pontchartrain,2012-04-17,29.68417,-89.69333,Gillnet,Pogonias Cromis,Black Drum,49
Pontchartrain,2012-04-25,29.68417,-89.69333,Gillnet,Cynoscion Nebulosus,Spotted Seatrout,1
Pontchartrain,2012-05-03,29.68417,-89.69333,Gillnet,Cynoscion Nebulosus,Spotted Seatrout,1
Pontchartrain,2012-07-25,29.68417,-89.69333,Gillnet,Pogonias Cromis,Black Drum,1
Pontchartrain,2012-08-07,29.68417,-89.69333,Gillnet,Arius Felis,Sea Catfish,1
Pontchartrain,2012-08-07,29.68417,-89.69333,Gillnet,Pogonias Cromis,Black Drum,9
Pontchartrain,2012-08-21,29.68417,-89.69333,Gillnet,Arius Felis,Sea Catfish,1
Pontchartrain,2012-08-21,29.68417,-89.69333,Gillnet,Pogonias Cromis,Black Drum,4
Pontchartrain,2012-09-12,29.68417,-89.69333,Gillnet,Bagre Marinus,Gafftopsail Catfish,1
Pontchartrain,2012-12-05,29.68417,-89.69333,Gillnet,Pogonias Cromis,Black Drum,4
Pontchartrain,2013-03-07,29.68417,-89.69333,Gillnet,Archosargus Probatocephalus,Sheepshead,1
Pontchartrain,2013-04-18,29.68417,-89.69333,Gillnet,Pogonias Cromis,Black Drum,1
Pontchartrain,2013-04-18,29.68417,-89.69333,Gillnet,Sciaenops Ocellatus,Red Drum,1
Pontchartrain,2013-07-12,29.68417,-89.69333,Gillnet,Pogonias Cromis,Black Drum,1
Pontchartrain,2013-08-22,29.68417,-89.69333,Gillnet,Pogonias Cromis,Black Drum,1
Pontchartrain,2013-09-04,29.68417,-89.69333,Gillnet,Pogonias Cromis,Black Drum,4
Pontchartrain,2014-02-12,29.68417,-89.69333,Gillnet,Archosargus Probatocephalus,Sheepshead,1
Pontchartrain,2014-04-01,29.68417,-89.69333,Gillnet,Pogonias Cromis,Black Drum,1
Pontchartrain,2014-06-25,29.68417,-89.69333,Gillnet,Arius Felis,Sea Catfish,1
Pontchartrain,2014-06-25,29.68417,-89.69333,Gillnet,Micropogonias Undulatus,Atlantic Croaker,1
Pontchartrain,2014-06-25,29.68417,-89.69333,Gillnet,Sciaenops Ocellatus,Red Drum,4
Pontchartrain,2014-08-18,29.68417,-89.69333,Gillnet,Arius Felis,Sea Catfish,1
Pontchartrain,2014-09-09,29.68417,-89.69333,Gillnet,Sciaenops Ocellatus,Red Drum,1
Pontchartrain,2015-04-20,29.68417,-89.69333,Gillnet,Dasyatis Americana,Southern Stingray,1
Pontchartrain,2015-08-04,29.68417,-89.69333,Gillnet,Callinectes Sapidus,Blue Crab,1
Pontchartrain,2015-11-05,29.68417,-89.69333,Gillnet,Sciaenops Ocellatus,Red Drum,1
Pontchartrain,2016-04-20,29.68417,-89.69333,Gillnet,Cynoscion Nebulosus,Spotted Seatrout,1
Pontchartrain,2016-07-25,29.68417,-89.69333,Gillnet,Sciaenops Ocellatus,Red Drum,1
Pontchartrain,2016-12-13,29.68417,-89.69333,Gillnet,Archosargus Probatocephalus,Sheepshead,1
Pontchartrain,2017-01-04,29.68417,-89.69333,Gillnet,Callinectes Sapidus,Blue Crab,1
Pontchartrain,2017-05-24,29.68417,-89.69333,Gillnet,Sciaenops Ocellatus,Red Drum,9
Pontchartrain,2017-08-22,29.68417,-89.69333,Gillnet,Arius Felis,Sea Catfish,1
Pontchartrain,2017-09-21,29.68417,-89.69333,Gillnet,Arius Felis,Sea Catfish,2
Pontchartrain,2017-09-21,29.68417,-89.69333,Gillnet,Bagre Marinus,Gafftopsail Catfish,1
Pontchartrain,2017-09-21,29.68417,-89.69333,Gillnet,Callinectes Sapidus,Blue Crab,1
Pontchartrain,2018-01-25,29.68417,-89.69333,Gillnet,Archosargus Probatocephalus,Sheepshead,4
Pontchartrain,2018-04-11,29.68417,-89.69333,Gillnet,Sciaenops Ocellatus,Red Drum,1
Pontchartrain,2018-05-03,29.68417,-89.69333,Gillnet,Sciaenops Ocellatus,Red Drum,1
Pontchartrain,2018-08-15,29.68417,-89.69333,Gillnet,Callinectes Sapidus,Blue Crab,9
Pontchartrain,2018-08-15,29.68417,-89.69333,Gillnet,Carcharhinus Leucas,Bull Shark,1
Pontchartrain,2018-09-25,29.68417,-89.69333,Gillnet,Arius Felis,Sea Catfish,1
Pontchartrain,2018-12-18,29.68417,-89.69333,Gillnet,Sciaenops Ocellatus,Red Drum,1
Pontchartrain,2019-02-06,29.68417,-89.69333,Gillnet,Mugil Cephalus,Striped Mullet,1
Pontchartrain,2019-02-06,29.68417,-89.69333,Gillnet,Sciaenops Ocellatus,Red Drum,4
Pontchartrain,1992-02-18,29.5,-89.53833,Gillnet,Arius Felis,Sea Catfish,1
Pontchartrain,1992-03-24,29.5,-89.53833,Gillnet,Scomberomorus Maculatus,Spanish Mackerel,1
Pontchartrain,1992-04-08,29.5,-89.53833,Gillnet,Scomberomorus Maculatus,Spanish Mackerel,1
Pontchartrain,1992-06-16,29.5,-89.53833,Gillnet,Carcharhinus Limbatus,Blacktip Shark,1
Pontchartrain,1992-06-16,29.5,-89.53833,Gillnet,Cynoscion Nebulosus,Spotted Seatrout,4
Pontchartrain,1992-06-16,29.5,-89.53833,Gillnet,Rhinoptera Bonasus,Cownose Ray,8
Pontchartrain,1992-07-21,29.5,-89.53833,Gillnet,Arius Felis,Sea Catfish,1
Pontchartrain,1992-09-03,29.5,-89.53833,Gillnet,Arius Felis,Sea Catfish,1
Pontchartrain,1992-09-21,29.5,-89.53833,Gillnet,Archosargus Probatocephalus,Sheepshead,1
Pontchartrain,1993-04-06,29.5,-89.53833,Gillnet,Arius Felis,Sea Catfish,1
Pontchartrain,1993-06-08,29.5,-89.53833,Gillnet,Malaclemys Terrapin,Diamondback Terrapin,1
Pontchartrain,1993-08-03,29.5,-89.53833,Gillnet,Mugil Cephalus,Striped Mullet,121
Pontchartrain,1993-08-18,29.5,-89.53833,Gillnet,Cynoscion Nebulosus,Spotted Seatrout,4
Pontchartrain,1993-08-18,29.5,-89.53833,Gillnet,Scomberomorus Maculatus,Spanish Mackerel,1
Pontchartrain,1993-09-21,29.5,-89.53833,Gillnet,Scomberomorus Maculatus,Spanish Mackerel,1
Pontchartrain,1994-07-19,29.5,-89.53833,Gillnet,Caranx Hippos,Crevalle Jack,1
Pontchartrain,1994-09-01,29.5,-89.53833,Gillnet,Dasyatis Sabina,Atlantic Stingray,1
Pontchartrain,1995-01-05,29.5,-89.53833,Gillnet,Mugil Cephalus,Striped Mullet,1
Pontchartrain,1995-04-18,29.5,-89.53833,Gillnet,Brevoortia Patronus,Gulf Menhaden,1
Pontchartrain,1995-07-06,29.5,-89.53833,Gillnet,Arius Felis,Sea Catfish,4
Pontchartrain,1995-07-18,29.5,-89.53833,Gillnet,Arius Felis,Sea Catfish,4
Pontchartrain,1995-09-05,29.5,-89.53833,Gillnet,Scomberomorus Maculatus,Spanish Mackerel,1
Pontchartrain,1995-09-19,29.5,-89.53833,Gillnet,Caranx Hippos,Crevalle Jack,1
Pontchartrain,1995-10-09,29.5,-89.53833,Gillnet,Scomberomorus Maculatus,Spanish Mackerel,1
Pontchartrain,1996-04-17,29.5,-89.53833,Gillnet,Arius Felis,Sea Catfish,2
Pontchartrain,1996-08-06,29.5,-89.53833,Gillnet,Cynoscion Nebulosus,Spotted Seatrout,1
Pontchartrain,1996-09-03,29.5,-89.53833,Gillnet,Micropogonias Undulatus,Atlantic Croaker,1
Pontchartrain,1996-09-17,29.5,-89.53833,Gillnet,Arius Felis,Sea Catfish,2
Pontchartrain,1996-11-12,29.5,-89.53833,Gillnet,Brevoortia Patronus,Gulf Menhaden,4
Pontchartrain,1997-08-05,29.5,-89.53833,Gillnet,Scomberomorus Maculatus,Spanish Mackerel,1
Pontchartrain,1997-09-03,29.5,-89.53833,Gillnet,Scomberomorus Maculatus,Spanish Mackerel,1
Pontchartrain,1998-03-03,29.5,-89.53833,Gillnet,Paralichthys Lethostigma,Southern Flounder,1
Pontchartrain,1998-12-02,29.5,-89.53833,Gillnet,Brevoortia Patronus,Gulf Menhaden,1
Pontchartrain,1999-03-10,29.5,-89.53833,Gillnet,Mugil Cephalus,Striped Mullet,1
Pontchartrain,1999-04-20,29.5,-89.53833,Gillnet,Rhinoptera Bonasus,Cownose Ray,1
Pontchartrain,2000-03-09,29.5,-89.53833,Gillnet,Mugil Cephalus,Striped Mullet,4
Pontchartrain,2000-05-16,29.5,-89.53833,Gillnet,Cynoscion Nebulosus,Spotted Seatrout,1
Pontchartrain,2000-06-13,29.5,-89.53833,Gillnet,Arius Felis,Sea Catfish,1
Pontchartrain,2000-07-19,29.5,-89.53833,Gillnet,Mugil Cephalus,Striped Mullet,1
Pontchartrain,2000-08-01,29.5,-89.53833,Gillnet,Caranx Hippos,Crevalle Jack,1
Pontchartrain,2000-08-16,29.5,-89.53833,Gillnet,Elops Saurus,Ladyfish,1
Pontchartrain,2000-09-15,29.5,-89.53833,Gillnet,Caranx Hippos,Crevalle Jack,1
Pontchartrain,2000-09-15,29.5,-89.53833,Gillnet,Cynoscion Nebulosus,Spotted Seatrout,1
Pontchartrain,2001-02-21,29.5,-89.53833,Gillnet,Dorosoma Petenense,Threadfin Shad,1
Pontchartrain,2001-02-21,29.5,-89.53833,Gillnet,Mugil Cephalus,Striped Mullet,16
Pontchartrain,2001-03-08,29.5,-89.53833,Gillnet,Paralichthys Lethostigma,Southern Flounder,1
Pontchartrain,2001-05-23,29.5,-89.53833,Gillnet,Arius Felis,Sea Catfish,1
Pontchartrain,2001-05-23,29.5,-89.53833,Gillnet,Bagre Marinus,Gafftopsail Catfish,4
Pontchartrain,2001-05-23,29.5,-89.53833,Gillnet,Mugil Cephalus,Striped Mullet,1
Pontchartrain,2001-06-12,29.5,-89.53833,Gillnet,Arius Felis,Sea Catfish,1
Pontchartrain,2001-06-12,29.5,-89.53833,Gillnet,Mugil Cephalus,Striped Mullet,1
Pontchartrain,2001-07-17,29.5,-89.53833,Gillnet,Arius Felis,Sea Catfish,3
Pontchartrain,2001-07-17,29.5,-89.53833,Gillnet,Cynoscion Nebulosus,Spotted Seatrout,1
Pontchartrain,2001-08-14,29.5,-89.53833,Gillnet,Archosargus Probatocephalus,Sheepshead,1
Pontchartrain,2001-09-18,29.5,-89.53833,Gillnet,Cynoscion Nebulosus,Spotted Seatrout,1
Pontchartrain,2001-12-11,29.5,-89.53833,Gillnet,Brevoortia Patronus,Gulf Menhaden,1
Pontchartrain,2002-04-03,29.5,-89.53833,Gillnet,Arius Felis,Sea Catfish,1
Pontchartrain,2002-05-06,29.5,-89.53833,Gillnet,Cynoscion Nebulosus,Spotted Seatrout,1
Pontchartrain,2002-05-16,29.5,-89.53833,Gillnet,Arius Felis,Sea Catfish,1
Pontchartrain,2002-06-03,29.5,-89.53833,Gillnet,Arius Felis,Sea Catfish,1
Pontchartrain,2002-06-12,29.5,-89.53833,Gillnet,Brevoortia Patronus,Gulf Menhaden,1
Pontchartrain,2002-09-06,29.5,-89.53833,Gillnet,Scomberomorus Maculatus,Spanish Mackerel,1
Pontchartrain,2003-01-08,29.5,-89.53833,Gillnet,Alosa Chrysochloris,Skipjack Herring,1
Pontchartrain,2003-02-12,29.5,-89.53833,Gillnet,Arius Felis,Sea Catfish,1
Pontchartrain,2003-05-01,29.5,-89.53833,Gillnet,Arius Felis,Sea Catfish,1
Pontchartrain,2003-08-18,29.5,-89.53833,Gillnet,Mugil Cephalus,Striped Mullet,9
Pontchartrain,2003-09-08,29.5,-89.53833,Gillnet,Arius Felis,Sea Catfish,1
Pontchartrain,2003-09-08,29.5,-89.53833,Gillnet,Pogonias Cromis,Black Drum,1
Pontchartrain,2003-09-24,29.5,-89.53833,Gillnet,Arius Felis,Sea Catfish,2
Pontchartrain,2004-05-18,29.5,-89.53833,Gillnet,Arius Felis,Sea Catfish,1
Pontchartrain,2004-06-03,29.5,-89.53833,Gillnet,Arius Felis,Sea Catfish,1
Pontchartrain,2004-07-23,29.5,-89.53833,Gillnet,Arius Felis,Sea Catfish,5
Pontchartrain,2004-07-23,29.5,-89.53833,Gillnet,Bagre Marinus,Gafftopsail Catfish,1
Pontchartrain,2004-07-23,29.5,-89.53833,Gillnet,Micropogonias Undulatus,Atlantic Croaker,1
Pontchartrain,2004-07-23,29.5,-89.53833,Gillnet,Paralichthys Lethostigma,Southern Flounder,1
Pontchartrain,2004-08-18,29.5,-89.53833,Gillnet,Arius Felis,Sea Catfish,1
Pontchartrain,2004-08-18,29.5,-89.53833,Gillnet,Cynoscion Nebulosus,Spotted Seatrout,4
Pontchartrain,2004-08-18,29.5,-89.53833,Gillnet,Elops Saurus,Ladyfish,2
Pontchartrain,2004-09-01,29.5,-89.53833,Gillnet,Arius Felis,Sea Catfish,2
Pontchartrain,2004-09-28,29.5,-89.53833,Gillnet,Peprilus Alepidotus,Harvestfish,4
Pontchartrain,2004-11-24,29.5,-89.53833,Gillnet,Arius Felis,Sea Catfish,1
Pontchartrain,2005-01-10,29.5,-89.53833,Gillnet,Mugil Cephalus,Striped Mullet,16
Pontchartrain,2005-03-23,29.5,-89.53833,Gillnet,Brevoortia Patronus,Gulf Menhaden,1
Pontchartrain,2005-05-18,29.5,-89.53833,Gillnet,Brevoortia Patronus,Gulf Menhaden,4
Pontchartrain,2005-06-23,29.5,-89.53833,Gillnet,Arius Felis,Sea Catfish,1
Pontchartrain,2005-07-12,29.5,-89.53833,Gillnet,Arius Felis,Sea Catfish,1
Pontchartrain,2005-07-12,29.5,-89.53833,Gillnet,Rhinoptera Bonasus,Cownose Ray,1
Pontchartrain,2005-07-22,29.5,-89.53833,Gillnet,Scomberomorus Maculatus,Spanish Mackerel,1
Pontchartrain,2005-08-17,29.5,-89.53833,Gillnet,Scomberomorus Maculatus,Spanish Mackerel,1
Pontchartrain,2006-08-23,29.5,-89.53833,Gillnet,Bagre Marinus,Gafftopsail Catfish,1
Pontchartrain,2006-09-13,29.5,-89.53833,Gillnet,Arius Felis,Sea Catfish,1
Pontchartrain,2006-10-11,29.5,-89.53833,Gillnet,Archosargus Probatocephalus,Sheepshead,1
Pontchartrain,2006-10-11,29.5,-89.53833,Gillnet,Arius Felis,Sea Catfish,2
Pontchartrain,2007-01-09,29.5,-89.53833,Gillnet,Callinectes Sapidus,Blue Crab,4
Pontchartrain,2007-04-26,29.5,-89.53833,Gillnet,Sciaenops Ocellatus,Red Drum,1
Pontchartrain,2007-05-02,29.5,-89.53833,Gillnet,Arius Felis,Sea Catfish,4
Pontchartrain,2007-06-26,29.5,-89.53833,Gillnet,Cynoscion Nebulosus,Spotted Seatrout,1
Pontchartrain,2007-06-26,29.5,-89.53833,Gillnet,Sciaenops Ocellatus,Red Drum,1
Pontchartrain,2007-09-11,29.5,-89.53833,Gillnet,Arius Felis,Sea Catfish,1
Pontchartrain,2007-09-11,29.5,-89.53833,Gillnet,Brevoortia Patronus,Gulf Menhaden,1
Pontchartrain,2007-09-11,29.5,-89.53833,Gillnet,Callinectes Sapidus,Blue Crab,1
Pontchartrain,2007-09-11,29.5,-89.53833,Gillnet,Menticirrhus Americanus,Southern Kingfish,1
Pontchartrain,2007-09-26,29.5,-89.53833,Gillnet,Pogonias Cromis,Black Drum,9
Pontchartrain,2008-05-22,29.5,-89.53833,Gillnet,Cynoscion Nebulosus,Spotted Seatrout,1
Pontchartrain,2008-05-22,29.5,-89.53833,Gillnet,Scomberomorus Maculatus,Spanish Mackerel,1
Pontchartrain,2008-06-16,29.5,-89.53833,Gillnet,Cynoscion Nebulosus,Spotted Seatrout,4
Pontchartrain,2008-06-16,29.5,-89.53833,Gillnet,Sciaenops Ocellatus,Red Drum,1
Pontchartrain,2008-06-16,29.5,-89.53833,Gillnet,Scomberomorus Maculatus,Spanish Mackerel,1
Pontchartrain,2008-06-26,29.5,-89.53833,Gillnet,Archosargus Probatocephalus,Sheepshead,1
Pontchartrain,2008-06-26,29.5,-89.53833,Gillnet,Dasyatis Sabina,Atlantic Stingray,1
Pontchartrain,2008-06-26,29.5,-89.53833,Gillnet,Sciaenops Ocellatus,Red Drum,4
Pontchartrain,2008-07-28,29.5,-89.53833,Gillnet,Pogonias Cromis,Black Drum,16
Pontchartrain,2008-09-22,29.5,-89.53833,Gillnet,Arius Felis,Sea Catfish,1
Pontchartrain,2008-09-26,29.5,-89.53833,Gillnet,Cynoscion Nebulosus,Spotted Seatrout,4
Pontchartrain,2008-12-09,29.5,-89.53833,Gillnet,Callinectes Sapidus,Blue Crab,1
Pontchartrain,2009-04-23,29.5,-89.53833,Gillnet,Arius Felis,Sea Catfish,2
Pontchartrain,2009-04-23,29.5,-89.53833,Gillnet,Cynoscion Nebulosus,Spotted Seatrout,1
Pontchartrain,2009-04-23,29.5,-89.53833,Gillnet,Pogonias Cromis,Black Drum,16
Pontchartrain,2009-06-03,29.5,-89.53833,Gillnet,Arius Felis,Sea Catfish,7
Pontchartrain,2009-07-29,29.5,-89.53833,Gillnet,Arius Felis,Sea Catfish,1
Pontchartrain,2010-04-21,29.5,-89.53833,Gillnet,Arius Felis,Sea Catfish,1
Pontchartrain,2010-05-06,29.5,-89.53833,Gillnet,Arius Felis,Sea Catfish,3
Pontchartrain,2010-06-01,29.5,-89.53833,Gillnet,Archosargus Probatocephalus,Sheepshead,1
Pontchartrain,2010-06-01,29.5,-89.53833,Gillnet,Arius Felis,Sea Catfish,3
Pontchartrain,2010-06-01,29.5,-89.53833,Gillnet,Bagre Marinus,Gafftopsail Catfish,1
Pontchartrain,2010-06-14,29.5,-89.53833,Gillnet,Arius Felis,Sea Catfish,1
Pontchartrain,2010-07-14,29.5,-89.53833,Gillnet,Arius Felis,Sea Catfish,1
Pontchartrain,2010-07-14,29.5,-89.53833,Gillnet,Scomberomorus Maculatus,Spanish Mackerel,1
Pontchartrain,2010-08-23,29.5,-89.53833,Gillnet,Arius Felis,Sea Catfish,4
Pontchartrain,2010-11-08,29.5,-89.53833,Gillnet,Arius Felis,Sea Catfish,3
Pontchartrain,2011-01-04,29.5,-89.53833,Gillnet,Archosargus Probatocephalus,Sheepshead,1
Pontchartrain,2011-03-17,29.5,-89.53833,Gillnet,Arius Felis,Sea Catfish,1
Pontchartrain,2011-04-13,29.5,-89.53833,Gillnet,Arius Felis,Sea Catfish,1
Pontchartrain,2011-04-20,29.5,-89.53833,Gillnet,Arius Felis,Sea Catfish,2
Pontchartrain,2011-05-05,29.5,-89.53833,Gillnet,Arius Felis,Sea Catfish,7
Pontchartrain,2011-05-20,29.5,-89.53833,Gillnet,Arius Felis,Sea Catfish,5
Pontchartrain,2011-06-27,29.5,-89.53833,Gillnet,Arius Felis,Sea Catfish,2
Pontchartrain,2011-07-21,29.5,-89.53833,Gillnet,Arius Felis,Sea Catfish,5
Pontchartrain,2011-07-21,29.5,-89.53833,Gillnet,Bagre Marinus,Gafftopsail Catfish,36
Pontchartrain,2011-07-21,29.5,-89.53833,Gillnet,Callinectes Sapidus,Blue Crab,4
Pontchartrain,2011-07-21,29.5,-89.53833,Gillnet,Cynoscion Nebulosus,Spotted Seatrout,9
Pontchartrain,2011-07-21,29.5,-89.53833,Gillnet,Scomberomorus Maculatus,Spanish Mackerel,1
Pontchartrain,2011-08-09,29.5,-89.53833,Gillnet,Arius Felis,Sea Catfish,1
Pontchartrain,2011-08-09,29.5,-89.53833,Gillnet,Penaeus Setiferus,White Shrimp,1
Pontchartrain,2011-08-25,29.5,-89.53833,Gillnet,Arius Felis,Sea Catfish,4
Pontchartrain,2011-08-25,29.5,-89.53833,Gillnet,Mugil Cephalus,Striped Mullet,1
Pontchartrain,2011-09-09,29.5,-89.53833,Gillnet,Arius Felis,Sea Catfish,20
Pontchartrain,2011-09-09,29.5,-89.53833,Gillnet,Scomberomorus Maculatus,Spanish Mackerel,25
Pontchartrain,2011-09-27,29.5,-89.53833,Gillnet,Arius Felis,Sea Catfish,6
Pontchartrain,2011-09-27,29.5,-89.53833,Gillnet,Callinectes Sapidus,Blue Crab,1
Pontchartrain,2011-09-27,29.5,-89.53833,Gillnet,Elops Saurus,Ladyfish,1
Pontchartrain,2011-09-27,29.5,-89.53833,Gillnet,Pogonias Cromis,Black Drum,1
Pontchartrain,2011-09-27,29.5,-89.53833,Gillnet,Scomberomorus Maculatus,Spanish Mackerel,1
Pontchartrain,2011-10-18,29.5,-89.53833,Gillnet,Arius Felis,Sea Catfish,6
Pontchartrain,2011-10-18,29.5,-89.53833,Gillnet,Brevoortia Patronus,Gulf Menhaden,1
Pontchartrain,2011-12-08,29.5,-89.53833,Gillnet,Pogonias Cromis,Black Drum,1
Pontchartrain,2012-04-11,29.5,-89.53833,Gillnet,Scomberomorus Maculatus,Spanish Mackerel,1
Pontchartrain,2012-05-15,29.5,-89.53833,Gillnet,Cynoscion Nebulosus,Spotted Seatrout,9
Pontchartrain,2012-05-22,29.5,-89.53833,Gillnet,Arius Felis,Sea Catfish,28
Pontchartrain,2012-05-22,29.5,-89.53833,Gillnet,Cynoscion Nebulosus,Spotted Seatrout,9
Pontchartrain,2012-06-14,29.5,-89.53833,Gillnet,Arius Felis,Sea Catfish,4
Pontchartrain,2012-06-28,29.5,-89.53833,Gillnet,Arius Felis,Sea Catfish,5
Pontchartrain,2012-07-12,29.5,-89.53833,Gillnet,Rhinoptera Bonasus,Cownose Ray,1
Pontchartrain,2012-08-08,29.5,-89.53833,Gillnet,Arius Felis,Sea Catfish,3
Pontchartrain,2012-08-08,29.5,-89.53833,Gillnet,Callinectes Sapidus,Blue Crab,1
Pontchartrain,2012-08-08,29.5,-89.53833,Gillnet,Cynoscion Nebulosus,Spotted Seatrout,25
Pontchartrain,2012-08-08,29.5,-89.53833,Gillnet,Sciaenops Ocellatus,Red Drum,1
Pontchartrain,2012-08-08,29.5,-89.53833,Gillnet,Scomberomorus Maculatus,Spanish Mackerel,1
Pontchartrain,2012-09-13,29.5,-89.53833,Gillnet,Arius Felis,Sea Catfish,1
Pontchartrain,2012-09-13,29.5,-89.53833,Gillnet,Brevoortia Patronus,Gulf Menhaden,1
Pontchartrain,2012-09-26,29.5,-89.53833,Gillnet,Arius Felis,Sea Catfish,4
Pontchartrain,2012-10-17,29.5,-89.53833,Gillnet,Arius Felis,Sea Catfish,6
Pontchartrain,2012-11-01,29.5,-89.53833,Gillnet,Arius Felis,Sea Catfish,1
Pontchartrain,2012-12-06,29.5,-89.53833,Gillnet,Arius Felis,Sea Catfish,15
Pontchartrain,2013-06-25,29.5,-89.53833,Gillnet,Arius Felis,Sea Catfish,1
Pontchartrain,2013-06-25,29.5,-89.53833,Gillnet,Bagre Marinus,Gafftopsail Catfish,1
Pontchartrain,2013-07-24,29.5,-89.53833,Gillnet,Arius Felis,Sea Catfish,5
Pontchartrain,2013-08-15,29.5,-89.53833,Gillnet,Arius Felis,Sea Catfish,3
Pontchartrain,2014-02-17,29.5,-89.53833,Gillnet,Sciaenops Ocellatus,Red Drum,1
Pontchartrain,2014-08-04,29.5,-89.53833,Gillnet,Arius Felis,Sea Catfish,3
Pontchartrain,2014-08-04,29.5,-89.53833,Gillnet,Bagre Marinus,Gafftopsail Catfish,1
Pontchartrain,2015-04-07,29.5,-89.53833,Gillnet,Arius Felis,Sea Catfish,3
Pontchartrain,2015-04-07,29.5,-89.53833,Gillnet,Cynoscion Nebulosus,Spotted Seatrout,1
Pontchartrain,2015-05-12,29.5,-89.53833,Gillnet,Arius Felis,Sea Catfish,1
Pontchartrain,2015-05-19,29.5,-89.53833,Gillnet,Arius Felis,Sea Catfish,3
Pontchartrain,2015-07-09,29.5,-89.53833,Gillnet,Arius Felis,Sea Catfish,7
Pontchartrain,2015-07-27,29.5,-89.53833,Gillnet,Arius Felis,Sea Catfish,2
Pontchartrain,2015-08-18,29.5,-89.53833,Gillnet,Arius Felis,Sea Catfish,2
Pontchartrain,2015-10-14,29.5,-89.53833,Gillnet,Arius Felis,Sea Catfish,5
Pontchartrain,2016-03-14,29.5,-89.53833,Gillnet,Arius Felis,Sea Catfish,1
Pontchartrain,2016-05-18,29.5,-89.53833,Gillnet,Arius Felis,Sea Catfish,4
Pontchartrain,2016-05-18,29.5,-89.53833,Gillnet,Mugil Cephalus,Striped Mullet,1
Pontchartrain,2016-06-07,29.5,-89.53833,Gillnet,Arius Felis,Sea Catfish,3
Pontchartrain,2016-06-07,29.5,-89.53833,Gillnet,Bagre Marinus,Gafftopsail Catfish,1
Pontchartrain,2016-06-07,29.5,-89.53833,Gillnet,Scomberomorus Maculatus,Spanish Mackerel,1
Pontchartrain,2016-06-16,29.5,-89.53833,Gillnet,Arius Felis,Sea Catfish,2
Pontchartrain,2016-07-06,29.5,-89.53833,Gillnet,Arius Felis,Sea Catfish,16
Pontchartrain,2016-08-01,29.5,-89.53833,Gillnet,Malaclemys Terrapin,Diamondback Terrapin,1
Pontchartrain,2016-08-17,29.5,-89.53833,Gillnet,Arius Felis,Sea Catfish,1
Pontchartrain,2016-10-14,29.5,-89.53833,Gillnet,Arius Felis,Sea Catfish,2
Pontchartrain,2017-07-25,29.5,-89.53833,Gillnet,Arius Felis,Sea Catfish,4
Pontchartrain,2017-07-25,29.5,-89.53833,Gillnet,Sciaenops Ocellatus,Red Drum,4
Pontchartrain,2017-08-08,29.5,-89.53833,Gillnet,Arius Felis,Sea Catfish,2
Pontchartrain,2017-10-26,29.5,-89.53833,Gillnet,Arius Felis,Sea Catfish,2
Pontchartrain,2017-11-02,29.5,-89.53833,Gillnet,Arius Felis,Sea Catfish,1
Pontchartrain,2017-12-05,29.5,-89.53833,Gillnet,Arius Felis,Sea Catfish,3
Pontchartrain,2018-04-12,29.5,-89.53833,Gillnet,Arius Felis,Sea Catfish,1
Pontchartrain,2018-06-26,29.5,-89.53833,Gillnet,Arius Felis,Sea Catfish,3
Pontchartrain,2018-07-11,29.5,-89.53833,Gillnet,Arius Felis,Sea Catfish,2
Pontchartrain,2018-09-11,29.5,-89.53833,Gillnet,Arius Felis,Sea Catfish,1
Pontchartrain,2018-09-25,29.5,-89.53833,Gillnet,Arius Felis,Sea Catfish,4
Pontchartrain,2018-11-08,29.5,-89.53833,Gillnet,Arius Felis,Sea Catfish,2
Pontchartrain,2019-04-15,29.5,-89.53833,Gillnet,Micropogonias Undulatus,Atlantic Croaker,1
Pontchartrain,1992-04-08,29.74167,-89.36667,Gillnet,Arius Felis,Sea Catfish,1
Pontchartrain,1992-04-22,29.74167,-89.36667,Gillnet,Arius Felis,Sea Catfish,2
Pontchartrain,1992-05-11,29.74167,-89.36667,Gillnet,Arius Felis,Sea Catfish,1
Pontchartrain,1992-05-11,29.74167,-89.36667,Gillnet,Cynoscion Nebulosus,Spotted Seatrout,1
Pontchartrain,1992-05-19,29.74167,-89.36667,Gillnet,Arius Felis,Sea Catfish,2
Pontchartrain,1992-06-04,29.74167,-89.36667,Gillnet,Arius Felis,Sea Catfish,5
Pontchartrain,1992-06-04,29.74167,-89.36667,Gillnet,Cynoscion Nebulosus,Spotted Seatrout,1
Pontchartrain,1992-06-15,29.74167,-89.36667,Gillnet,Arius Felis,Sea Catfish,1
Pontchartrain,1992-06-15,29.74167,-89.36667,Gillnet,Rhinoptera Bonasus,Cownose Ray,1
Pontchartrain,1992-07-09,29.74167,-89.36667,Gillnet,Cynoscion Arenarius,Sand Seatrout,4
Pontchartrain,1992-08-06,29.74167,-89.36667,Gillnet,Scomberomorus Maculatus,Spanish Mackerel,1
Pontchartrain,1992-08-19,29.74167,-89.36667,Gillnet,Arius Felis,Sea Catfish,1
Pontchartrain,1992-08-19,29.74167,-89.36667,Gillnet,Cynoscion Nebulosus,Spotted Seatrout,1
Pontchartrain,1992-11-24,29.74167,-89.36667,Gillnet,Arius Felis,Sea Catfish,1
Pontchartrain,1993-05-27,29.74167,-89.36667,Gillnet,Arius Felis,Sea Catfish,1
Pontchartrain,1993-06-09,29.74167,-89.36667,Gillnet,Brevoortia Patronus,Gulf Menhaden,1
Pontchartrain,1993-06-23,29.74167,-89.36667,Gillnet,Cynoscion Arenarius,Sand Seatrout,1
Pontchartrain,1993-07-07,29.74167,-89.36667,Gillnet,Bagre Marinus,Gafftopsail Catfish,1
Pontchartrain,1993-07-21,29.74167,-89.36667,Gillnet,Arius Felis,Sea Catfish,1
Pontchartrain,1993-07-21,29.74167,-89.36667,Gillnet,Cynoscion Arenarius,Sand Seatrout,16
Pontchartrain,1993-07-21,29.74167,-89.36667,Gillnet,Elops Saurus,Ladyfish,1
Pontchartrain,1993-09-21,29.74167,-89.36667,Gillnet,Arius Felis,Sea Catfish,5
Pontchartrain,1994-03-08,29.74167,-89.36667,Gillnet,Arius Felis,Sea Catfish,10
Pontchartrain,1994-04-14,29.74167,-89.36667,Gillnet,Arius Felis,Sea Catfish,22
Pontchartrain,1994-05-18,29.74167,-89.36667,Gillnet,Arius Felis,Sea Catfish,1
Pontchartrain,1994-07-14,29.74167,-89.36667,Gillnet,Arius Felis,Sea Catfish,3
Pontchartrain,1994-07-28,29.74167,-89.36667,Gillnet,Arius Felis,Sea Catfish,7
Pontchartrain,1994-07-28,29.74167,-89.36667,Gillnet,Chaetodipterus Faber,Atlantic Spadefish,16
Pontchartrain,1994-08-18,29.74167,-89.36667,Gillnet,Scomberomorus Maculatus,Spanish Mackerel,1
Pontchartrain,1994-09-07,29.74167,-89.36667,Gillnet,Arius Felis,Sea Catfish,1
Pontchartrain,1994-09-07,29.74167,-89.36667,Gillnet,Paralichthys Lethostigma,Southern Flounder,1
Pontchartrain,1994-09-07,29.74167,-89.36667,Gillnet,Scomberomorus Maculatus,Spanish Mackerel,1
Pontchartrain,1994-09-14,29.74167,-89.36667,Gillnet,Arius Felis,Sea Catfish,3
Pontchartrain,1994-11-22,29.74167,-89.36667,Gillnet,Arius Felis,Sea Catfish,1
Pontchartrain,1994-11-22,29.74167,-89.36667,Gillnet,Peprilus Alepidotus,Harvestfish,1
Pontchartrain,1995-05-03,29.74167,-89.36667,Gillnet,Arius Felis,Sea Catfish,1
Pontchartrain,1995-05-16,29.74167,-89.36667,Gillnet,Bagre Marinus,Gafftopsail Catfish,1
Pontchartrain,1995-06-21,29.74167,-89.36667,Gillnet,Arius Felis,Sea Catfish,1
Pontchartrain,1995-06-21,29.74167,-89.36667,Gillnet,Brevoortia Patronus,Gulf Menhaden,9
Pontchartrain,1995-07-12,29.74167,-89.36667,Gillnet,Arius Felis,Sea Catfish,2
Pontchartrain,1995-07-12,29.74167,-89.36667,Gillnet,Brevoortia Patronus,Gulf Menhaden,36
Pontchartrain,1995-07-12,29.74167,-89.36667,Gillnet,Carcharhinus Limbatus,Blacktip Shark,16
Pontchartrain,1995-07-12,29.74167,-89.36667,Gillnet,Cynoscion Nebulosus,Spotted Seatrout,1
Pontchartrain,1995-07-12,29.74167,-89.36667,Gillnet,Scomberomorus Maculatus,Spanish Mackerel,4
Pontchartrain,1995-09-19,29.74167,-89.36667,Gillnet,Arius Felis,Sea Catfish,2
Pontchartrain,1996-03-29,29.74167,-89.36667,Gillnet,Arius Felis,Sea Catfish,1
Pontchartrain,1996-04-10,29.74167,-89.36667,Gillnet,Arius Felis,Sea Catfish,3
Pontchartrain,1996-04-17,29.74167,-89.36667,Gillnet,Arius Felis,Sea Catfish,3
Pontchartrain,1996-05-01,29.74167,-89.36667,Gillnet,Peprilus Alepidotus,Harvestfish,1
Pontchartrain,1996-05-13,29.74167,-89.36667,Gillnet,Arius Felis,Sea Catfish,3
Pontchartrain,1996-06-06,29.74167,-89.36667,Gillnet,Peprilus Alepidotus,Harvestfish,2
Pontchartrain,1996-08-27,29.74167,-89.36667,Gillnet,Arius Felis,Sea Catfish,1
Pontchartrain,1996-09-18,29.74167,-89.36667,Gillnet,Bagre Marinus,Gafftopsail Catfish,1
Pontchartrain,1997-03-04,29.74167,-89.36667,Gillnet,Arius Felis,Sea Catfish,2
Pontchartrain,1997-04-07,29.74167,-89.36667,Gillnet,Arius Felis,Sea Catfish,1
Pontchartrain,1997-04-15,29.74167,-89.36667,Gillnet,Arius Felis,Sea Catfish,3
Pontchartrain,1997-06-05,29.74167,-89.36667,Gillnet,Arius Felis,Sea Catfish,1
Pontchartrain,1997-07-15,29.74167,-89.36667,Gillnet,Callinectes Sapidus,Blue Crab,1
Pontchartrain,1997-08-12,29.74167,-89.36667,Gillnet,Arius Felis,Sea Catfish,1
Pontchartrain,1997-08-12,29.74167,-89.36667,Gillnet,Bagre Marinus,Gafftopsail Catfish,1
Pontchartrain,1997-09-12,29.74167,-89.36667,Gillnet,Arius Felis,Sea Catfish,1
Pontchartrain,1997-09-17,29.74167,-89.36667,Gillnet,Arius Felis,Sea Catfish,2
Pontchartrain,1997-09-17,29.74167,-89.36667,Gillnet,Carcharhinus Brevipinna,Spinner Shark,1
Pontchartrain,1997-10-06,29.74167,-89.36667,Gillnet,Arius Felis,Sea Catfish,6
Pontchartrain,1998-03-18,29.74167,-89.36667,Gillnet,Arius Felis,Sea Catfish,2
Pontchartrain,1998-05-11,29.74167,-89.36667,Gillnet,Arius Felis,Sea Catfish,1
Pontchartrain,1998-06-08,29.74167,-89.36667,Gillnet,Carcharhinus Brevipinna,Spinner Shark,1
Pontchartrain,1998-07-09,29.74167,-89.36667,Gillnet,Arius Felis,Sea Catfish,3
Pontchartrain,1998-07-09,29.74167,-89.36667,Gillnet,Bagre Marinus,Gafftopsail Catfish,1
Pontchartrain,1998-08-19,29.74167,-89.36667,Gillnet,Arius Felis,Sea Catfish,2
Pontchartrain,1998-08-19,29.74167,-89.36667,Gillnet,Brevoortia Patronus,Gulf Menhaden,1
Pontchartrain,1998-10-12,29.74167,-89.36667,Gillnet,Arius Felis,Sea Catfish,1
Pontchartrain,1998-10-12,29.74167,-89.36667,Gillnet,Brevoortia Patronus,Gulf Menhaden,1
Pontchartrain,1998-10-12,29.74167,-89.36667,Gillnet,Scomberomorus Maculatus,Spanish Mackerel,1
Pontchartrain,1999-03-16,29.74167,-89.36667,Gillnet,Arius Felis,Sea Catfish,2
Pontchartrain,1999-05-13,29.74167,-89.36667,Gillnet,Bagre Marinus,Gafftopsail Catfish,1
Pontchartrain,1999-07-14,29.74167,-89.36667,Gillnet,Callinectes Sapidus,Blue Crab,1
Pontchartrain,1999-08-12,29.74167,-89.36667,Gillnet,Arius Felis,Sea Catfish,2
Pontchartrain,1999-08-17,29.74167,-89.36667,Gillnet,Arius Felis,Sea Catfish,2
Pontchartrain,1999-09-29,29.74167,-89.36667,Gillnet,Arius Felis,Sea Catfish,1
Pontchartrain,1999-10-14,29.74167,-89.36667,Gillnet,Peprilus Alepidotus,Harvestfish,1
Pontchartrain,1999-11-23,29.74167,-89.36667,Gillnet,Cynoscion Arenarius,Sand Seatrout,1
Pontchartrain,2000-02-28,29.74167,-89.36667,Gillnet,Arius Felis,Sea Catfish,3
Pontchartrain,2000-03-09,29.74167,-89.36667,Gillnet,Arius Felis,Sea Catfish,2
Pontchartrain,2000-04-05,29.74167,-89.36667,Gillnet,Arius Felis,Sea Catfish,2
Pontchartrain,2000-04-18,29.74167,-89.36667,Gillnet,Arius Felis,Sea Catfish,5
Pontchartrain,2000-04-18,29.74167,-89.36667,Gillnet,Peprilus Alepidotus,Harvestfish,1
Pontchartrain,2000-05-08,29.74167,-89.36667,Gillnet,Arius Felis,Sea Catfish,1
Pontchartrain,2000-05-08,29.74167,-89.36667,Gillnet,Bairdiella Chrysoura,Silver Perch,1
Pontchartrain,2000-05-08,29.74167,-89.36667,Gillnet,Brevoortia Patronus,Gulf Menhaden,4
Pontchartrain,2000-06-08,29.74167,-89.36667,Gillnet,Arius Felis,Sea Catfish,1
Pontchartrain,2000-06-29,29.74167,-89.36667,Gillnet,Peprilus Alepidotus,Harvestfish,1
Pontchartrain,2000-07-10,29.74167,-89.36667,Gillnet,Scomberomorus Maculatus,Spanish Mackerel,1
Pontchartrain,2000-07-24,29.74167,-89.36667,Gillnet,Arius Felis,Sea Catfish,1
Pontchartrain,2000-07-24,29.74167,-89.36667,Gillnet,Carcharhinus Limbatus,Blacktip Shark,4
Pontchartrain,2000-07-24,29.74167,-89.36667,Gillnet,Peprilus Alepidotus,Harvestfish,1
Pontchartrain,2000-07-24,29.74167,-89.36667,Gillnet,Scomberomorus Maculatus,Spanish Mackerel,1
Pontchartrain,2000-08-09,29.74167,-89.36667,Gillnet,Arius Felis,Sea Catfish,3
Pontchartrain,2000-09-14,29.74167,-89.36667,Gillnet,Scomberomorus Maculatus,Spanish Mackerel,1
Pontchartrain,2000-11-21,29.74167,-89.36667,Gillnet,Brevoortia Patronus,Gulf Menhaden,1
Pontchartrain,2001-03-06,29.74167,-89.36667,Gillnet,Arius Felis,Sea Catfish,1
Pontchartrain,2001-04-02,29.74167,-89.36667,Gillnet,Arius Felis,Sea Catfish,5
Pontchartrain,2001-06-26,29.74167,-89.36667,Gillnet,Arius Felis,Sea Catfish,1
Pontchartrain,2001-07-09,29.74167,-89.36667,Gillnet,Arius Felis,Sea Catfish,5
Pontchartrain,2001-08-14,29.74167,-89.36667,Gillnet,Cynoscion Nebulosus,Spotted Seatrout,1
Pontchartrain,2001-08-14,29.74167,-89.36667,Gillnet,Peprilus Alepidotus,Harvestfish,1
Pontchartrain,2001-08-27,29.74167,-89.36667,Gillnet,Cynoscion Nebulosus,Spotted Seatrout,1
Pontchartrain,2001-09-05,29.74167,-89.36667,Gillnet,Arius Felis,Sea Catfish,1
Pontchartrain,2001-09-05,29.74167,-89.36667,Gillnet,Menippe Mercenaria,Florida Stone Crab,1
Pontchartrain,2001-09-18,29.74167,-89.36667,Gillnet,Arius Felis,Sea Catfish,5
Pontchartrain,2001-10-02,29.74167,-89.36667,Gillnet,Arius Felis,Sea Catfish,5
Pontchartrain,2001-11-06,29.74167,-89.36667,Gillnet,Arius Felis,Sea Catfish,1
Pontchartrain,2001-11-06,29.74167,-89.36667,Gillnet,Cynoscion Arenarius,Sand Seatrout,1
Pontchartrain,2002-02-21,29.74167,-89.36667,Gillnet,Arius Felis,Sea Catfish,2
Pontchartrain,2002-03-27,29.74167,-89.36667,Gillnet,Arius Felis,Sea Catfish,1
Pontchartrain,2002-04-10,29.74167,-89.36667,Gillnet,Arius Felis,Sea Catfish,1
Pontchartrain,2002-04-10,29.74167,-89.36667,Gillnet,Cynoscion Nebulosus,Spotted Seatrout,1
Pontchartrain,2002-05-29,29.74167,-89.36667,Gillnet,Peprilus Alepidotus,Harvestfish,1
Pontchartrain,2002-06-20,29.74167,-89.36667,Gillnet,Arius Felis,Sea Catfish,1
Pontchartrain,2002-06-20,29.74167,-89.36667,Gillnet,Scomberomorus Maculatus,Spanish Mackerel,1
Pontchartrain,2002-07-09,29.74167,-89.36667,Gillnet,Arius Felis,Sea Catfish,2
Pontchartrain,2002-09-05,29.74167,-89.36667,Gillnet,Scomberomorus Maculatus,Spanish Mackerel,1
Pontchartrain,2002-09-18,29.74167,-89.36667,Gillnet,Arius Felis,Sea Catfish,2
Pontchartrain,2002-10-16,29.74167,-89.36667,Gillnet,Arius Felis,Sea Catfish,1
Pontchartrain,2003-04-11,29.74167,-89.36667,Gillnet,Arius Felis,Sea Catfish,1
Pontchartrain,2003-04-11,29.74167,-89.36667,Gillnet,Peprilus Alepidotus,Harvestfish,1
Pontchartrain,2003-05-15,29.74167,-89.36667,Gillnet,Arius Felis,Sea Catfish,1
Pontchartrain,2003-05-15,29.74167,-89.36667,Gillnet,Rhizoprionodon Terraenovae,Atlantic Sharpnose Shark,1
Pontchartrain,2003-06-10,29.74167,-89.36667,Gillnet,Arius Felis,Sea Catfish,1
Pontchartrain,2003-07-16,29.74167,-89.36667,Gillnet,Arius Felis,Sea Catfish,1
Pontchartrain,2003-07-31,29.74167,-89.36667,Gillnet,Arius Felis,Sea Catfish,1
Pontchartrain,2003-08-11,29.74167,-89.36667,Gillnet,Arius Felis,Sea Catfish,1
Pontchartrain,2003-08-21,29.74167,-89.36667,Gillnet,Paralichthys Lethostigma,Southern Flounder,1
Pontchartrain,2003-12-08,29.74167,-89.36667,Gillnet,Callinectes Sapidus,Blue Crab,1
Pontchartrain,2004-03-19,29.74167,-89.36667,Gillnet,Arius Felis,Sea Catfish,1
Pontchartrain,2004-05-06,29.74167,-89.36667,Gillnet,Arius Felis,Sea Catfish,3
Pontchartrain,2004-05-27,29.74167,-89.36667,Gillnet,Arius Felis,Sea Catfish,1
Pontchartrain,2004-06-04,29.74167,-89.36667,Gillnet,Arius Felis,Sea Catfish,2
Pontchartrain,2004-06-04,29.74167,-89.36667,Gillnet,Peprilus Alepidotus,Harvestfish,4
Pontchartrain,2004-06-04,29.74167,-89.36667,Gillnet,Rhizoprionodon Terraenovae,Atlantic Sharpnose Shark,1
Pontchartrain,2004-06-16,29.74167,-89.36667,Gillnet,Arius Felis,Sea Catfish,4
Pontchartrain,2004-07-22,29.74167,-89.36667,Gillnet,Arius Felis,Sea Catfish,1
Pontchartrain,2004-08-04,29.74167,-89.36667,Gillnet,Arius Felis,Sea Catfish,1
Pontchartrain,2004-08-17,29.74167,-89.36667,Gillnet,Arius Felis,Sea Catfish,50
Pontchartrain,2004-09-29,29.74167,-89.36667,Gillnet,Arius Felis,Sea Catfish,2
Pontchartrain,2004-10-12,29.74167,-89.36667,Gillnet,Arius Felis,Sea Catfish,6
Pontchartrain,2004-10-12,29.74167,-89.36667,Gillnet,Carcharhinus Leucas,Bull Shark,1
Pontchartrain,2004-10-12,29.74167,-89.36667,Gillnet,Scomberomorus Maculatus,Spanish Mackerel,1
Pontchartrain,2004-11-09,29.74167,-89.36667,Gillnet,Arius Felis,Sea Catfish,4
Pontchartrain,2005-02-18,29.74167,-89.36667,Gillnet,Arius Felis,Sea Catfish,1
Pontchartrain,2005-02-18,29.74167,-89.36667,Gillnet,Pogonias Cromis,Black Drum,1
Pontchartrain,2005-03-23,29.74167,-89.36667,Gillnet,Arius Felis,Sea Catfish,4
Pontchartrain,2005-04-04,29.74167,-89.36667,Gillnet,Arius Felis,Sea Catfish,1
Pontchartrain,2005-04-21,29.74167,-89.36667,Gillnet,Arius Felis,Sea Catfish,1
Pontchartrain,2005-05-10,29.74167,-89.36667,Gillnet,Arius Felis,Sea Catfish,1
Pontchartrain,2005-05-26,29.74167,-89.36667,Gillnet,Arius Felis,Sea Catfish,3
Pontchartrain,2005-06-08,29.74167,-89.36667,Gillnet,Arius Felis,Sea Catfish,2
Pontchartrain,2005-06-08,29.74167,-89.36667,Gillnet,Brevoortia Patronus,Gulf Menhaden,1
Pontchartrain,2005-06-08,29.74167,-89.36667,Gillnet,Elops Saurus,Ladyfish,1
Pontchartrain,2005-06-08,29.74167,-89.36667,Gillnet,Scomberomorus Maculatus,Spanish Mackerel,1
Pontchartrain,2005-06-28,29.74167,-89.36667,Gillnet,Arius Felis,Sea Catfish,10
Pontchartrain,2005-06-28,29.74167,-89.36667,Gillnet,Menticirrhus Americanus,Southern Kingfish,1
Pontchartrain,2005-08-09,29.74167,-89.36667,Gillnet,Arius Felis,Sea Catfish,1
Pontchartrain,2005-11-09,29.74167,-89.36667,Gillnet,Arius Felis,Sea Catfish,1
Pontchartrain,2006-03-13,29.74167,-89.36667,Gillnet,Arius Felis,Sea Catfish,4
Pontchartrain,2006-04-13,29.74167,-89.36667,Gillnet,Arius Felis,Sea Catfish,2
Pontchartrain,2006-04-13,29.74167,-89.36667,Gillnet,Callinectes Sapidus,Blue Crab,1
Pontchartrain,2006-04-13,29.74167,-89.36667,Gillnet,Cynoscion Nebulosus,Spotted Seatrout,1
Pontchartrain,2006-04-13,29.74167,-89.36667,Gillnet,Micropogonias Undulatus,Atlantic Croaker,1
Pontchartrain,2006-04-20,29.74167,-89.36667,Gillnet,Arius Felis,Sea Catfish,1
Pontchartrain,2006-04-20,29.74167,-89.36667,Gillnet,Callinectes Sapidus,Blue Crab,1
Pontchartrain,2006-04-20,29.74167,-89.36667,Gillnet,Scomberomorus Maculatus,Spanish Mackerel,1
Pontchartrain,2006-05-18,29.74167,-89.36667,Gillnet,Arius Felis,Sea Catfish,4
Pontchartrain,2006-06-26,29.74167,-89.36667,Gillnet,Rhizoprionodon Terraenovae,Atlantic Sharpnose Shark,1
Pontchartrain,2006-07-12,29.74167,-89.36667,Gillnet,Arius Felis,Sea Catfish,2
Pontchartrain,2006-07-12,29.74167,-89.36667,Gillnet,Scomberomorus Maculatus,Spanish Mackerel,1
Pontchartrain,2006-07-24,29.74167,-89.36667,Gillnet,Bagre Marinus,Gafftopsail Catfish,9
Pontchartrain,2006-09-13,29.74167,-89.36667,Gillnet,Arius Felis,Sea Catfish,1
Pontchartrain,2006-09-21,29.74167,-89.36667,Gillnet,Arius Felis,Sea Catfish,3
Pontchartrain,2006-10-04,29.74167,-89.36667,Gillnet,Arius Felis,Sea Catfish,2
Pontchartrain,2006-11-01,29.74167,-89.36667,Gillnet,Arius Felis,Sea Catfish,1
Pontchartrain,2007-04-16,29.74167,-89.36667,Gillnet,Arius Felis,Sea Catfish,6
Pontchartrain,2007-05-22,29.74167,-89.36667,Gillnet,Arius Felis,Sea Catfish,3
Pontchartrain,2007-06-12,29.74167,-89.36667,Gillnet,Arius Felis,Sea Catfish,25
Pontchartrain,2007-06-12,29.74167,-89.36667,Gillnet,Peprilus Alepidotus,Harvestfish,2
Pontchartrain,2007-06-27,29.74167,-89.36667,Gillnet,Arius Felis,Sea Catfish,2
Pontchartrain,2007-08-06,29.74167,-89.36667,Gillnet,Arius Felis,Sea Catfish,1
Pontchartrain,2007-08-06,29.74167,-89.36667,Gillnet,Callinectes Sapidus,Blue Crab,1
Pontchartrain,2007-08-06,29.74167,-89.36667,Gillnet,Paralichthys Lethostigma,Southern Flounder,1
Pontchartrain,2007-08-23,29.74167,-89.36667,Gillnet,Bagre Marinus,Gafftopsail Catfish,1
Pontchartrain,2007-08-23,29.74167,-89.36667,Gillnet,Citharichthys Spilopterus,Bay Whiff,1
Pontchartrain,2007-08-23,29.74167,-89.36667,Gillnet,Cynoscion Nebulosus,Spotted Seatrout,16
Pontchartrain,2007-08-23,29.74167,-89.36667,Gillnet,Leiostomus Xanthurus,Spot,1
Pontchartrain,2007-08-23,29.74167,-89.36667,Gillnet,Menticirrhus Americanus,Southern Kingfish,9
Pontchartrain,2007-08-23,29.74167,-89.36667,Gillnet,Micropogonias Undulatus,Atlantic Croaker,36
Pontchartrain,2007-09-12,29.74167,-89.36667,Gillnet,Arius Felis,Sea Catfish,1
Pontchartrain,2007-09-26,29.74167,-89.36667,Gillnet,Arius Felis,Sea Catfish,1
Pontchartrain,2007-10-11,29.74167,-89.36667,Gillnet,Bagre Marinus,Gafftopsail Catfish,1
Pontchartrain,2008-03-11,29.74167,-89.36667,Gillnet,Arius Felis,Sea Catfish,8
Pontchartrain,2008-04-22,29.74167,-89.36667,Gillnet,Arius Felis,Sea Catfish,13
Pontchartrain,2008-04-22,29.74167,-89.36667,Gillnet,Scomberomorus Maculatus,Spanish Mackerel,4
Pontchartrain,2008-05-12,29.74167,-89.36667,Gillnet,Arius Felis,Sea Catfish,3
Pontchartrain,2008-05-19,29.74167,-89.36667,Gillnet,Brevoortia Patronus,Gulf Menhaden,1
Pontchartrain,2008-07-08,29.74167,-89.36667,Gillnet,Arius Felis,Sea Catfish,2
Pontchartrain,2008-08-14,29.74167,-89.36667,Gillnet,Arius Felis,Sea Catfish,2
Pontchartrain,2008-08-28,29.74167,-89.36667,Gillnet,Arius Felis,Sea Catfish,3
Pontchartrain,2008-08-28,29.74167,-89.36667,Gillnet,Peprilus Alepidotus,Harvestfish,1
Pontchartrain,2008-08-28,29.74167,-89.36667,Gillnet,Scomberomorus Maculatus,Spanish Mackerel,1
Pontchartrain,2008-09-09,29.74167,-89.36667,Gillnet,Arius Felis,Sea Catfish,3
Pontchartrain,2008-10-08,29.74167,-89.36667,Gillnet,Arius Felis,Sea Catfish,5
Pontchartrain,2008-11-06,29.74167,-89.36667,Gillnet,Arius Felis,Sea Catfish,1
Pontchartrain,2008-11-06,29.74167,-89.36667,Gillnet,Cynoscion Nebulosus,Spotted Seatrout,1
Pontchartrain,2009-01-05,29.74167,-89.36667,Gillnet,Sciaenops Ocellatus,Red Drum,4
Pontchartrain,2009-04-23,29.74167,-89.36667,Gillnet,Cynoscion Nebulosus,Spotted Seatrout,1
Pontchartrain,2009-05-05,29.74167,-89.36667,Gillnet,Arius Felis,Sea Catfish,4
Pontchartrain,2009-06-09,29.74167,-89.36667,Gillnet,Peprilus Alepidotus,Harvestfish,3
Pontchartrain,2009-06-25,29.74167,-89.36667,Gillnet,Arius Felis,Sea Catfish,5
Pontchartrain,2009-06-25,29.74167,-89.36667,Gillnet,Callinectes Sapidus,Blue Crab,1
Pontchartrain,2009-07-08,29.74167,-89.36667,Gillnet,Callinectes Sapidus,Blue Crab,1
Pontchartrain,2009-08-19,29.74167,-89.36667,Gillnet,Arius Felis,Sea Catfish,3
Pontchartrain,2009-09-02,29.74167,-89.36667,Gillnet,Arius Felis,Sea Catfish,3
Pontchartrain,2009-09-17,29.74167,-89.36667,Gillnet,Arius Felis,Sea Catfish,2
Pontchartrain,2009-09-17,29.74167,-89.36667,Gillnet,Brevoortia Patronus,Gulf Menhaden,1
Pontchartrain,2009-10-01,29.74167,-89.36667,Gillnet,Arius Felis,Sea Catfish,3
Pontchartrain,2010-04-20,29.74167,-89.36667,Gillnet,Arius Felis,Sea Catfish,2
Pontchartrain,2010-04-20,29.74167,-89.36667,Gillnet,Penaeus Setiferus,White Shrimp,4
Pontchartrain,2010-05-18,29.74167,-89.36667,Gillnet,Arius Felis,Sea Catfish,37
Pontchartrain,2010-05-18,29.74167,-89.36667,Gillnet,Bagre Marinus,Gafftopsail Catfish,9
Pontchartrain,2010-05-18,29.74167,-89.36667,Gillnet,Brevoortia Patronus,Gulf Menhaden,16
Pontchartrain,2010-05-18,29.74167,-89.36667,Gillnet,Cynoscion Nebulosus,Spotted Seatrout,1
Pontchartrain,2010-05-18,29.74167,-89.36667,Gillnet,Mugil Cephalus,Striped Mullet,1
Pontchartrain,2010-06-15,29.74167,-89.36667,Gillnet,Arius Felis,Sea Catfish,10
Pontchartrain,2010-07-27,29.74167,-89.36667,Gillnet,Arius Felis,Sea Catfish,2
Pontchartrain,2010-07-27,29.74167,-89.36667,Gillnet,Stellifer Lanceolatus,Star Drum,1
Pontchartrain,2010-08-10,29.74167,-89.36667,Gillnet,Callinectes Sapidus,Blue Crab,1
Pontchartrain,2010-08-10,29.74167,-89.36667,Gillnet,Carcharhinus Leucas,Bull Shark,1
Pontchartrain,2010-08-23,29.74167,-89.36667,Gillnet,Arius Felis,Sea Catfish,2
Pontchartrain,2010-09-13,29.74167,-89.36667,Gillnet,Cynoscion Nebulosus,Spotted Seatrout,1
Pontchartrain,2010-09-28,29.74167,-89.36667,Gillnet,Cynoscion Nebulosus,Spotted Seatrout,1
Pontchartrain,2010-10-07,29.74167,-89.36667,Gillnet,Arius Felis,Sea Catfish,1
Pontchartrain,2011-02-25,29.74167,-89.36667,Gillnet,Arius Felis,Sea Catfish,9
Pontchartrain,2011-02-25,29.74167,-89.36667,Gillnet,Pogonias Cromis,Black Drum,4
Pontchartrain,2011-04-29,29.74167,-89.36667,Gillnet,Arius Felis,Sea Catfish,1
Pontchartrain,2011-04-29,29.74167,-89.36667,Gillnet,Bagre Marinus,Gafftopsail Catfish,1
Pontchartrain,2011-04-29,29.74167,-89.36667,Gillnet,Brevoortia Patronus,Gulf Menhaden,1
Pontchartrain,2011-05-27,29.74167,-89.36667,Gillnet,Arius Felis,Sea Catfish,3
Pontchartrain,2011-06-30,29.74167,-89.36667,Gillnet,Arius Felis,Sea Catfish,1
Pontchartrain,2011-06-30,29.74167,-89.36667,Gillnet,Bagre Marinus,Gafftopsail Catfish,1
Pontchartrain,2011-07-27,29.74167,-89.36667,Gillnet,Arius Felis,Sea Catfish,2
Pontchartrain,2011-09-13,29.74167,-89.36667,Gillnet,Arius Felis,Sea Catfish,6
Pontchartrain,2011-09-13,29.74167,-89.36667,Gillnet,Elops Saurus,Ladyfish,1
Pontchartrain,2011-09-13,29.74167,-89.36667,Gillnet,Peprilus Alepidotus,Harvestfish,1
Pontchartrain,2011-09-27,29.74167,-89.36667,Gillnet,Arius Felis,Sea Catfish,2
Pontchartrain,2011-09-27,29.74167,-89.36667,Gillnet,Peprilus Triacanthus,Butterfish,1
Pontchartrain,2012-02-29,29.74167,-89.36667,Gillnet,Arius Felis,Sea Catfish,1
Pontchartrain,2012-02-29,29.74167,-89.36667,Gillnet,Pogonias Cromis,Black Drum,1
Pontchartrain,2012-03-14,29.74167,-89.36667,Gillnet,Arius Felis,Sea Catfish,2
Pontchartrain,2012-03-14,29.74167,-89.36667,Gillnet,Peprilus Alepidotus,Harvestfish,3
Pontchartrain,2012-04-27,29.74167,-89.36667,Gillnet,Arius Felis,Sea Catfish,1
Pontchartrain,2012-04-27,29.74167,-89.36667,Gillnet,Bagre Marinus,Gafftopsail Catfish,1
Pontchartrain,2012-04-27,29.74167,-89.36667,Gillnet,Peprilus Alepidotus,Harvestfish,1
Pontchartrain,2012-05-09,29.74167,-89.36667,Gillnet,Peprilus Alepidotus,Harvestfish,1
Pontchartrain,2012-05-24,29.74167,-89.36667,Gillnet,Arius Felis,Sea Catfish,3
Pontchartrain,2012-05-24,29.74167,-89.36667,Gillnet,Peprilus Alepidotus,Harvestfish,2
Pontchartrain,2012-06-15,29.74167,-89.36667,Gillnet,Arius Felis,Sea Catfish,2
Pontchartrain,2012-07-03,29.74167,-89.36667,Gillnet,Bagre Marinus,Gafftopsail Catfish,49
Pontchartrain,2012-07-03,29.74167,-89.36667,Gillnet,Carcharhinus Limbatus,Blacktip Shark,1
Pontchartrain,2012-07-03,29.74167,-89.36667,Gillnet,Peprilus Alepidotus,Harvestfish,3
Pontchartrain,2012-07-19,29.74167,-89.36667,Gillnet,Arius Felis,Sea Catfish,2
Pontchartrain,2012-08-02,29.74167,-89.36667,Gillnet,Peprilus Alepidotus,Harvestfish,1
Pontchartrain,2012-08-15,29.74167,-89.36667,Gillnet,Arius Felis,Sea Catfish,2
Pontchartrain,2012-08-15,29.74167,-89.36667,Gillnet,Scomberomorus Maculatus,Spanish Mackerel,1
Pontchartrain,2012-09-10,29.74167,-89.36667,Gillnet,Arius Felis,Sea Catfish,3
Pontchartrain,2012-09-10,29.74167,-89.36667,Gillnet,Cynoscion Nebulosus,Spotted Seatrout,1
Pontchartrain,2012-09-26,29.74167,-89.36667,Gillnet,Arius Felis,Sea Catfish,1
Pontchartrain,2012-09-26,29.74167,-89.36667,Gillnet,Scomberomorus Maculatus,Spanish Mackerel,4
Pontchartrain,2012-10-10,29.74167,-89.36667,Gillnet,Arius Felis,Sea Catfish,2
Pontchartrain,2012-11-28,29.74167,-89.36667,Gillnet,Bairdiella Chrysoura,Silver Perch,1
Pontchartrain,2012-11-28,29.74167,-89.36667,Gillnet,Sciaenops Ocellatus,Red Drum,1
Pontchartrain,2013-03-27,29.74167,-89.36667,Gillnet,Peprilus Alepidotus,Harvestfish,1
Pontchartrain,2014-07-01,29.74167,-89.36667,Gillnet,Arius Felis,Sea Catfish,1
Pontchartrain,2014-07-01,29.74167,-89.36667,Gillnet,Callinectes Sapidus,Blue Crab,1
Pontchartrain,2015-04-20,29.74167,-89.36667,Gillnet,Arius Felis,Sea Catfish,2
Pontchartrain,2015-06-02,29.74167,-89.36667,Gillnet,Arius Felis,Sea Catfish,3
Pontchartrain,2015-06-02,29.74167,-89.36667,Gillnet,Bagre Marinus,Gafftopsail Catfish,4
Pontchartrain,2015-06-02,29.74167,-89.36667,Gillnet,Pogonias Cromis,Black Drum,36
Pontchartrain,2015-10-12,29.74167,-89.36667,Gillnet,Arius Felis,Sea Catfish,2
Pontchartrain,2016-03-14,29.74167,-89.36667,Gillnet,Peprilus Alepidotus,Harvestfish,2
Pontchartrain,2017-07-06,29.74167,-89.36667,Gillnet,Rhinoptera Bonasus,Cownose Ray,1
Pontchartrain,2018-01-23,29.74167,-89.36667,Gillnet,Callinectes Sapidus,Blue Crab,1
Pontchartrain,2018-05-16,29.74167,-89.36667,Gillnet,Peprilus Alepidotus,Harvestfish,1
Pontchartrain,2018-05-16,29.74167,-89.36667,Gillnet,Scomberomorus Maculatus,Spanish Mackerel,1
Pontchartrain,1992-04-08,29.65389,-89.43611,Gillnet,Arius Felis,Sea Catfish,1
Pontchartrain,1992-04-22,29.65389,-89.43611,Gillnet,Arius Felis,Sea Catfish,1
Pontchartrain,1992-05-27,29.65389,-89.43611,Gillnet,Arius Felis,Sea Catfish,1
Pontchartrain,1992-05-27,29.65389,-89.43611,Gillnet,Peprilus Alepidotus,Harvestfish,2
Pontchartrain,1992-06-04,29.65389,-89.43611,Gillnet,Arius Felis,Sea Catfish,4
Pontchartrain,1992-06-04,29.65389,-89.43611,Gillnet,Mugil Cephalus,Striped Mullet,1
Pontchartrain,1992-06-16,29.65389,-89.43611,Gillnet,Dasyatis Sabina,Atlantic Stingray,1
Pontchartrain,1992-07-14,29.65389,-89.43611,Gillnet,Brevoortia Patronus,Gulf Menhaden,4
Pontchartrain,1992-08-06,29.65389,-89.43611,Gillnet,Scomberomorus Maculatus,Spanish Mackerel,1
Pontchartrain,1992-10-06,29.65389,-89.43611,Gillnet,Arius Felis,Sea Catfish,2
Pontchartrain,1992-10-06,29.65389,-89.43611,Gillnet,Mugil Cephalus,Striped Mullet,1
Pontchartrain,1993-05-13,29.65389,-89.43611,Gillnet,Arius Felis,Sea Catfish,1
Pontchartrain,1993-07-08,29.65389,-89.43611,Gillnet,Arius Felis,Sea Catfish,6
Pontchartrain,1993-07-08,29.65389,-89.43611,Gillnet,Cynoscion Nebulosus,Spotted Seatrout,4
Pontchartrain,1993-07-20,29.65389,-89.43611,Gillnet,Arius Felis,Sea Catfish,3
Pontchartrain,1993-07-20,29.65389,-89.43611,Gillnet,Cynoscion Nebulosus,Spotted Seatrout,1
Pontchartrain,1993-08-12,29.65389,-89.43611,Gillnet,Arius Felis,Sea Catfish,6
Pontchartrain,1993-08-24,29.65389,-89.43611,Gillnet,Cynoscion Nebulosus,Spotted Seatrout,9
Pontchartrain,1993-08-24,29.65389,-89.43611,Gillnet,Micropogonias Undulatus,Atlantic Croaker,1
Pontchartrain,1993-08-24,29.65389,-89.43611,Gillnet,Mugil Cephalus,Striped Mullet,4
Pontchartrain,1993-09-23,29.65389,-89.43611,Gillnet,Scomberomorus Maculatus,Spanish Mackerel,1
Pontchartrain,1994-03-17,29.65389,-89.43611,Gillnet,Arius Felis,Sea Catfish,2
Pontchartrain,1994-04-13,29.65389,-89.43611,Gillnet,Arius Felis,Sea Catfish,1
Pontchartrain,1994-04-13,29.65389,-89.43611,Gillnet,Brevoortia Patronus,Gulf Menhaden,1
Pontchartrain,1994-05-18,29.65389,-89.43611,Gillnet,Arius Felis,Sea Catfish,92
Pontchartrain,1994-05-18,29.65389,-89.43611,Gillnet,Brevoortia Patronus,Gulf Menhaden,1
Pontchartrain,1994-05-18,29.65389,-89.43611,Gillnet,Cynoscion Nebulosus,Spotted Seatrout,16
Pontchartrain,1994-06-08,29.65389,-89.43611,Gillnet,Arius Felis,Sea Catfish,4
Pontchartrain,1994-06-08,29.65389,-89.43611,Gillnet,Bagre Marinus,Gafftopsail Catfish,1
Pontchartrain,1994-07-29,29.65389,-89.43611,Gillnet,Arius Felis,Sea Catfish,5
Pontchartrain,1994-07-29,29.65389,-89.43611,Gillnet,Brevoortia Patronus,Gulf Menhaden,16
Pontchartrain,1995-04-26,29.65389,-89.43611,Gillnet,Arius Felis,Sea Catfish,1
Pontchartrain,1995-04-26,29.65389,-89.43611,Gillnet,Bagre Marinus,Gafftopsail Catfish,2
Pontchartrain,1995-06-06,29.65389,-89.43611,Gillnet,Arius Felis,Sea Catfish,4
Pontchartrain,1995-06-06,29.65389,-89.43611,Gillnet,Cynoscion Nebulosus,Spotted Seatrout,1
Pontchartrain,1995-06-21,29.65389,-89.43611,Gillnet,Arius Felis,Sea Catfish,5
Pontchartrain,1995-06-21,29.65389,-89.43611,Gillnet,Cynoscion Nebulosus,Spotted Seatrout,9
Pontchartrain,1995-06-21,29.65389,-89.43611,Gillnet,Dasyatis Sabina,Atlantic Stingray,1
Pontchartrain,1995-06-21,29.65389,-89.43611,Gillnet,Paralichthys Lethostigma,Southern Flounder,1
Pontchartrain,1995-07-13,29.65389,-89.43611,Gillnet,Scomberomorus Maculatus,Spanish Mackerel,1
Pontchartrain,1995-07-26,29.65389,-89.43611,Gillnet,Brevoortia Patronus,Gulf Menhaden,1
Pontchartrain,1995-09-07,29.65389,-89.43611,Gillnet,Arius Felis,Sea Catfish,2
Pontchartrain,1995-09-07,29.65389,-89.43611,Gillnet,Scomberomorus Maculatus,Spanish Mackerel,4
Pontchartrain,1995-09-19,29.65389,-89.43611,Gillnet,Arius Felis,Sea Catfish,1
Pontchartrain,1995-09-19,29.65389,-89.43611,Gillnet,Cynoscion Arenarius,Sand Seatrout,1
Pontchartrain,1996-03-29,29.65389,-89.43611,Gillnet,Arius Felis,Sea Catfish,2
Pontchartrain,1996-04-17,29.65389,-89.43611,Gillnet,Arius Felis,Sea Catfish,1
Pontchartrain,1996-05-01,29.65389,-89.43611,Gillnet,Arius Felis,Sea Catfish,3
Pontchartrain,1996-05-13,29.65389,-89.43611,Gillnet,Bagre Marinus,Gafftopsail Catfish,4
Pontchartrain,1996-05-13,29.65389,-89.43611,Gillnet,Brevoortia Patronus,Gulf Menhaden,100
Pontchartrain,1996-06-06,29.65389,-89.43611,Gillnet,Arius Felis,Sea Catfish,7
Pontchartrain,1996-06-18,29.65389,-89.43611,Gillnet,Arius Felis,Sea Catfish,1
Pontchartrain,1996-06-18,29.65389,-89.43611,Gillnet,Scomberomorus Maculatus,Spanish Mackerel,1
Pontchartrain,1996-07-17,29.65389,-89.43611,Gillnet,Arius Felis,Sea Catfish,1
Pontchartrain,1996-09-18,29.65389,-89.43611,Gillnet,Cynoscion Arenarius,Sand Seatrout,1
Pontchartrain,1996-09-18,29.65389,-89.43611,Gillnet,Cynoscion Nebulosus,Spotted Seatrout,1
Pontchartrain,1996-11-13,29.65389,-89.43611,Gillnet,Atractosteus Spatula,Alligator Gar,1
Pontchartrain,1997-05-07,29.65389,-89.43611,Gillnet,Arius Felis,Sea Catfish,3
Pontchartrain,1997-05-13,29.65389,-89.43611,Gillnet,Bagre Marinus,Gafftopsail Catfish,1
Pontchartrain,1997-05-13,29.65389,-89.43611,Gillnet,Brevoortia Patronus,Gulf Menhaden,4
Pontchartrain,1997-06-05,29.65389,-89.43611,Gillnet,Arius Felis,Sea Catfish,1
Pontchartrain,1997-06-05,29.65389,-89.43611,Gillnet,Brevoortia Patronus,Gulf Menhaden,1
Pontchartrain,1997-06-05,29.65389,-89.43611,Gillnet,Scomberomorus Maculatus,Spanish Mackerel,1
Pontchartrain,1997-06-12,29.65389,-89.43611,Gillnet,Arius Felis,Sea Catfish,1
Pontchartrain,1997-06-12,29.65389,-89.43611,Gillnet,Brevoortia Patronus,Gulf Menhaden,4
Pontchartrain,1997-06-12,29.65389,-89.43611,Gillnet,Dasyatis Sabina,Atlantic Stingray,1
Pontchartrain,1997-07-08,29.65389,-89.43611,Gillnet,Brevoortia Patronus,Gulf Menhaden,1
Pontchartrain,1997-07-15,29.65389,-89.43611,Gillnet,Arius Felis,Sea Catfish,4
Pontchartrain,1997-07-15,29.65389,-89.43611,Gillnet,Bagre Marinus,Gafftopsail Catfish,1
Pontchartrain,1997-08-20,29.65389,-89.43611,Gillnet,Callinectes Sapidus,Blue Crab,1
Pontchartrain,1998-05-11,29.65389,-89.43611,Gillnet,Brevoortia Patronus,Gulf Menhaden,1
Pontchartrain,1998-05-22,29.65389,-89.43611,Gillnet,Arius Felis,Sea Catfish,4
Pontchartrain,1999-04-08,29.65389,-89.43611,Gillnet,Arius Felis,Sea Catfish,1
Pontchartrain,1999-05-25,29.65389,-89.43611,Gillnet,Arius Felis,Sea Catfish,1
Pontchartrain,1999-07-14,29.65389,-89.43611,Gillnet,Bagre Marinus,Gafftopsail Catfish,1
Pontchartrain,1999-07-27,29.65389,-89.43611,Gillnet,Arius Felis,Sea Catfish,2
Pontchartrain,1999-08-12,29.65389,-89.43611,Gillnet,Arius Felis,Sea Catfish,1
Pontchartrain,1999-09-13,29.65389,-89.43611,Gillnet,Callinectes Sapidus,Blue Crab,1
Pontchartrain,1999-10-14,29.65389,-89.43611,Gillnet,Arius Felis,Sea Catfish,10
Pontchartrain,2000-02-28,29.65389,-89.43611,Gillnet,Arius Felis,Sea Catfish,3
Pontchartrain,2000-04-18,29.65389,-89.43611,Gillnet,Arius Felis,Sea Catfish,1
Pontchartrain,2000-04-18,29.65389,-89.43611,Gillnet,Bagre Marinus,Gafftopsail Catfish,1
Pontchartrain,2000-04-18,29.65389,-89.43611,Gillnet,Peprilus Alepidotus,Harvestfish,6
Pontchartrain,2000-05-08,29.65389,-89.43611,Gillnet,Arius Felis,Sea Catfish,1
Pontchartrain,2000-05-08,29.65389,-89.43611,Gillnet,Bagre Marinus,Gafftopsail Catfish,1
Pontchartrain,2000-05-16,29.65389,-89.43611,Gillnet,Arius Felis,Sea Catfish,4
Pontchartrain,2000-06-08,29.65389,-89.43611,Gillnet,Arius Felis,Sea Catfish,5
Pontchartrain,2000-06-28,29.65389,-89.43611,Gillnet,Arius Felis,Sea Catfish,3
Pontchartrain,2000-06-28,29.65389,-89.43611,Gillnet,Bagre Marinus,Gafftopsail Catfish,1
Pontchartrain,2000-07-10,29.65389,-89.43611,Gillnet,Arius Felis,Sea Catfish,14
Pontchartrain,2000-07-10,29.65389,-89.43611,Gillnet,Bairdiella Chrysoura,Silver Perch,1
Pontchartrain,2000-07-10,29.65389,-89.43611,Gillnet,Cynoscion Nebulosus,Spotted Seatrout,4
Pontchartrain,2000-07-10,29.65389,-89.43611,Gillnet,Cynoscion Nothus,Silver Seatrout,1
Pontchartrain,2000-07-10,29.65389,-89.43611,Gillnet,Menticirrhus Americanus,Southern Kingfish,1
Pontchartrain,2000-07-10,29.65389,-89.43611,Gillnet,Stellifer Lanceolatus,Star Drum,1
Pontchartrain,2000-07-24,29.65389,-89.43611,Gillnet,Arius Felis,Sea Catfish,1
Pontchartrain,2000-08-09,29.65389,-89.43611,Gillnet,Cynoscion Nebulosus,Spotted Seatrout,1
Pontchartrain,2000-08-09,29.65389,-89.43611,Gillnet,Elops Saurus,Ladyfish,1
Pontchartrain,2000-08-09,29.65389,-89.43611,Gillnet,Menippe Spp,Stone Crab Spp,1
Pontchartrain,2001-03-13,29.65389,-89.43611,Gillnet,Arius Felis,Sea Catfish,4
Pontchartrain,2001-04-26,29.65389,-89.43611,Gillnet,Arius Felis,Sea Catfish,1
Pontchartrain,2001-05-23,29.65389,-89.43611,Gillnet,Arius Felis,Sea Catfish,4
Pontchartrain,2001-06-12,29.65389,-89.43611,Gillnet,Arius Felis,Sea Catfish,4
Pontchartrain,2001-06-12,29.65389,-89.43611,Gillnet,Brevoortia Patronus,Gulf Menhaden,1
Pontchartrain,2001-07-09,29.65389,-89.43611,Gillnet,Arius Felis,Sea Catfish,4
Pontchartrain,2001-07-09,29.65389,-89.43611,Gillnet,Brevoortia Patronus,Gulf Menhaden,4
Pontchartrain,2001-07-18,29.65389,-89.43611,Gillnet,Arius Felis,Sea Catfish,4
Pontchartrain,2001-07-18,29.65389,-89.43611,Gillnet,Bagre Marinus,Gafftopsail Catfish,1
Pontchartrain,2001-07-18,29.65389,-89.43611,Gillnet,Scomberomorus Maculatus,Spanish Mackerel,1
Pontchartrain,2001-08-14,29.65389,-89.43611,Gillnet,Brevoortia Patronus,Gulf Menhaden,1
Pontchartrain,2001-09-05,29.65389,-89.43611,Gillnet,Archosargus Probatocephalus,Sheepshead,1
Pontchartrain,2001-09-05,29.65389,-89.43611,Gillnet,Arius Felis,Sea Catfish,1
Pontchartrain,2001-09-05,29.65389,-89.43611,Gillnet,Atractosteus Spatula,Alligator Gar,1
Pontchartrain,2001-09-05,29.65389,-89.43611,Gillnet,Elops Saurus,Ladyfish,2
Pontchartrain,2001-09-18,29.65389,-89.43611,Gillnet,Arius Felis,Sea Catfish,4
Pontchartrain,2001-09-18,29.65389,-89.43611,Gillnet,Bagre Marinus,Gafftopsail Catfish,1
Pontchartrain,2001-09-18,29.65389,-89.43611,Gillnet,Cynoscion Arenarius,Sand Seatrout,1
Pontchartrain,2001-11-06,29.65389,-89.43611,Gillnet,Arius Felis,Sea Catfish,6
Pontchartrain,2002-02-21,29.65389,-89.43611,Gillnet,Pogonias Cromis,Black Drum,1
Pontchartrain,2002-03-27,29.65389,-89.43611,Gillnet,Arius Felis,Sea Catfish,3
Pontchartrain,2002-03-27,29.65389,-89.43611,Gillnet,Peprilus Alepidotus,Harvestfish,2
Pontchartrain,2002-04-10,29.65389,-89.43611,Gillnet,Arius Felis,Sea Catfish,5
Pontchartrain,2002-04-10,29.65389,-89.43611,Gillnet,Stellifer Lanceolatus,Star Drum,1
Pontchartrain,2002-04-24,29.65389,-89.43611,Gillnet,Arius Felis,Sea Catfish,3
Pontchartrain,2002-05-13,29.65389,-89.43611,Gillnet,Arius Felis,Sea Catfish,4
Pontchartrain,2002-05-13,29.65389,-89.43611,Gillnet,Penaeus Setiferus,White Shrimp,1
Pontchartrain,2002-05-29,29.65389,-89.43611,Gillnet,Arius Felis,Sea Catfish,51
Pontchartrain,2002-05-29,29.65389,-89.43611,Gillnet,Cynoscion Nebulosus,Spotted Seatrout,1
Pontchartrain,2002-05-29,29.65389,-89.43611,Gillnet,Pogonias Cromis,Black Drum,1
Pontchartrain,2002-06-04,29.65389,-89.43611,Gillnet,Arius Felis,Sea Catfish,3
Pontchartrain,2002-06-04,29.65389,-89.43611,Gillnet,Bagre Marinus,Gafftopsail Catfish,1
Pontchartrain,2002-06-04,29.65389,-89.43611,Gillnet,Carcharhinus Leucas,Bull Shark,1
Pontchartrain,2002-06-04,29.65389,-89.43611,Gillnet,Menticirrhus Americanus,Southern Kingfish,1
Pontchartrain,2002-06-20,29.65389,-89.43611,Gillnet,Arius Felis,Sea Catfish,21
Pontchartrain,2002-06-20,29.65389,-89.43611,Gillnet,Bagre Marinus,Gafftopsail Catfish,1
Pontchartrain,2002-07-09,29.65389,-89.43611,Gillnet,Arius Felis,Sea Catfish,12
Pontchartrain,2002-07-09,29.65389,-89.43611,Gillnet,Bagre Marinus,Gafftopsail Catfish,1
Pontchartrain,2002-07-09,29.65389,-89.43611,Gillnet,Brevoortia Patronus,Gulf Menhaden,1
Pontchartrain,2002-08-08,29.65389,-89.43611,Gillnet,Arius Felis,Sea Catfish,1
Pontchartrain,2002-08-20,29.65389,-89.43611,Gillnet,Arius Felis,Sea Catfish,1
Pontchartrain,2002-08-20,29.65389,-89.43611,Gillnet,Scomberomorus Maculatus,Spanish Mackerel,4
Pontchartrain,2002-09-18,29.65389,-89.43611,Gillnet,Paralichthys Lethostigma,Southern Flounder,1
Pontchartrain,2002-10-16,29.65389,-89.43611,Gillnet,Arius Felis,Sea Catfish,1
Pontchartrain,2002-11-14,29.65389,-89.43611,Gillnet,Arius Felis,Sea Catfish,2
Pontchartrain,2003-03-18,29.65389,-89.43611,Gillnet,Arius Felis,Sea Catfish,1
Pontchartrain,2003-05-15,29.65389,-89.43611,Gillnet,Arius Felis,Sea Catfish,1
Pontchartrain,2003-06-10,29.65389,-89.43611,Gillnet,Arius Felis,Sea Catfish,6
Pontchartrain,2003-06-24,29.65389,-89.43611,Gillnet,Arius Felis,Sea Catfish,23
Pontchartrain,2003-06-24,29.65389,-89.43611,Gillnet,Sciaenops Ocellatus,Red Drum,1
Pontchartrain,2003-07-16,29.65389,-89.43611,Gillnet,Arius Felis,Sea Catfish,8
Pontchartrain,2003-07-16,29.65389,-89.43611,Gillnet,Sciaenops Ocellatus,Red Drum,36
Pontchartrain,2003-07-31,29.65389,-89.43611,Gillnet,Arius Felis,Sea Catfish,3
Pontchartrain,2003-08-04,29.65389,-89.43611,Gillnet,Arius Felis,Sea Catfish,23
Pontchartrain,2003-08-04,29.65389,-89.43611,Gillnet,Bagre Marinus,Gafftopsail Catfish,1
Pontchartrain,2003-08-04,29.65389,-89.43611,Gillnet,Brevoortia Patronus,Gulf Menhaden,9
Pontchartrain,2003-08-04,29.65389,-89.43611,Gillnet,Cynoscion Nebulosus,Spotted Seatrout,9
Pontchartrain,2003-08-04,29.65389,-89.43611,Gillnet,Elops Saurus,Ladyfish,2
Pontchartrain,2003-08-04,29.65389,-89.43611,Gillnet,Menticirrhus Americanus,Southern Kingfish,4
Pontchartrain,2003-08-04,29.65389,-89.43611,Gillnet,Scomberomorus Maculatus,Spanish Mackerel,1
Pontchartrain,2003-09-03,29.65389,-89.43611,Gillnet,Arius Felis,Sea Catfish,18
Pontchartrain,2003-09-03,29.65389,-89.43611,Gillnet,Caranx Hippos,Crevalle Jack,1
Pontchartrain,2003-10-14,29.65389,-89.43611,Gillnet,Arius Felis,Sea Catfish,19
Pontchartrain,2004-03-19,29.65389,-89.43611,Gillnet,Arius Felis,Sea Catfish,16
Pontchartrain,2004-03-19,29.65389,-89.43611,Gillnet,Pogonias Cromis,Black Drum,9
Pontchartrain,2004-04-06,29.65389,-89.43611,Gillnet,Arius Felis,Sea Catfish,1
Pontchartrain,2004-04-28,29.65389,-89.43611,Gillnet,Arius Felis,Sea Catfish,4
Pontchartrain,2004-05-27,29.65389,-89.43611,Gillnet,Arius Felis,Sea Catfish,1
Pontchartrain,2004-06-04,29.65389,-89.43611,Gillnet,Arius Felis,Sea Catfish,6
Pontchartrain,2004-06-04,29.65389,-89.43611,Gillnet,Sciaenops Ocellatus,Red Drum,1
Pontchartrain,2004-06-16,29.65389,-89.43611,Gillnet,Brevoortia Patronus,Gulf Menhaden,9
Pontchartrain,2004-07-07,29.65389,-89.43611,Gillnet,Arius Felis,Sea Catfish,1
Pontchartrain,2004-07-22,29.65389,-89.43611,Gillnet,Arius Felis,Sea Catfish,2
Pontchartrain,2004-07-22,29.65389,-89.43611,Gillnet,Cynoscion Arenarius,Sand Seatrout,1
Pontchartrain,2004-07-22,29.65389,-89.43611,Gillnet,Sciaenops Ocellatus,Red Drum,1
Pontchartrain,2004-08-04,29.65389,-89.43611,Gillnet,Arius Felis,Sea Catfish,2
Pontchartrain,2004-08-04,29.65389,-89.43611,Gillnet,Caranx Hippos,Crevalle Jack,1
Pontchartrain,2004-08-17,29.65389,-89.43611,Gillnet,Arius Felis,Sea Catfish,2
Pontchartrain,2004-08-17,29.65389,-89.43611,Gillnet,Rhinoptera Bonasus,Cownose Ray,1
Pontchartrain,2004-09-01,29.65389,-89.43611,Gillnet,Arius Felis,Sea Catfish,14
Pontchartrain,2004-09-01,29.65389,-89.43611,Gillnet,Brevoortia Patronus,Gulf Menhaden,1
Pontchartrain,2004-11-09,29.65389,-89.43611,Gillnet,Arius Felis,Sea Catfish,2
Pontchartrain,2005-02-18,29.65389,-89.43611,Gillnet,Arius Felis,Sea Catfish,1
Pontchartrain,2005-03-23,29.65389,-89.43611,Gillnet,Arius Felis,Sea Catfish,9
Pontchartrain,2005-03-23,29.65389,-89.43611,Gillnet,Pogonias Cromis,Black Drum,4
Pontchartrain,2005-04-04,29.65389,-89.43611,Gillnet,Arius Felis,Sea Catfish,4
Pontchartrain,2005-04-04,29.65389,-89.43611,Gillnet,Cynoscion Nebulosus,Spotted Seatrout,1
Pontchartrain,2005-04-04,29.65389,-89.43611,Gillnet,Pogonias Cromis,Black Drum,1
Pontchartrain,2005-04-21,29.65389,-89.43611,Gillnet,Arius Felis,Sea Catfish,8
Pontchartrain,2005-05-10,29.65389,-89.43611,Gillnet,Arius Felis,Sea Catfish,6
Pontchartrain,2005-05-10,29.65389,-89.43611,Gillnet,Bagre Marinus,Gafftopsail Catfish,1
Pontchartrain,2005-05-26,29.65389,-89.43611,Gillnet,Arius Felis,Sea Catfish,3
Pontchartrain,2005-06-08,29.65389,-89.43611,Gillnet,Arius Felis,Sea Catfish,4
Pontchartrain,2005-06-28,29.65389,-89.43611,Gillnet,Arius Felis,Sea Catfish,17
Pontchartrain,2005-07-12,29.65389,-89.43611,Gillnet,Arius Felis,Sea Catfish,13
Pontchartrain,2005-07-12,29.65389,-89.43611,Gillnet,Callinectes Sapidus,Blue Crab,1
Pontchartrain,2005-07-27,29.65389,-89.43611,Gillnet,Arius Felis,Sea Catfish,1
Pontchartrain,2005-07-27,29.65389,-89.43611,Gillnet,Callinectes Sapidus,Blue Crab,4
Pontchartrain,2005-07-27,29.65389,-89.43611,Gillnet,Cynoscion Nebulosus,Spotted Seatrout,4
Pontchartrain,2005-07-27,29.65389,-89.43611,Gillnet,Menticirrhus Americanus,Southern Kingfish,1
Pontchartrain,2005-08-22,29.65389,-89.43611,Gillnet,Arius Felis,Sea Catfish,1
Pontchartrain,2005-11-09,29.65389,-89.43611,Gillnet,Arius Felis,Sea Catfish,1
Pontchartrain,2005-11-09,29.65389,-89.43611,Gillnet,Callinectes Sapidus,Blue Crab,4
Pontchartrain,2006-01-12,29.65389,-89.43611,Gillnet,Arius Felis,Sea Catfish,1
Pontchartrain,2006-03-13,29.65389,-89.43611,Gillnet,Arius Felis,Sea Catfish,1
Pontchartrain,2006-03-13,29.65389,-89.43611,Gillnet,Callinectes Sapidus,Blue Crab,1
Pontchartrain,2006-03-13,29.65389,-89.43611,Gillnet,Menticirrhus Americanus,Southern Kingfish,1
Pontchartrain,2006-04-13,29.65389,-89.43611,Gillnet,Arius Felis,Sea Catfish,5
Pontchartrain,2006-04-13,29.65389,-89.43611,Gillnet,Callinectes Sapidus,Blue Crab,1
Pontchartrain,2006-04-20,29.65389,-89.43611,Gillnet,Bagre Marinus,Gafftopsail Catfish,1
Pontchartrain,2006-05-18,29.65389,-89.43611,Gillnet,Arius Felis,Sea Catfish,1
Pontchartrain,2006-05-31,29.65389,-89.43611,Gillnet,Arius Felis,Sea Catfish,3
Pontchartrain,2006-05-31,29.65389,-89.43611,Gillnet,Menticirrhus Americanus,Southern Kingfish,1
Pontchartrain,2006-05-31,29.65389,-89.43611,Gillnet,Paralichthys Lethostigma,Southern Flounder,1
Pontchartrain,2006-06-13,29.65389,-89.43611,Gillnet,Arius Felis,Sea Catfish,2
Pontchartrain,2006-06-13,29.65389,-89.43611,Gillnet,Cynoscion Nebulosus,Spotted Seatrout,1
Pontchartrain,2006-06-26,29.65389,-89.43611,Gillnet,Arius Felis,Sea Catfish,1
Pontchartrain,2006-06-26,29.65389,-89.43611,Gillnet,Callinectes Sapidus,Blue Crab,4
Pontchartrain,2006-07-12,29.65389,-89.43611,Gillnet,Arius Felis,Sea Catfish,1
Pontchartrain,2006-07-12,29.65389,-89.43611,Gillnet,Callinectes Sapidus,Blue Crab,1
Pontchartrain,2006-07-24,29.65389,-89.43611,Gillnet,Arius Felis,Sea Catfish,5
Pontchartrain,2006-08-09,29.65389,-89.43611,Gillnet,Arius Felis,Sea Catfish,1
Pontchartrain,2006-08-16,29.65389,-89.43611,Gillnet,Arius Felis,Sea Catfish,2
Pontchartrain,2006-11-01,29.65389,-89.43611,Gillnet,Arius Felis,Sea Catfish,10
Pontchartrain,2007-03-08,29.65389,-89.43611,Gillnet,Arius Felis,Sea Catfish,1
Pontchartrain,2007-03-08,29.65389,-89.43611,Gillnet,Pogonias Cromis,Black Drum,9
Pontchartrain,2007-04-03,29.65389,-89.43611,Gillnet,Arius Felis,Sea Catfish,14
Pontchartrain,2007-04-16,29.65389,-89.43611,Gillnet,Arius Felis,Sea Catfish,7
Pontchartrain,2007-04-16,29.65389,-89.43611,Gillnet,Callinectes Sapidus,Blue Crab,1
Pontchartrain,2007-04-16,29.65389,-89.43611,Gillnet,Rhinoptera Bonasus,Cownose Ray,1
Pontchartrain,2007-05-01,29.65389,-89.43611,Gillnet,Arius Felis,Sea Catfish,13
Pontchartrain,2007-06-27,29.65389,-89.43611,Gillnet,Arius Felis,Sea Catfish,8
Pontchartrain,2007-07-11,29.65389,-89.43611,Gillnet,Arius Felis,Sea Catfish,5
Pontchartrain,2007-07-24,29.65389,-89.43611,Gillnet,Callinectes Sapidus,Blue Crab,4
Pontchartrain,2007-07-24,29.65389,-89.43611,Gillnet,Menippe Adina,Gulf Stone Crab,1
Pontchartrain,2007-08-06,29.65389,-89.43611,Gillnet,Arius Felis,Sea Catfish,3
Pontchartrain,2007-08-06,29.65389,-89.43611,Gillnet,Carcharhinus Leucas,Bull Shark,1
Pontchartrain,2007-08-06,29.65389,-89.43611,Gillnet,Malaclemys Terrapin,Diamondback Terrapin,1
Pontchartrain,2007-09-26,29.65389,-89.43611,Gillnet,Arius Felis,Sea Catfish,1
Pontchartrain,2007-10-11,29.65389,-89.43611,Gillnet,Arius Felis,Sea Catfish,1
Pontchartrain,2008-03-11,29.65389,-89.43611,Gillnet,Arius Felis,Sea Catfish,6
Pontchartrain,2008-04-02,29.65389,-89.43611,Gillnet,Arius Felis,Sea Catfish,8
Pontchartrain,2008-04-02,29.65389,-89.43611,Gillnet,Callinectes Sapidus,Blue Crab,1
Pontchartrain,2008-04-02,29.65389,-89.43611,Gillnet,Pogonias Cromis,Black Drum,1
Pontchartrain,2008-04-22,29.65389,-89.43611,Gillnet,Arius Felis,Sea Catfish,45
Pontchartrain,2008-04-22,29.65389,-89.43611,Gillnet,Brevoortia Patronus,Gulf Menhaden,1
Pontchartrain,2008-04-22,29.65389,-89.43611,Gillnet,Caranx Hippos,Crevalle Jack,1
Pontchartrain,2008-05-12,29.65389,-89.43611,Gillnet,Arius Felis,Sea Catfish,1
Pontchartrain,2008-05-19,29.65389,-89.43611,Gillnet,Bagre Marinus,Gafftopsail Catfish,1
Pontchartrain,2008-06-09,29.65389,-89.43611,Gillnet,Arius Felis,Sea Catfish,16
Pontchartrain,2008-06-09,29.65389,-89.43611,Gillnet,Brevoortia Patronus,Gulf Menhaden,4
Pontchartrain,2008-06-24,29.65389,-89.43611,Gillnet,Arius Felis,Sea Catfish,1
Pontchartrain,2008-06-24,29.65389,-89.43611,Gillnet,Scomberomorus Maculatus,Spanish Mackerel,1
Pontchartrain,2008-07-08,29.65389,-89.43611,Gillnet,Arius Felis,Sea Catfish,2
Pontchartrain,2008-07-08,29.65389,-89.43611,Gillnet,Bagre Marinus,Gafftopsail Catfish,4
Pontchartrain,2008-07-08,29.65389,-89.43611,Gillnet,Callinectes Sapidus,Blue Crab,4
Pontchartrain,2008-07-08,29.65389,-89.43611,Gillnet,Carcharhinus Leucas,Bull Shark,1
Pontchartrain,2008-07-23,29.65389,-89.43611,Gillnet,Arius Felis,Sea Catfish,2
Pontchartrain,2008-07-23,29.65389,-89.43611,Gillnet,Bagre Marinus,Gafftopsail Catfish,9
Pontchartrain,2008-07-23,29.65389,-89.43611,Gillnet,Cynoscion Nebulosus,Spotted Seatrout,1
Pontchartrain,2008-08-14,29.65389,-89.43611,Gillnet,Brevoortia Patronus,Gulf Menhaden,9
Pontchartrain,2008-08-14,29.65389,-89.43611,Gillnet,Callinectes Sapidus,Blue Crab,4
Pontchartrain,2008-08-14,29.65389,-89.43611,Gillnet,Elops Saurus,Ladyfish,1
Pontchartrain,2008-09-09,29.65389,-89.43611,Gillnet,Callinectes Sapidus,Blue Crab,1
Pontchartrain,2008-09-22,29.65389,-89.43611,Gillnet,Arius Felis,Sea Catfish,2
Pontchartrain,2008-10-08,29.65389,-89.43611,Gillnet,Arius Felis,Sea Catfish,2
Pontchartrain,2008-10-08,29.65389,-89.43611,Gillnet,Brevoortia Patronus,Gulf Menhaden,1
Pontchartrain,2008-11-06,29.65389,-89.43611,Gillnet,Arius Felis,Sea Catfish,1
Pontchartrain,2008-11-06,29.65389,-89.43611,Gillnet,Menticirrhus Americanus,Southern Kingfish,1
Pontchartrain,2009-01-05,29.65389,-89.43611,Gillnet,Arius Felis,Sea Catfish,2
Pontchartrain,2009-01-05,29.65389,-89.43611,Gillnet,Pogonias Cromis,Black Drum,9
Pontchartrain,2009-02-03,29.65389,-89.43611,Gillnet,Arius Felis,Sea Catfish,1
Pontchartrain,2009-03-10,29.65389,-89.43611,Gillnet,Arius Felis,Sea Catfish,1
Pontchartrain,2009-04-14,29.65389,-89.43611,Gillnet,Arius Felis,Sea Catfish,8
Pontchartrain,2009-04-23,29.65389,-89.43611,Gillnet,Arius Felis,Sea Catfish,5
Pontchartrain,2009-04-23,29.65389,-89.43611,Gillnet,Bagre Marinus,Gafftopsail Catfish,1
Pontchartrain,2009-05-05,29.65389,-89.43611,Gillnet,Arius Felis,Sea Catfish,13
Pontchartrain,2009-05-05,29.65389,-89.43611,Gillnet,Bagre Marinus,Gafftopsail Catfish,9
Pontchartrain,2009-05-05,29.65389,-89.43611,Gillnet,Brevoortia Patronus,Gulf Menhaden,4
Pontchartrain,2009-05-11,29.65389,-89.43611,Gillnet,Arius Felis,Sea Catfish,31
Pontchartrain,2009-06-08,29.65389,-89.43611,Gillnet,Arius Felis,Sea Catfish,36
Pontchartrain,2009-06-08,29.65389,-89.43611,Gillnet,Atractosteus Spatula,Alligator Gar,1
Pontchartrain,2009-06-08,29.65389,-89.43611,Gillnet,Brevoortia Patronus,Gulf Menhaden,841
Pontchartrain,2009-06-08,29.65389,-89.43611,Gillnet,Caranx Hippos,Crevalle Jack,9
Pontchartrain,2009-06-08,29.65389,-89.43611,Gillnet,Carcharhinus Leucas,Bull Shark,1
Pontchartrain,2009-06-08,29.65389,-89.43611,Gillnet,Scomberomorus Maculatus,Spanish Mackerel,1
Pontchartrain,2009-06-25,29.65389,-89.43611,Gillnet,Arius Felis,Sea Catfish,10
Pontchartrain,2009-06-25,29.65389,-89.43611,Gillnet,Callinectes Sapidus,Blue Crab,1
Pontchartrain,2009-06-25,29.65389,-89.43611,Gillnet,Pomatomus Saltatrix,Bluefish,1
Pontchartrain,2009-07-08,29.65389,-89.43611,Gillnet,Callinectes Sapidus,Blue Crab,36
Pontchartrain,2009-07-08,29.65389,-89.43611,Gillnet,Carcharhinus Limbatus,Blacktip Shark,9
Pontchartrain,2009-07-22,29.65389,-89.43611,Gillnet,Atractosteus Spatula,Alligator Gar,1
Pontchartrain,2009-07-22,29.65389,-89.43611,Gillnet,Elops Saurus,Ladyfish,1
Pontchartrain,2009-08-10,29.65389,-89.43611,Gillnet,Arius Felis,Sea Catfish,2
Pontchartrain,2009-08-10,29.65389,-89.43611,Gillnet,Brevoortia Patronus,Gulf Menhaden,576
Pontchartrain,2009-08-10,29.65389,-89.43611,Gillnet,Carcharhinus Leucas,Bull Shark,1
Pontchartrain,2009-08-10,29.65389,-89.43611,Gillnet,Rhizoprionodon Terraenovae,Atlantic Sharpnose Shark,1
Pontchartrain,2009-08-19,29.65389,-89.43611,Gillnet,Arius Felis,Sea Catfish,2
Pontchartrain,2009-09-17,29.65389,-89.43611,Gillnet,Arius Felis,Sea Catfish,1
Pontchartrain,2009-09-17,29.65389,-89.43611,Gillnet,Caranx Hippos,Crevalle Jack,1
Pontchartrain,2009-09-17,29.65389,-89.43611,Gillnet,Carcharhinus Leucas,Bull Shark,1
Pontchartrain,2009-10-01,29.65389,-89.43611,Gillnet,Arius Felis,Sea Catfish,1
Pontchartrain,2009-10-01,29.65389,-89.43611,Gillnet,Peprilus Alepidotus,Harvestfish,1
Pontchartrain,2009-11-02,29.65389,-89.43611,Gillnet,Brevoortia Patronus,Gulf Menhaden,4
Pontchartrain,2009-11-02,29.65389,-89.43611,Gillnet,Leiostomus Xanthurus,Spot,4
Pontchartrain,2009-11-02,29.65389,-89.43611,Gillnet,Penaeus Setiferus,White Shrimp,4
Pontchartrain,2010-04-05,29.65389,-89.43611,Gillnet,Arius Felis,Sea Catfish,7
Pontchartrain,2010-04-20,29.65389,-89.43611,Gillnet,Arius Felis,Sea Catfish,3
Pontchartrain,2010-04-20,29.65389,-89.43611,Gillnet,Menticirrhus Americanus,Southern Kingfish,1
Pontchartrain,2010-04-20,29.65389,-89.43611,Gillnet,Pogonias Cromis,Black Drum,4
Pontchartrain,2010-05-06,29.65389,-89.43611,Gillnet,Bagre Marinus,Gafftopsail Catfish,1
Pontchartrain,2010-05-06,29.65389,-89.43611,Gillnet,Peprilus Alepidotus,Harvestfish,1
Pontchartrain,2010-05-24,29.65389,-89.43611,Gillnet,Arius Felis,Sea Catfish,17
Pontchartrain,2010-05-24,29.65389,-89.43611,Gillnet,Bagre Marinus,Gafftopsail Catfish,1
Pontchartrain,2010-05-24,29.65389,-89.43611,Gillnet,Brevoortia Patronus,Gulf Menhaden,1
Pontchartrain,2010-05-24,29.65389,-89.43611,Gillnet,Cynoscion Nebulosus,Spotted Seatrout,1
Pontchartrain,2010-06-01,29.65389,-89.43611,Gillnet,Arius Felis,Sea Catfish,12
Pontchartrain,2010-06-15,29.65389,-89.43611,Gillnet,Arius Felis,Sea Catfish,2
Pontchartrain,2010-06-15,29.65389,-89.43611,Gillnet,Callinectes Sapidus,Blue Crab,1
Pontchartrain,2010-08-10,29.65389,-89.43611,Gillnet,Scomberomorus Maculatus,Spanish Mackerel,1
Pontchartrain,2010-08-23,29.65389,-89.43611,Gillnet,Arius Felis,Sea Catfish,3
Pontchartrain,2010-09-14,29.65389,-89.43611,Gillnet,Arius Felis,Sea Catfish,1
Pontchartrain,2010-09-14,29.65389,-89.43611,Gillnet,Bagre Marinus,Gafftopsail Catfish,1
Pontchartrain,2010-09-14,29.65389,-89.43611,Gillnet,Callinectes Sapidus,Blue Crab,1
Pontchartrain,2010-09-14,29.65389,-89.43611,Gillnet,Carcharhinus Leucas,Bull Shark,1
Pontchartrain,2010-09-28,29.65389,-89.43611,Gillnet,Arius Felis,Sea Catfish,1
Pontchartrain,2010-09-28,29.65389,-89.43611,Gillnet,Scomberomorus Maculatus,Spanish Mackerel,1
Pontchartrain,2010-11-23,29.65389,-89.43611,Gillnet,Arius Felis,Sea Catfish,3
Pontchartrain,2011-03-18,29.65389,-89.43611,Gillnet,Arius Felis,Sea Catfish,4
Pontchartrain,2011-03-18,29.65389,-89.43611,Gillnet,Pogonias Cromis,Black Drum,1
Pontchartrain,2011-04-29,29.65389,-89.43611,Gillnet,Brevoortia Patronus,Gulf Menhaden,1
Pontchartrain,2011-06-14,29.65389,-89.43611,Gillnet,Arius Felis,Sea Catfish,2
Pontchartrain,2011-06-30,29.65389,-89.43611,Gillnet,Arius Felis,Sea Catfish,10
Pontchartrain,2011-06-30,29.65389,-89.43611,Gillnet,Bagre Marinus,Gafftopsail Catfish,16
Pontchartrain,2011-07-13,29.65389,-89.43611,Gillnet,Callinectes Sapidus,Blue Crab,64
Pontchartrain,2011-07-27,29.65389,-89.43611,Gillnet,Arius Felis,Sea Catfish,4
Pontchartrain,2011-07-27,29.65389,-89.43611,Gillnet,Bagre Marinus,Gafftopsail Catfish,4
Pontchartrain,2011-07-27,29.65389,-89.43611,Gillnet,Callinectes Sapidus,Blue Crab,4
Pontchartrain,2011-07-27,29.65389,-89.43611,Gillnet,Scomberomorus Maculatus,Spanish Mackerel,1
Pontchartrain,2011-08-18,29.65389,-89.43611,Gillnet,Elops Saurus,Ladyfish,1
Pontchartrain,2011-09-13,29.65389,-89.43611,Gillnet,Arius Felis,Sea Catfish,2
Pontchartrain,2012-01-27,29.65389,-89.43611,Gillnet,Arius Felis,Sea Catfish,1
Pontchartrain,2012-03-12,29.65389,-89.43611,Gillnet,Arius Felis,Sea Catfish,5
Pontchartrain,2012-05-03,29.65389,-89.43611,Gillnet,Arius Felis,Sea Catfish,2
Pontchartrain,2012-05-03,29.65389,-89.43611,Gillnet,Bagre Marinus,Gafftopsail Catfish,1
Pontchartrain,2012-05-15,29.65389,-89.43611,Gillnet,Arius Felis,Sea Catfish,4
Pontchartrain,2012-05-15,29.65389,-89.43611,Gillnet,Peprilus Alepidotus,Harvestfish,1
Pontchartrain,2012-07-18,29.65389,-89.43611,Gillnet,Arius Felis,Sea Catfish,1
Pontchartrain,2012-08-01,29.65389,-89.43611,Gillnet,Callinectes Sapidus,Blue Crab,1
Pontchartrain,2012-08-14,29.65389,-89.43611,Gillnet,Brevoortia Patronus,Gulf Menhaden,1
Pontchartrain,2012-09-11,29.65389,-89.43611,Gillnet,Arius Felis,Sea Catfish,1
Pontchartrain,2012-09-19,29.65389,-89.43611,Gillnet,Bagre Marinus,Gafftopsail Catfish,1
Pontchartrain,2012-09-19,29.65389,-89.43611,Gillnet,Sciaenops Ocellatus,Red Drum,1
Pontchartrain,2012-10-11,29.65389,-89.43611,Gillnet,Arius Felis,Sea Catfish,1
Pontchartrain,2012-11-07,29.65389,-89.43611,Gillnet,Arius Felis,Sea Catfish,2
Pontchartrain,2012-12-06,29.65389,-89.43611,Gillnet,Arius Felis,Sea Catfish,1
Pontchartrain,2013-02-27,29.65389,-89.43611,Gillnet,Cynoscion Arenarius,Sand Seatrout,1
Pontchartrain,2013-04-17,29.65389,-89.43611,Gillnet,Arius Felis,Sea Catfish,1
Pontchartrain,2013-05-16,29.65389,-89.43611,Gillnet,Bagre Marinus,Gafftopsail Catfish,4
Pontchartrain,2013-06-12,29.65389,-89.43611,Gillnet,Callinectes Sapidus,Blue Crab,1
Pontchartrain,2013-06-12,29.65389,-89.43611,Gillnet,Carcharhinus Leucas,Bull Shark,1
Pontchartrain,2013-06-12,29.65389,-89.43611,Gillnet,Pogonias Cromis,Black Drum,1
Pontchartrain,2013-07-10,29.65389,-89.43611,Gillnet,Malaclemys Terrapin,Diamondback Terrapin,4
Pontchartrain,2013-08-22,29.65389,-89.43611,Gillnet,Penaeus Setiferus,White Shrimp,1
Pontchartrain,2014-04-09,29.65389,-89.43611,Gillnet,Arius Felis,Sea Catfish,2
Pontchartrain,2014-04-09,29.65389,-89.43611,Gillnet,Pogonias Cromis,Black Drum,1
Pontchartrain,2014-04-09,29.65389,-89.43611,Gillnet,Sciaenops Ocellatus,Red Drum,1
Pontchartrain,2014-04-22,29.65389,-89.43611,Gillnet,Arius Felis,Sea Catfish,1
Pontchartrain,2015-08-06,29.65389,-89.43611,Gillnet,Callinectes Sapidus,Blue Crab,1
Pontchartrain,2017-03-21,29.65389,-89.43611,Gillnet,Arius Felis,Sea Catfish,3
Pontchartrain,2017-05-10,29.65389,-89.43611,Gillnet,Arius Felis,Sea Catfish,3
Pontchartrain,2017-06-07,29.65389,-89.43611,Gillnet,Arius Felis,Sea Catfish,5
Pontchartrain,2018-04-12,29.65389,-89.43611,Gillnet,Arius Felis,Sea Catfish,1
Pontchartrain,2018-11-05,29.65389,-89.43611,Gillnet,Arius Felis,Sea Catfish,1
Pontchartrain,2018-11-05,29.65389,-89.43611,Gillnet,Callinectes Sapidus,Blue Crab,1
Pontchartrain,2019-02-22,29.65389,-89.43611,Gillnet,Arius Felis,Sea Catfish,12
Pontchartrain,2019-04-15,29.65389,-89.43611,Gillnet,Arius Felis,Sea Catfish,1
Pontchartrain,1992-02-10,29.76,-89.64694,Gillnet,Archosargus Probatocephalus,Sheepshead,1
Pontchartrain,1992-02-24,29.76,-89.64694,Gillnet,Archosargus Probatocephalus,Sheepshead,1
Pontchartrain,1992-04-21,29.76,-89.64694,Gillnet,Pogonias Cromis,Black Drum,25
Pontchartrain,1992-04-21,29.76,-89.64694,Gillnet,Sciaenops Ocellatus,Red Drum,1
Pontchartrain,1992-07-15,29.76,-89.64694,Gillnet,Pogonias Cromis,Black Drum,9
Pontchartrain,1992-07-15,29.76,-89.64694,Gillnet,Sciaenops Ocellatus,Red Drum,1
Pontchartrain,1992-07-28,29.76,-89.64694,Gillnet,Pogonias Cromis,Black Drum,9
Pontchartrain,1992-08-05,29.76,-89.64694,Gillnet,Arius Felis,Sea Catfish,1
Pontchartrain,1992-08-05,29.76,-89.64694,Gillnet,Pogonias Cromis,Black Drum,16
Pontchartrain,1992-08-05,29.76,-89.64694,Gillnet,Sciaenops Ocellatus,Red Drum,4
Pontchartrain,1992-09-22,29.76,-89.64694,Gillnet,Pogonias Cromis,Black Drum,1
Pontchartrain,1992-10-05,29.76,-89.64694,Gillnet,Pogonias Cromis,Black Drum,1
Pontchartrain,1992-10-05,29.76,-89.64694,Gillnet,Sciaenops Ocellatus,Red Drum,4
Pontchartrain,1992-10-15,29.76,-89.64694,Gillnet,Arius Felis,Sea Catfish,1
Pontchartrain,1992-11-16,29.76,-89.64694,Gillnet,Sciaenops Ocellatus,Red Drum,1
Pontchartrain,1993-01-21,29.76,-89.64694,Gillnet,Archosargus Probatocephalus,Sheepshead,1
Pontchartrain,1993-04-01,29.76,-89.64694,Gillnet,Arius Felis,Sea Catfish,1
Pontchartrain,1993-06-02,29.76,-89.64694,Gillnet,Arius Felis,Sea Catfish,1
Pontchartrain,1993-06-21,29.76,-89.64694,Gillnet,Arius Felis,Sea Catfish,3
Pontchartrain,1993-06-21,29.76,-89.64694,Gillnet,Sciaenops Ocellatus,Red Drum,4
Pontchartrain,1993-07-01,29.76,-89.64694,Gillnet,Arius Felis,Sea Catfish,1
Pontchartrain,1993-07-01,29.76,-89.64694,Gillnet,Dorosoma Cepedianum,Gizzard Shad,1
Pontchartrain,1993-07-01,29.76,-89.64694,Gillnet,Paralichthys Lethostigma,Southern Flounder,1
Pontchartrain,1993-07-01,29.76,-89.64694,Gillnet,Sciaenops Ocellatus,Red Drum,4
Pontchartrain,1993-07-13,29.76,-89.64694,Gillnet,Pogonias Cromis,Black Drum,4
Pontchartrain,1993-08-25,29.76,-89.64694,Gillnet,Sciaenops Ocellatus,Red Drum,4
Pontchartrain,1993-10-06,29.76,-89.64694,Gillnet,Pogonias Cromis,Black Drum,1
Pontchartrain,1993-10-06,29.76,-89.64694,Gillnet,Sciaenops Ocellatus,Red Drum,1
Pontchartrain,1994-01-20,29.76,-89.64694,Gillnet,Archosargus Probatocephalus,Sheepshead,1
Pontchartrain,1994-01-20,29.76,-89.64694,Gillnet,Cynoscion Nebulosus,Spotted Seatrout,9
Pontchartrain,1994-05-05,29.76,-89.64694,Gillnet,Sciaenops Ocellatus,Red Drum,1
Pontchartrain,1994-06-06,29.76,-89.64694,Gillnet,Pogonias Cromis,Black Drum,1
Pontchartrain,1994-06-06,29.76,-89.64694,Gillnet,Sciaenops Ocellatus,Red Drum,9
Pontchartrain,1994-11-09,29.76,-89.64694,Gillnet,Archosargus Probatocephalus,Sheepshead,1
Pontchartrain,1995-01-24,29.76,-89.64694,Gillnet,Archosargus Probatocephalus,Sheepshead,1
Pontchartrain,1995-01-24,29.76,-89.64694,Gillnet,Cynoscion Nebulosus,Spotted Seatrout,1
Pontchartrain,1995-02-20,29.76,-89.64694,Gillnet,Archosargus Probatocephalus,Sheepshead,4
Pontchartrain,1995-02-20,29.76,-89.64694,Gillnet,Dorosoma Cepedianum,Gizzard Shad,1
Pontchartrain,1995-02-20,29.76,-89.64694,Gillnet,Pogonias Cromis,Black Drum,16
Pontchartrain,1995-04-12,29.76,-89.64694,Gillnet,Arius Felis,Sea Catfish,2
Pontchartrain,1995-04-24,29.76,-89.64694,Gillnet,Arius Felis,Sea Catfish,1
Pontchartrain,1995-04-24,29.76,-89.64694,Gillnet,Dorosoma Cepedianum,Gizzard Shad,1
Pontchartrain,1995-04-24,29.76,-89.64694,Gillnet,Pogonias Cromis,Black Drum,1
Pontchartrain,1995-05-02,29.76,-89.64694,Gillnet,Pogonias Cromis,Black Drum,1
Pontchartrain,1995-06-19,29.76,-89.64694,Gillnet,Sciaenops Ocellatus,Red Drum,1
Pontchartrain,1995-07-25,29.76,-89.64694,Gillnet,Pogonias Cromis,Black Drum,1
Pontchartrain,1995-09-06,29.76,-89.64694,Gillnet,Sciaenops Ocellatus,Red Drum,1
Pontchartrain,1995-09-18,29.76,-89.64694,Gillnet,Scomberomorus Maculatus,Spanish Mackerel,1
Pontchartrain,1995-11-06,29.76,-89.64694,Gillnet,Cynoscion Nebulosus,Spotted Seatrout,4
Pontchartrain,1995-11-06,29.76,-89.64694,Gillnet,Sciaenops Ocellatus,Red Drum,1
Pontchartrain,1996-02-08,29.76,-89.64694,Gillnet,Dorosoma Cepedianum,Gizzard Shad,1
Pontchartrain,1996-02-08,29.76,-89.64694,Gillnet,Micropterus Salmoides,Largemouth Bass,1
Pontchartrain,1996-03-12,29.76,-89.64694,Gillnet,Archosargus Probatocephalus,Sheepshead,16
Pontchartrain,1996-06-04,29.76,-89.64694,Gillnet,Arius Felis,Sea Catfish,1
Pontchartrain,1996-06-04,29.76,-89.64694,Gillnet,Pogonias Cromis,Black Drum,4
Pontchartrain,1996-06-19,29.76,-89.64694,Gillnet,Arius Felis,Sea Catfish,1
Pontchartrain,1996-07-24,29.76,-89.64694,Gillnet,Pogonias Cromis,Black Drum,1
Pontchartrain,1996-09-10,29.76,-89.64694,Gillnet,Cynoscion Nebulosus,Spotted Seatrout,1
Pontchartrain,1997-04-02,29.76,-89.64694,Gillnet,Cynoscion Nebulosus,Spotted Seatrout,4
Pontchartrain,1997-04-14,29.76,-89.64694,Gillnet,Cynoscion Nebulosus,Spotted Seatrout,1
Pontchartrain,1997-06-04,29.76,-89.64694,Gillnet,Malaclemys Terrapin,Diamondback Terrapin,1
Pontchartrain,1997-06-04,29.76,-89.64694,Gillnet,Sciaenops Ocellatus,Red Drum,1
Pontchartrain,1997-06-11,29.76,-89.64694,Gillnet,Dorosoma Cepedianum,Gizzard Shad,1
Pontchartrain,1997-06-11,29.76,-89.64694,Gillnet,Sciaenops Ocellatus,Red Drum,1
Pontchartrain,1997-07-02,29.76,-89.64694,Gillnet,Lepisosteus Oculatus,Spotted Gar,1
Pontchartrain,1997-07-09,29.76,-89.64694,Gillnet,Dasyatis Sabina,Atlantic Stingray,1
Pontchartrain,1997-08-07,29.76,-89.64694,Gillnet,Dasyatis Sabina,Atlantic Stingray,1
Pontchartrain,1997-08-13,29.76,-89.64694,Gillnet,Callinectes Sapidus,Blue Crab,1
Pontchartrain,1997-08-13,29.76,-89.64694,Gillnet,Pogonias Cromis,Black Drum,1
Pontchartrain,1997-09-11,29.76,-89.64694,Gillnet,Pogonias Cromis,Black Drum,1
Pontchartrain,1997-10-02,29.76,-89.64694,Gillnet,Callinectes Sapidus,Blue Crab,1
Pontchartrain,1998-01-16,29.76,-89.64694,Gillnet,Cynoscion Nebulosus,Spotted Seatrout,1
Pontchartrain,1998-04-08,29.76,-89.64694,Gillnet,Sciaenops Ocellatus,Red Drum,1
Pontchartrain,1998-05-06,29.76,-89.64694,Gillnet,Pogonias Cromis,Black Drum,1
Pontchartrain,1998-05-06,29.76,-89.64694,Gillnet,Sciaenops Ocellatus,Red Drum,1
Pontchartrain,1998-05-19,29.76,-89.64694,Gillnet,Dorosoma Cepedianum,Gizzard Shad,2
Pontchartrain,1998-05-19,29.76,-89.64694,Gillnet,Sciaenops Ocellatus,Red Drum,9
Pontchartrain,1998-08-03,29.76,-89.64694,Gillnet,Bagre Marinus,Gafftopsail Catfish,1
Pontchartrain,1998-08-18,29.76,-89.64694,Gillnet,Archosargus Probatocephalus,Sheepshead,1
Pontchartrain,1998-08-18,29.76,-89.64694,Gillnet,Bagre Marinus,Gafftopsail Catfish,1
Pontchartrain,1999-04-07,29.76,-89.64694,Gillnet,Callinectes Sapidus,Blue Crab,1
Pontchartrain,1999-05-25,29.76,-89.64694,Gillnet,Arius Felis,Sea Catfish,3
Pontchartrain,1999-06-22,29.76,-89.64694,Gillnet,Arius Felis,Sea Catfish,1
Pontchartrain,1999-06-22,29.76,-89.64694,Gillnet,Sciaenops Ocellatus,Red Drum,1
Pontchartrain,1999-07-28,29.76,-89.64694,Gillnet,Sciaenops Ocellatus,Red Drum,1
Pontchartrain,1999-08-11,29.76,-89.64694,Gillnet,Bagre Marinus,Gafftopsail Catfish,1
Pontchartrain,1999-08-17,29.76,-89.64694,Gillnet,Pogonias Cromis,Black Drum,1
Pontchartrain,2000-04-17,29.76,-89.64694,Gillnet,Pogonias Cromis,Black Drum,1
Pontchartrain,2000-04-17,29.76,-89.64694,Gillnet,Sciaenops Ocellatus,Red Drum,1
Pontchartrain,2000-05-02,29.76,-89.64694,Gillnet,Arius Felis,Sea Catfish,1
Pontchartrain,2000-05-24,29.76,-89.64694,Gillnet,Sciaenops Ocellatus,Red Drum,1
Pontchartrain,2000-07-26,29.76,-89.64694,Gillnet,Carcharhinus Leucas,Bull Shark,1
Pontchartrain,2000-09-05,29.76,-89.64694,Gillnet,Pogonias Cromis,Black Drum,1
Pontchartrain,2000-09-18,29.76,-89.64694,Gillnet,Mugil Cephalus,Striped Mullet,4
Pontchartrain,2001-02-14,29.76,-89.64694,Gillnet,Archosargus Probatocephalus,Sheepshead,1
Pontchartrain,2001-04-12,29.76,-89.64694,Gillnet,Pogonias Cromis,Black Drum,1
Pontchartrain,2001-05-08,29.76,-89.64694,Gillnet,Bagre Marinus,Gafftopsail Catfish,4
Pontchartrain,2001-06-26,29.76,-89.64694,Gillnet,Sciaenops Ocellatus,Red Drum,1
Pontchartrain,2001-07-09,29.76,-89.64694,Gillnet,Sciaenops Ocellatus,Red Drum,1
Pontchartrain,2001-08-13,29.76,-89.64694,Gillnet,Archosargus Probatocephalus,Sheepshead,1
Pontchartrain,2001-08-28,29.76,-89.64694,Gillnet,Bagre Marinus,Gafftopsail Catfish,1
Pontchartrain,2001-10-01,29.76,-89.64694,Gillnet,Archosargus Probatocephalus,Sheepshead,1
Pontchartrain,2002-01-08,29.76,-89.64694,Gillnet,Lepisosteus Oculatus,Spotted Gar,1
Pontchartrain,2002-01-08,29.76,-89.64694,Gillnet,Sciaenops Ocellatus,Red Drum,4
Pontchartrain,2002-04-03,29.76,-89.64694,Gillnet,Arius Felis,Sea Catfish,1
Pontchartrain,2002-05-08,29.76,-89.64694,Gillnet,Arius Felis,Sea Catfish,1
Pontchartrain,2002-05-08,29.76,-89.64694,Gillnet,Pogonias Cromis,Black Drum,4
Pontchartrain,2002-05-22,29.76,-89.64694,Gillnet,Arius Felis,Sea Catfish,5
Pontchartrain,2002-06-05,29.76,-89.64694,Gillnet,Pogonias Cromis,Black Drum,4
Pontchartrain,2002-07-11,29.76,-89.64694,Gillnet,Bagre Marinus,Gafftopsail Catfish,1
Pontchartrain,2002-08-07,29.76,-89.64694,Gillnet,Bagre Marinus,Gafftopsail Catfish,1
Pontchartrain,2002-10-15,29.76,-89.64694,Gillnet,Pogonias Cromis,Black Drum,1
Pontchartrain,2002-11-12,29.76,-89.64694,Gillnet,Callinectes Sapidus,Blue Crab,1
Pontchartrain,2002-12-09,29.76,-89.64694,Gillnet,Cynoscion Nebulosus,Spotted Seatrout,9
Pontchartrain,2002-12-09,29.76,-89.64694,Gillnet,Dorosoma Cepedianum,Gizzard Shad,1
Pontchartrain,2003-01-07,29.76,-89.64694,Gillnet,Archosargus Probatocephalus,Sheepshead,1
Pontchartrain,2003-04-21,29.76,-89.64694,Gillnet,Bagre Marinus,Gafftopsail Catfish,4
Pontchartrain,2003-05-06,29.76,-89.64694,Gillnet,Bagre Marinus,Gafftopsail Catfish,1
Pontchartrain,2003-06-04,29.76,-89.64694,Gillnet,Arius Felis,Sea Catfish,1
Pontchartrain,2003-06-24,29.76,-89.64694,Gillnet,Bagre Marinus,Gafftopsail Catfish,1
Pontchartrain,2003-08-11,29.76,-89.64694,Gillnet,Bagre Marinus,Gafftopsail Catfish,1
Pontchartrain,2003-08-11,29.76,-89.64694,Gillnet,Callinectes Sapidus,Blue Crab,1
Pontchartrain,2003-09-23,29.76,-89.64694,Gillnet,Arius Felis,Sea Catfish,1
Pontchartrain,2004-01-12,29.76,-89.64694,Gillnet,Archosargus Probatocephalus,Sheepshead,1
Pontchartrain,2004-02-12,29.76,-89.64694,Gillnet,Archosargus Probatocephalus,Sheepshead,4
Pontchartrain,2004-04-02,29.76,-89.64694,Gillnet,Arius Felis,Sea Catfish,1
Pontchartrain,2004-04-02,29.76,-89.64694,Gillnet,Caranx Hippos,Crevalle Jack,1
Pontchartrain,2004-04-02,29.76,-89.64694,Gillnet,Cynoscion Nebulosus,Spotted Seatrout,1
Pontchartrain,2004-06-08,29.76,-89.64694,Gillnet,Arius Felis,Sea Catfish,1
Pontchartrain,2004-06-08,29.76,-89.64694,Gillnet,Sciaenops Ocellatus,Red Drum,16
Pontchartrain,2004-07-13,29.76,-89.64694,Gillnet,Sciaenops Ocellatus,Red Drum,9
Pontchartrain,2004-07-27,29.76,-89.64694,Gillnet,Sciaenops Ocellatus,Red Drum,1
Pontchartrain,2004-08-03,29.76,-89.64694,Gillnet,Bagre Marinus,Gafftopsail Catfish,1
Pontchartrain,2004-11-10,29.76,-89.64694,Gillnet,Arius Felis,Sea Catfish,1
Pontchartrain,2004-11-10,29.76,-89.64694,Gillnet,Cynoscion Nebulosus,Spotted Seatrout,1
Pontchartrain,2004-11-10,29.76,-89.64694,Gillnet,Pogonias Cromis,Black Drum,1
Pontchartrain,2005-01-11,29.76,-89.64694,Gillnet,Pogonias Cromis,Black Drum,16
Pontchartrain,2005-02-11,29.76,-89.64694,Gillnet,Lepisosteus Oculatus,Spotted Gar,3
Pontchartrain,2005-02-11,29.76,-89.64694,Gillnet,Micropterus Salmoides,Largemouth Bass,1
Pontchartrain,2005-04-08,29.76,-89.64694,Gillnet,Dorosoma Cepedianum,Gizzard Shad,1
Pontchartrain,2005-04-08,29.76,-89.64694,Gillnet,Pogonias Cromis,Black Drum,16
Pontchartrain,2005-05-05,29.76,-89.64694,Gillnet,Arius Felis,Sea Catfish,2
Pontchartrain,2005-05-19,29.76,-89.64694,Gillnet,Pogonias Cromis,Black Drum,1
Pontchartrain,2005-07-28,29.76,-89.64694,Gillnet,Pogonias Cromis,Black Drum,1
Pontchartrain,2005-07-28,29.76,-89.64694,Gillnet,Sciaenops Ocellatus,Red Drum,1
Pontchartrain,2005-08-10,29.76,-89.64694,Gillnet,Sciaenops Ocellatus,Red Drum,1
Pontchartrain,2005-08-23,29.76,-89.64694,Gillnet,Elops Saurus,Ladyfish,1
Pontchartrain,2005-10-13,29.76,-89.64694,Gillnet,Callinectes Sapidus,Blue Crab,4
Pontchartrain,2005-10-13,29.76,-89.64694,Gillnet,Cynoscion Nebulosus,Spotted Seatrout,1
Pontchartrain,2005-10-13,29.76,-89.64694,Gillnet,Scomberomorus Maculatus,Spanish Mackerel,1
Pontchartrain,2006-01-19,29.76,-89.64694,Gillnet,Archosargus Probatocephalus,Sheepshead,1
Pontchartrain,2006-01-19,29.76,-89.64694,Gillnet,Morone Chrysops,White Bass,1
Pontchartrain,2006-03-09,29.76,-89.64694,Gillnet,Arius Felis,Sea Catfish,1
Pontchartrain,2006-03-09,29.76,-89.64694,Gillnet,Callinectes Sapidus,Blue Crab,1
Pontchartrain,2006-04-10,29.76,-89.64694,Gillnet,Bagre Marinus,Gafftopsail Catfish,1
Pontchartrain,2006-04-10,29.76,-89.64694,Gillnet,Cynoscion Nebulosus,Spotted Seatrout,1
Pontchartrain,2006-04-28,29.76,-89.64694,Gillnet,Bagre Marinus,Gafftopsail Catfish,1
Pontchartrain,2006-05-11,29.76,-89.64694,Gillnet,Arius Felis,Sea Catfish,1
Pontchartrain,2006-05-11,29.76,-89.64694,Gillnet,Cynoscion Nebulosus,Spotted Seatrout,1
Pontchartrain,2006-05-30,29.76,-89.64694,Gillnet,Callinectes Sapidus,Blue Crab,4
Pontchartrain,2006-07-27,29.76,-89.64694,Gillnet,Bagre Marinus,Gafftopsail Catfish,1
Pontchartrain,2006-07-27,29.76,-89.64694,Gillnet,Callinectes Sapidus,Blue Crab,4
Pontchartrain,2006-08-02,29.76,-89.64694,Gillnet,Elops Saurus,Ladyfish,1
Pontchartrain,2006-08-17,29.76,-89.64694,Gillnet,Callinectes Sapidus,Blue Crab,1
Pontchartrain,2006-10-05,29.76,-89.64694,Gillnet,Bagre Marinus,Gafftopsail Catfish,4
Pontchartrain,2007-01-19,29.76,-89.64694,Gillnet,Callinectes Sapidus,Blue Crab,1
Pontchartrain,2007-05-08,29.76,-89.64694,Gillnet,Pogonias Cromis,Black Drum,1
Pontchartrain,2007-06-05,29.76,-89.64694,Gillnet,Bagre Marinus,Gafftopsail Catfish,9
Pontchartrain,2007-06-19,29.76,-89.64694,Gillnet,Pogonias Cromis,Black Drum,4
Pontchartrain,2007-08-14,29.76,-89.64694,Gillnet,Bagre Marinus,Gafftopsail Catfish,1
Pontchartrain,2007-09-18,29.76,-89.64694,Gillnet,Bagre Marinus,Gafftopsail Catfish,1
Pontchartrain,2008-02-11,29.76,-89.64694,Gillnet,Archosargus Probatocephalus,Sheepshead,1
Pontchartrain,2008-02-11,29.76,-89.64694,Gillnet,Brevoortia Patronus,Gulf Menhaden,1
Pontchartrain,2008-04-16,29.76,-89.64694,Gillnet,Arius Felis,Sea Catfish,1
Pontchartrain,2008-05-06,29.76,-89.64694,Gillnet,Bagre Marinus,Gafftopsail Catfish,1
Pontchartrain,2008-05-06,29.76,-89.64694,Gillnet,Pogonias Cromis,Black Drum,1
Pontchartrain,2008-05-20,29.76,-89.64694,Gillnet,Bagre Marinus,Gafftopsail Catfish,4
Pontchartrain,2008-06-04,29.76,-89.64694,Gillnet,Bagre Marinus,Gafftopsail Catfish,4
Pontchartrain,2008-06-16,29.76,-89.64694,Gillnet,Callinectes Sapidus,Blue Crab,1
Pontchartrain,2008-06-16,29.76,-89.64694,Gillnet,Carcharhinus Leucas,Bull Shark,1
Pontchartrain,2008-08-06,29.76,-89.64694,Gillnet,Bagre Marinus,Gafftopsail Catfish,1
Pontchartrain,2008-08-06,29.76,-89.64694,Gillnet,Paralichthys Lethostigma,Southern Flounder,1
Pontchartrain,2008-08-18,29.76,-89.64694,Gillnet,Bagre Marinus,Gafftopsail Catfish,1
Pontchartrain,2008-09-18,29.76,-89.64694,Gillnet,Paralichthys Lethostigma,Southern Flounder,1
Pontchartrain,2008-09-23,29.76,-89.64694,Gillnet,Callinectes Sapidus,Blue Crab,16
Pontchartrain,2008-10-01,29.76,-89.64694,Gillnet,Arius Felis,Sea Catfish,3
Pontchartrain,2008-12-03,29.76,-89.64694,Gillnet,Atractosteus Spatula,Alligator Gar,1
Pontchartrain,2009-06-10,29.76,-89.64694,Gillnet,Bagre Marinus,Gafftopsail Catfish,1
Pontchartrain,2009-07-16,29.76,-89.64694,Gillnet,Callinectes Sapidus,Blue Crab,1
Pontchartrain,2009-09-08,29.76,-89.64694,Gillnet,Cynoscion Arenarius,Sand Seatrout,1
Pontchartrain,2009-09-22,29.76,-89.64694,Gillnet,Bagre Marinus,Gafftopsail Catfish,1
Pontchartrain,2009-09-22,29.76,-89.64694,Gillnet,Cynoscion Arenarius,Sand Seatrout,1
Pontchartrain,2009-09-22,29.76,-89.64694,Gillnet,Cynoscion Nebulosus,Spotted Seatrout,1
Pontchartrain,2010-01-05,29.76,-89.64694,Gillnet,Pogonias Cromis,Black Drum,1
Pontchartrain,2010-03-15,29.76,-89.64694,Gillnet,Atractosteus Spatula,Alligator Gar,1
Pontchartrain,2010-05-10,29.76,-89.64694,Gillnet,Atractosteus Spatula,Alligator Gar,1
Pontchartrain,2010-05-10,29.76,-89.64694,Gillnet,Bagre Marinus,Gafftopsail Catfish,1
Pontchartrain,2010-05-27,29.76,-89.64694,Gillnet,Callinectes Sapidus,Blue Crab,4
Pontchartrain,2010-07-13,29.76,-89.64694,Gillnet,Bagre Marinus,Gafftopsail Catfish,16
Pontchartrain,2010-07-29,29.76,-89.64694,Gillnet,Bagre Marinus,Gafftopsail Catfish,1
Pontchartrain,2010-08-05,29.76,-89.64694,Gillnet,Callinectes Sapidus,Blue Crab,1
Pontchartrain,2010-08-19,29.76,-89.64694,Gillnet,Bagre Marinus,Gafftopsail Catfish,1
Pontchartrain,2010-08-19,29.76,-89.64694,Gillnet,Callinectes Sapidus,Blue Crab,1
Pontchartrain,2011-06-14,29.76,-89.64694,Gillnet,Bagre Marinus,Gafftopsail Catfish,1
Pontchartrain,2011-07-12,29.76,-89.64694,Gillnet,Pogonias Cromis,Black Drum,4
Pontchartrain,2011-08-04,29.76,-89.64694,Gillnet,Atractosteus Spatula,Alligator Gar,1
Pontchartrain,2011-08-04,29.76,-89.64694,Gillnet,Pogonias Cromis,Black Drum,289
Pontchartrain,2011-09-23,29.76,-89.64694,Gillnet,Brevoortia Patronus,Gulf Menhaden,1
Pontchartrain,2011-12-06,29.76,-89.64694,Gillnet,Pogonias Cromis,Black Drum,1
Pontchartrain,2012-03-07,29.76,-89.64694,Gillnet,Atractosteus Spatula,Alligator Gar,1
Pontchartrain,2012-05-01,29.76,-89.64694,Gillnet,Cynoscion Nebulosus,Spotted Seatrout,1
Pontchartrain,2012-06-05,29.76,-89.64694,Gillnet,Arius Felis,Sea Catfish,1
Pontchartrain,2012-06-21,29.76,-89.64694,Gillnet,Bagre Marinus,Gafftopsail Catfish,1
Pontchartrain,2012-07-27,29.76,-89.64694,Gillnet,Callinectes Sapidus,Blue Crab,4
Pontchartrain,2012-07-27,29.76,-89.64694,Gillnet,Elops Saurus,Ladyfish,1
Pontchartrain,2012-08-01,29.76,-89.64694,Gillnet,Arius Felis,Sea Catfish,1
Pontchartrain,2012-08-01,29.76,-89.64694,Gillnet,Carcharhinus Leucas,Bull Shark,1
Pontchartrain,2012-08-01,29.76,-89.64694,Gillnet,Sciaenops Ocellatus,Red Drum,1
Pontchartrain,2012-09-11,29.76,-89.64694,Gillnet,Arius Felis,Sea Catfish,1
Pontchartrain,2012-09-19,29.76,-89.64694,Gillnet,Arius Felis,Sea Catfish,1
Pontchartrain,2012-09-19,29.76,-89.64694,Gillnet,Bagre Marinus,Gafftopsail Catfish,1
Pontchartrain,2012-09-19,29.76,-89.64694,Gillnet,Carcharhinus Leucas,Bull Shark,1
Pontchartrain,2012-10-01,29.76,-89.64694,Gillnet,Arius Felis,Sea Catfish,1
Pontchartrain,2012-11-05,29.76,-89.64694,Gillnet,Callinectes Sapidus,Blue Crab,1
Pontchartrain,2013-02-18,29.76,-89.64694,Gillnet,Archosargus Probatocephalus,Sheepshead,1
Pontchartrain,2013-04-17,29.76,-89.64694,Gillnet,Callinectes Sapidus,Blue Crab,1
Pontchartrain,2013-06-26,29.76,-89.64694,Gillnet,Pogonias Cromis,Black Drum,1
Pontchartrain,2014-06-09,29.76,-89.64694,Gillnet,Pogonias Cromis,Black Drum,4
Pontchartrain,2015-07-02,29.76,-89.64694,Gillnet,Pogonias Cromis,Black Drum,4
Pontchartrain,2016-06-14,29.76,-89.64694,Gillnet,Arius Felis,Sea Catfish,1
Pontchartrain,2016-06-14,29.76,-89.64694,Gillnet,Bagre Marinus,Gafftopsail Catfish,1
Pontchartrain,2016-11-02,29.76,-89.64694,Gillnet,Arius Felis,Sea Catfish,1
Pontchartrain,2016-11-02,29.76,-89.64694,Gillnet,Pogonias Cromis,Black Drum,1
Pontchartrain,2017-04-06,29.76,-89.64694,Gillnet,Brevoortia Patronus,Gulf Menhaden,1
Pontchartrain,2018-09-06,29.76,-89.64694,Gillnet,Dasyatis Sabina,Atlantic Stingray,1
Pontchartrain,1992-08-18,29.62833,-89.595,Gillnet,Arius Felis,Sea Catfish,2
Pontchartrain,1992-08-18,29.62833,-89.595,Gillnet,Cynoscion Nebulosus,Spotted Seatrout,1
Pontchartrain,1993-01-05,29.62833,-89.595,Gillnet,Archosargus Probatocephalus,Sheepshead,1
Pontchartrain,1993-06-08,29.62833,-89.595,Gillnet,Arius Felis,Sea Catfish,1
Pontchartrain,1993-06-08,29.62833,-89.595,Gillnet,Elops Saurus,Ladyfish,2
Pontchartrain,1993-10-05,29.62833,-89.595,Gillnet,Lagodon Rhomboides,Pinfish,1
Pontchartrain,1993-11-16,29.62833,-89.595,Gillnet,Archosargus Probatocephalus,Sheepshead,1
Pontchartrain,1993-12-03,29.62833,-89.595,Gillnet,Mugil Cephalus,Striped Mullet,16
Pontchartrain,1994-01-04,29.62833,-89.595,Gillnet,Mugil Cephalus,Striped Mullet,4
Pontchartrain,1994-10-04,29.62833,-89.595,Gillnet,Mugil Cephalus,Striped Mullet,4
Pontchartrain,1994-11-01,29.62833,-89.595,Gillnet,Peprilus Alepidotus,Harvestfish,1
Pontchartrain,1994-12-05,29.62833,-89.595,Gillnet,Mugil Cephalus,Striped Mullet,1
Pontchartrain,1995-07-06,29.62833,-89.595,Gillnet,Arius Felis,Sea Catfish,3
Pontchartrain,1995-09-19,29.62833,-89.595,Gillnet,Carcharhinus Leucas,Bull Shark,1
Pontchartrain,1995-10-11,29.62833,-89.595,Gillnet,Mugil Cephalus,Striped Mullet,1
Pontchartrain,1995-12-21,29.62833,-89.595,Gillnet,Archosargus Probatocephalus,Sheepshead,1
Pontchartrain,1996-04-02,29.62833,-89.595,Gillnet,Arius Felis,Sea Catfish,1
Pontchartrain,1996-04-02,29.62833,-89.595,Gillnet,Mugil Cephalus,Striped Mullet,1
Pontchartrain,1996-04-17,29.62833,-89.595,Gillnet,Mugil Cephalus,Striped Mullet,1
Pontchartrain,1996-05-14,29.62833,-89.595,Gillnet,Arius Felis,Sea Catfish,2
Pontchartrain,1996-06-04,29.62833,-89.595,Gillnet,Arius Felis,Sea Catfish,1
Pontchartrain,1996-07-16,29.62833,-89.595,Gillnet,Arius Felis,Sea Catfish,2
Pontchartrain,1996-09-04,29.62833,-89.595,Gillnet,Carcharhinus Limbatus,Blacktip Shark,1
Pontchartrain,1997-08-20,29.62833,-89.595,Gillnet,Carcharhinus Limbatus,Blacktip Shark,1
Pontchartrain,1998-01-09,29.62833,-89.595,Gillnet,Mugil Cephalus,Striped Mullet,36
Pontchartrain,1998-02-05,29.62833,-89.595,Gillnet,Mugil Cephalus,Striped Mullet,576
Pontchartrain,1998-03-03,29.62833,-89.595,Gillnet,Mugil Cephalus,Striped Mullet,1156
Pontchartrain,1998-11-17,29.62833,-89.595,Gillnet,Mugil Cephalus,Striped Mullet,4
Pontchartrain,1999-02-02,29.62833,-89.595,Gillnet,Mugil Cephalus,Striped Mullet,1
Pontchartrain,1999-05-26,29.62833,-89.595,Gillnet,Bagre Marinus,Gafftopsail Catfish,1
Pontchartrain,1999-08-03,29.62833,-89.595,Gillnet,Arius Felis,Sea Catfish,1
Pontchartrain,1999-11-01,29.62833,-89.595,Gillnet,Mugil Cephalus,Striped Mullet,1
Pontchartrain,1999-12-17,29.62833,-89.595,Gillnet,Archosargus Probatocephalus,Sheepshead,1
Pontchartrain,2000-01-12,29.62833,-89.595,Gillnet,Mugil Cephalus,Striped Mullet,16
Pontchartrain,2000-02-03,29.62833,-89.595,Gillnet,Mugil Cephalus,Striped Mullet,225
Pontchartrain,2000-03-09,29.62833,-89.595,Gillnet,Cynoscion Nebulosus,Spotted Seatrout,1
Pontchartrain,2000-04-06,29.62833,-89.595,Gillnet,Cynoscion Nebulosus,Spotted Seatrout,16
Pontchartrain,2000-04-06,29.62833,-89.595,Gillnet,Mugil Cephalus,Striped Mullet,16
Pontchartrain,2000-04-26,29.62833,-89.595,Gillnet,Arius Felis,Sea Catfish,2
Pontchartrain,2000-05-02,29.62833,-89.595,Gillnet,Brevoortia Patronus,Gulf Menhaden,1
Pontchartrain,2000-07-07,29.62833,-89.595,Gillnet,Callinectes Sapidus,Blue Crab,1
Pontchartrain,2000-11-01,29.62833,-89.595,Gillnet,Mugil Cephalus,Striped Mullet,9
Pontchartrain,2000-12-14,29.62833,-89.595,Gillnet,Mugil Cephalus,Striped Mullet,4
Pontchartrain,2001-02-14,29.62833,-89.595,Gillnet,Mugil Cephalus,Striped Mullet,1
Pontchartrain,2001-04-26,29.62833,-89.595,Gillnet,Brevoortia Patronus,Gulf Menhaden,4
Pontchartrain,2001-05-02,29.62833,-89.595,Gillnet,Arius Felis,Sea Catfish,1
Pontchartrain,2001-11-01,29.62833,-89.595,Gillnet,Archosargus Probatocephalus,Sheepshead,1
Pontchartrain,2002-04-01,29.62833,-89.595,Gillnet,Bagre Marinus,Gafftopsail Catfish,1
Pontchartrain,2002-05-06,29.62833,-89.595,Gillnet,Arius Felis,Sea Catfish,2
Pontchartrain,2002-07-23,29.62833,-89.595,Gillnet,Micropogonias Undulatus,Atlantic Croaker,1
Pontchartrain,2002-10-14,29.62833,-89.595,Gillnet,Mugil Cephalus,Striped Mullet,1
Pontchartrain,2002-11-15,29.62833,-89.595,Gillnet,Mugil Cephalus,Striped Mullet,1
Pontchartrain,2002-12-02,29.62833,-89.595,Gillnet,Mugil Cephalus,Striped Mullet,1
Pontchartrain,2003-05-01,29.62833,-89.595,Gillnet,Cynoscion Nebulosus,Spotted Seatrout,1
Pontchartrain,2003-06-04,29.62833,-89.595,Gillnet,Cynoscion Nebulosus,Spotted Seatrout,1
Pontchartrain,2003-06-17,29.62833,-89.595,Gillnet,Arius Felis,Sea Catfish,1
Pontchartrain,2003-09-05,29.62833,-89.595,Gillnet,Callinectes Sapidus,Blue Crab,1
Pontchartrain,2004-03-17,29.62833,-89.595,Gillnet,Menticirrhus Americanus,Southern Kingfish,1
Pontchartrain,2004-05-19,29.62833,-89.595,Gillnet,Arius Felis,Sea Catfish,1
Pontchartrain,2004-06-09,29.62833,-89.595,Gillnet,Arius Felis,Sea Catfish,1
Pontchartrain,2004-06-09,29.62833,-89.595,Gillnet,Bagre Marinus,Gafftopsail Catfish,1
Pontchartrain,2004-07-14,29.62833,-89.595,Gillnet,Menticirrhus Americanus,Southern Kingfish,1
Pontchartrain,2004-11-29,29.62833,-89.595,Gillnet,Callinectes Sapidus,Blue Crab,1
Pontchartrain,2004-11-29,29.62833,-89.595,Gillnet,Mugil Cephalus,Striped Mullet,1
Pontchartrain,2005-01-11,29.62833,-89.595,Gillnet,Cynoscion Nebulosus,Spotted Seatrout,1
Pontchartrain,2005-05-18,29.62833,-89.595,Gillnet,Arius Felis,Sea Catfish,1
Pontchartrain,2005-07-12,29.62833,-89.595,Gillnet,Arius Felis,Sea Catfish,4
Pontchartrain,2005-12-20,29.62833,-89.595,Gillnet,Mugil Cephalus,Striped Mullet,16
Pontchartrain,2006-05-02,29.62833,-89.595,Gillnet,Bagre Marinus,Gafftopsail Catfish,1
Pontchartrain,2006-06-07,29.62833,-89.595,Gillnet,Arius Felis,Sea Catfish,5
Pontchartrain,2006-06-23,29.62833,-89.595,Gillnet,Callinectes Sapidus,Blue Crab,4
Pontchartrain,2006-09-27,29.62833,-89.595,Gillnet,Pogonias Cromis,Black Drum,1
Pontchartrain,2006-12-22,29.62833,-89.595,Gillnet,Archosargus Probatocephalus,Sheepshead,1
Pontchartrain,2007-01-09,29.62833,-89.595,Gillnet,Sciaenops Ocellatus,Red Drum,1
Pontchartrain,2007-08-01,29.62833,-89.595,Gillnet,Bagre Marinus,Gafftopsail Catfish,1
Pontchartrain,2007-09-26,29.62833,-89.595,Gillnet,Archosargus Probatocephalus,Sheepshead,1
Pontchartrain,2008-06-16,29.62833,-89.595,Gillnet,Archosargus Probatocephalus,Sheepshead,1
Pontchartrain,2008-11-19,29.62833,-89.595,Gillnet,Pogonias Cromis,Black Drum,1
Pontchartrain,2008-12-09,29.62833,-89.595,Gillnet,Cynoscion Nebulosus,Spotted Seatrout,1
Pontchartrain,2009-06-02,29.62833,-89.595,Gillnet,Arius Felis,Sea Catfish,1
Pontchartrain,2009-10-08,29.62833,-89.595,Gillnet,Cynoscion Nebulosus,Spotted Seatrout,1
Pontchartrain,2010-06-14,29.62833,-89.595,Gillnet,Callinectes Sapidus,Blue Crab,1
Pontchartrain,2010-08-23,29.62833,-89.595,Gillnet,Arius Felis,Sea Catfish,2
Pontchartrain,2010-09-09,29.62833,-89.595,Gillnet,Arius Felis,Sea Catfish,1
Pontchartrain,2010-10-11,29.62833,-89.595,Gillnet,Archosargus Probatocephalus,Sheepshead,1
Pontchartrain,2010-10-11,29.62833,-89.595,Gillnet,Penaeus Setiferus,White Shrimp,1
Pontchartrain,2011-03-29,29.62833,-89.595,Gillnet,Arius Felis,Sea Catfish,1
Pontchartrain,2011-03-29,29.62833,-89.595,Gillnet,Cynoscion Nebulosus,Spotted Seatrout,1
Pontchartrain,2011-04-12,29.62833,-89.595,Gillnet,Arius Felis,Sea Catfish,1
Pontchartrain,2011-04-12,29.62833,-89.595,Gillnet,Sciaenops Ocellatus,Red Drum,1
Pontchartrain,2011-04-21,29.62833,-89.595,Gillnet,Arius Felis,Sea Catfish,9
Pontchartrain,2011-05-11,29.62833,-89.595,Gillnet,Arius Felis,Sea Catfish,5
Pontchartrain,2011-05-11,29.62833,-89.595,Gillnet,Cynoscion Nebulosus,Spotted Seatrout,9
Pontchartrain,2011-05-11,29.62833,-89.595,Gillnet,Penaeus Setiferus,White Shrimp,1
Pontchartrain,2011-06-08,29.62833,-89.595,Gillnet,Arius Felis,Sea Catfish,2
Pontchartrain,2011-06-23,29.62833,-89.595,Gillnet,Pogonias Cromis,Black Drum,9
Pontchartrain,2011-07-07,29.62833,-89.595,Gillnet,Callinectes Sapidus,Blue Crab,36
Pontchartrain,2011-07-07,29.62833,-89.595,Gillnet,Paralichthys Lethostigma,Southern Flounder,4
Pontchartrain,2011-07-07,29.62833,-89.595,Gillnet,Pogonias Cromis,Black Drum,4
Pontchartrain,2011-08-09,29.62833,-89.595,Gillnet,Carcharhinus Leucas,Bull Shark,1
Pontchartrain,2011-08-25,29.62833,-89.595,Gillnet,Pogonias Cromis,Black Drum,1
Pontchartrain,2011-09-27,29.62833,-89.595,Gillnet,Archosargus Probatocephalus,Sheepshead,1
Pontchartrain,2011-09-27,29.62833,-89.595,Gillnet,Arius Felis,Sea Catfish,17
Pontchartrain,2011-09-27,29.62833,-89.595,Gillnet,Pogonias Cromis,Black Drum,16
Pontchartrain,2011-10-06,29.62833,-89.595,Gillnet,Arius Felis,Sea Catfish,6
Pontchartrain,2011-11-16,29.62833,-89.595,Gillnet,Pogonias Cromis,Black Drum,1
Pontchartrain,2011-12-08,29.62833,-89.595,Gillnet,Mugil Cephalus,Striped Mullet,1
Pontchartrain,2011-12-08,29.62833,-89.595,Gillnet,Pogonias Cromis,Black Drum,9
Pontchartrain,2012-02-08,29.62833,-89.595,Gillnet,Mugil Cephalus,Striped Mullet,1
Pontchartrain,2012-02-08,29.62833,-89.595,Gillnet,Pogonias Cromis,Black Drum,9
Pontchartrain,2012-02-14,29.62833,-89.595,Gillnet,Cynoscion Nebulosus,Spotted Seatrout,1
Pontchartrain,2012-02-14,29.62833,-89.595,Gillnet,Leiostomus Xanthurus,Spot,9
Pontchartrain,2012-02-14,29.62833,-89.595,Gillnet,Micropogonias Undulatus,Atlantic Croaker,1
Pontchartrain,2012-03-26,29.62833,-89.595,Gillnet,Arius Felis,Sea Catfish,1
Pontchartrain,2012-03-26,29.62833,-89.595,Gillnet,Cynoscion Nebulosus,Spotted Seatrout,1
Pontchartrain,2012-04-11,29.62833,-89.595,Gillnet,Arius Felis,Sea Catfish,1
Pontchartrain,2012-04-11,29.62833,-89.595,Gillnet,Pogonias Cromis,Black Drum,1
Pontchartrain,2012-04-24,29.62833,-89.595,Gillnet,Arius Felis,Sea Catfish,4
Pontchartrain,2012-05-10,29.62833,-89.595,Gillnet,Archosargus Probatocephalus,Sheepshead,1
Pontchartrain,2012-05-10,29.62833,-89.595,Gillnet,Arius Felis,Sea Catfish,1
Pontchartrain,2012-06-07,29.62833,-89.595,Gillnet,Arius Felis,Sea Catfish,2
Pontchartrain,2012-06-29,29.62833,-89.595,Gillnet,Callinectes Sapidus,Blue Crab,1
Pontchartrain,2012-07-12,29.62833,-89.595,Gillnet,Arius Felis,Sea Catfish,2
Pontchartrain,2012-07-12,29.62833,-89.595,Gillnet,Pogonias Cromis,Black Drum,1
Pontchartrain,2012-08-07,29.62833,-89.595,Gillnet,Arius Felis,Sea Catfish,2
Pontchartrain,2012-08-07,29.62833,-89.595,Gillnet,Rhinoptera Bonasus,Cownose Ray,4
Pontchartrain,2012-08-22,29.62833,-89.595,Gillnet,Arius Felis,Sea Catfish,3
Pontchartrain,2012-08-22,29.62833,-89.595,Gillnet,Bagre Marinus,Gafftopsail Catfish,4
Pontchartrain,2012-08-22,29.62833,-89.595,Gillnet,Elops Saurus,Ladyfish,1
Pontchartrain,2012-08-22,29.62833,-89.595,Gillnet,Rhinoptera Bonasus,Cownose Ray,1
Pontchartrain,2012-09-13,29.62833,-89.595,Gillnet,Arius Felis,Sea Catfish,2
Pontchartrain,2012-09-13,29.62833,-89.595,Gillnet,Micropogonias Undulatus,Atlantic Croaker,1
Pontchartrain,2012-10-16,29.62833,-89.595,Gillnet,Arius Felis,Sea Catfish,1
Pontchartrain,2012-10-16,29.62833,-89.595,Gillnet,Paralichthys Lethostigma,Southern Flounder,1
Pontchartrain,2012-11-08,29.62833,-89.595,Gillnet,Arius Felis,Sea Catfish,1
Pontchartrain,2012-11-08,29.62833,-89.595,Gillnet,Pogonias Cromis,Black Drum,9
Pontchartrain,2012-11-08,29.62833,-89.595,Gillnet,Sciaenops Ocellatus,Red Drum,4
Pontchartrain,2013-01-28,29.62833,-89.595,Gillnet,Archosargus Probatocephalus,Sheepshead,1
Pontchartrain,2013-01-28,29.62833,-89.595,Gillnet,Cynoscion Nebulosus,Spotted Seatrout,1
Pontchartrain,2013-02-28,29.62833,-89.595,Gillnet,Sciaenops Ocellatus,Red Drum,1
Pontchartrain,2013-03-26,29.62833,-89.595,Gillnet,Pogonias Cromis,Black Drum,1
Pontchartrain,2013-06-18,29.62833,-89.595,Gillnet,Cynoscion Nebulosus,Spotted Seatrout,1
Pontchartrain,2013-06-18,29.62833,-89.595,Gillnet,Pogonias Cromis,Black Drum,1
Pontchartrain,2013-07-19,29.62833,-89.595,Gillnet,Bagre Marinus,Gafftopsail Catfish,1
Pontchartrain,2013-08-02,29.62833,-89.595,Gillnet,Arius Felis,Sea Catfish,5
Pontchartrain,2013-08-22,29.62833,-89.595,Gillnet,Arius Felis,Sea Catfish,1
Pontchartrain,2013-08-22,29.62833,-89.595,Gillnet,Callinectes Sapidus,Blue Crab,1
Pontchartrain,2014-04-07,29.62833,-89.595,Gillnet,Arius Felis,Sea Catfish,3
Pontchartrain,2014-05-20,29.62833,-89.595,Gillnet,Archosargus Probatocephalus,Sheepshead,1
Pontchartrain,2014-06-04,29.62833,-89.595,Gillnet,Arius Felis,Sea Catfish,5
Pontchartrain,2014-06-30,29.62833,-89.595,Gillnet,Arius Felis,Sea Catfish,2
Pontchartrain,2014-07-11,29.62833,-89.595,Gillnet,Arius Felis,Sea Catfish,6
Pontchartrain,2014-07-21,29.62833,-89.595,Gillnet,Arius Felis,Sea Catfish,1
Pontchartrain,2014-07-21,29.62833,-89.595,Gillnet,Pogonias Cromis,Black Drum,4
Pontchartrain,2014-08-26,29.62833,-89.595,Gillnet,Arius Felis,Sea Catfish,1
Pontchartrain,2014-10-10,29.62833,-89.595,Gillnet,Arius Felis,Sea Catfish,5
Pontchartrain,2015-04-08,29.62833,-89.595,Gillnet,Arius Felis,Sea Catfish,2
Pontchartrain,2015-06-25,29.62833,-89.595,Gillnet,Arius Felis,Sea Catfish,4
Pontchartrain,2015-07-22,29.62833,-89.595,Gillnet,Arius Felis,Sea Catfish,5
Pontchartrain,2015-08-05,29.62833,-89.595,Gillnet,Arius Felis,Sea Catfish,1
Pontchartrain,2015-08-05,29.62833,-89.595,Gillnet,Callinectes Sapidus,Blue Crab,1
Pontchartrain,2015-08-19,29.62833,-89.595,Gillnet,Arius Felis,Sea Catfish,2
Pontchartrain,2015-08-19,29.62833,-89.595,Gillnet,Pogonias Cromis,Black Drum,4
Pontchartrain,2015-10-15,29.62833,-89.595,Gillnet,Archosargus Probatocephalus,Sheepshead,1
Pontchartrain,2015-10-15,29.62833,-89.595,Gillnet,Arius Felis,Sea Catfish,2
Pontchartrain,2015-11-19,29.62833,-89.595,Gillnet,Arius Felis,Sea Catfish,1
Pontchartrain,2015-11-19,29.62833,-89.595,Gillnet,Callinectes Sapidus,Blue Crab,1
Pontchartrain,2016-01-25,29.62833,-89.595,Gillnet,Alosa Chrysochloris,Skipjack Herring,1
Pontchartrain,2016-02-18,29.62833,-89.595,Gillnet,Sciaenops Ocellatus,Red Drum,1
Pontchartrain,2016-04-20,29.62833,-89.595,Gillnet,Arius Felis,Sea Catfish,5
Pontchartrain,2016-05-03,29.62833,-89.595,Gillnet,Arius Felis,Sea Catfish,4
Pontchartrain,2016-09-21,29.62833,-89.595,Gillnet,Arius Felis,Sea Catfish,2
Pontchartrain,2017-03-21,29.62833,-89.595,Gillnet,Arius Felis,Sea Catfish,2
Pontchartrain,2017-06-01,29.62833,-89.595,Gillnet,Arius Felis,Sea Catfish,1
Pontchartrain,2017-08-21,29.62833,-89.595,Gillnet,Arius Felis,Sea Catfish,1
Pontchartrain,2017-08-21,29.62833,-89.595,Gillnet,Cynoscion Nebulosus,Spotted Seatrout,1
Pontchartrain,2017-10-24,29.62833,-89.595,Gillnet,Archosargus Probatocephalus,Sheepshead,1
Pontchartrain,2017-10-24,29.62833,-89.595,Gillnet,Arius Felis,Sea Catfish,8
Pontchartrain,2017-11-01,29.62833,-89.595,Gillnet,Arius Felis,Sea Catfish,9
Pontchartrain,2017-11-01,29.62833,-89.595,Gillnet,Pogonias Cromis,Black Drum,9
Pontchartrain,2017-11-01,29.62833,-89.595,Gillnet,Sciaenops Ocellatus,Red Drum,1
Pontchartrain,2018-04-12,29.62833,-89.595,Gillnet,Archosargus Probatocephalus,Sheepshead,1
Pontchartrain,2018-05-23,29.62833,-89.595,Gillnet,Arius Felis,Sea Catfish,1
Pontchartrain,2018-05-23,29.62833,-89.595,Gillnet,Callinectes Sapidus,Blue Crab,1
Pontchartrain,2018-06-21,29.62833,-89.595,Gillnet,Callinectes Sapidus,Blue Crab,9
Pontchartrain,2018-07-10,29.62833,-89.595,Gillnet,Arius Felis,Sea Catfish,1
Pontchartrain,2018-07-19,29.62833,-89.595,Gillnet,Arius Felis,Sea Catfish,1
Pontchartrain,2018-08-14,29.62833,-89.595,Gillnet,Arius Felis,Sea Catfish,1
Pontchartrain,2018-09-18,29.62833,-89.595,Gillnet,Arius Felis,Sea Catfish,6
Pontchartrain,2019-03-20,29.62833,-89.595,Gillnet,Arius Felis,Sea Catfish,1
Pontchartrain,2019-04-03,29.62833,-89.595,Gillnet,Arius Felis,Sea Catfish,1
